"forecast.date","ensembles","tmp2m","dlwrfsfc","dswrfsfc","pratesfc","rh2m","vgrd10m","ugrd10m","spfh2m","pressfc"
2018-09-19 20:00:00,1,294.1,9.999e+20,9.999e+20,9.999e+20,77.3,0.58,0.51,0.0124699995,96373.125
2018-09-20 02:00:00,1,290.80002,369,0,0,94.4,-1.31,-0.44,0.0123499995,96564.49
2018-09-20 08:00:00,1,292,357,6,0,93.6,-0.95,-0.45999998,0.01316,96790.336
2018-09-20 14:00:00,1,299.2,378,580,9e-05,78.9,1.76,-0.61,0.01729,96862.62
2018-09-20 20:00:00,1,294.1,385,377,8.2e-05,96.8,1.3299999,-1.27,0.015509999,96842.39
2018-09-21 02:00:00,1,292.9,377,0,2.5e-05,99.4,1.43,-0.51,0.01474,96982.12
2018-09-21 08:00:00,1,293.30002,410,2,4.2e-05,98.6,1.48,0.32,0.01502,96962.016
2018-09-21 14:00:00,1,300.5,397,485,3e-06,62.100002,3.06,0.35999998,0.01468,96831.77
2018-09-21 20:00:00,1,295.2,387,374,1e-06,89.700005,2.5,0.11,0.01545,96709.64
2018-09-22 02:00:00,1,292.6,367,0,0,99,1.1999999,1.8299999,0.014459999,96735.9
2018-09-22 08:00:00,1,291.5,355,6,0,96.3,-0.81,1.5699999,0.01311,96716.4
2018-09-22 14:00:00,1,303.9,378,568,2e-06,51.3,0.82,-0.44,0.014839999,96613.69
2018-09-22 20:00:00,1,293.2,389,361,0.00027,92.700005,0.59999996,-1.26,0.014049999,96603.48
2018-09-23 02:00:00,1,289.9,366,0,4.1e-05,98.200005,0.78999996,-0.04,0.012159999,96606.94
2018-09-23 08:00:00,1,292.5,365,4,1e-06,98.5,0.89,-0.75,0.0143,96710.24
2018-09-23 14:00:00,1,291.30002,401,156,0.00016,97,-0.74,-3.3999999,0.0130199995,96866.586
2018-09-23 20:00:00,1,287,387,35,7.6e-05,97.8,-1.8399999,-1.99,0.00995,97099.23
2018-09-24 02:00:00,1,287.30002,380,0,5.4e-05,98,-1.22,-2.1499999,0.01014,97181.31
2018-09-24 08:00:00,1,286.1,377,1,4.8e-05,98.200005,-1.18,-2.04,0.00943,97346.375
2018-09-24 14:00:00,1,287.5,379,32,0.000159,98.4,-1.22,-1.63,0.010319999,97411.65
2018-09-24 20:00:00,1,289.5,389,53,5.8999998e-05,98.700005,-0.84,-1.36,0.011779999,97362.89
2018-09-25 02:00:00,1,290.5,397,0,8.5e-05,99.4,-0.21,-1.5799999,0.01265,97226.914
2018-09-25 08:00:00,1,291,402,0,6.9e-05,99.200005,0.59999996,-1.35,0.01304,97179.125
2018-09-25 14:00:00,1,294.9,407,126,3.1e-05,92.4,1,-1.17,0.01552,97069.68
2018-09-25 20:00:00,1,293.6,389,310,8e-06,96.6,1.42,-0.95,0.01502,96886.875
2018-09-26 02:00:00,1,293.4,413,0,3.2e-05,98.9,1.3299999,-0.28,0.01523,96682.52
2018-09-26 08:00:00,1,293.4,410,1,3.1e-05,99.200005,1.65,0.31,0.015319999,96573.805
2018-09-26 14:00:00,1,300.5,403,438,3.5e-05,63.8,2.1699998,2.01,0.01512,96359.086
2018-09-26 20:00:00,1,294.4,395,313,0.000223,96.3,0.91999996,1.36,0.01585,96345.63
2018-09-27 02:00:00,1,293.30002,396,0,0.000228,98.3,1.02,1.27,0.01504,96315.79
2018-09-27 08:00:00,1,292.30002,392,3,0.00017,98.4,0.06,1.63,0.014149999,96423.02
2018-09-27 14:00:00,1,297.6,383,413,1.2e-05,62.3,-2.46,1.75,0.01239,96544.65
2018-09-27 20:00:00,1,291.5,370,272,0,74.200005,-1.61,1.24,0.01016,96638.81
2018-09-28 02:00:00,1,287.37,330,0,0,89.700005,-1.5899999,-0.11,0.0094099995,96918.375
2018-09-28 08:00:00,1,289,359,2,6e-06,91.700005,-0.61,-1.2099999,0.01065,96989.61
2018-09-28 14:00:00,1,293.30002,382,270,7e-06,70.8,1.15,-1.43,0.01074,96866.27
2018-09-28 20:00:00,1,290,389,130,2e-05,93.1,0.65999997,-0.47,0.01156,96677.086
2018-09-29 02:00:00,1,289.30002,372,0,3.3e-05,97.4,0.95,0.85999995,0.011589999,96434.05
2018-09-29 08:00:00,1,286.1,360,4,1.5e-05,93.4,-1.78,2.11,0.00906,96490.71
2018-09-29 14:00:00,1,290.30002,292,578,0,41.600002,-3.29,2.76,0.00526,96646.664
2018-09-29 20:00:00,1,284.2,281,371,0,68.3,-1.9399999,1.27,0.00579,96779.05
2018-09-30 02:00:00,1,279.2,263,0,0,90.4,-1.41,1.0699999,0.00544,96839.04
2018-09-30 08:00:00,1,278,259,4,0,91,-1.39,0.63,0.00505,96851.76
2018-09-30 14:00:00,1,292.2,277,577,0,46,0.59,-0.5,0.0065599997,96690.484
2018-09-30 20:00:00,1,283.5,296,357,0,83.5,1.49,-1.02,0.00678,96488.74
2018-10-01 02:00:00,1,279.9,283,0,0,96.3,1.17,0.5,0.00615,96536.06
2018-10-01 08:00:00,1,279.7,278,4,0,97.1,0.37,0.59,0.0060699997,96498.85
2018-10-01 14:00:00,1,291.9,304,523,0,55.600002,2.07,-0.089999996,0.00782,96377.76
2018-10-01 20:00:00,1,286.7,348,220,1e-06,86.5,1.5899999,-0.72999996,0.00875,96247.02
2018-10-02 02:00:00,1,283,304,0,0,97.1,0.96,1.16,0.0076599997,96292.49
2018-10-02 08:00:00,1,282.30002,295,4,0,97.1,0.35999998,1.14,0.00728,96336.77
2018-10-02 14:00:00,1,295.2,312,550,0,51.2,2,1.16,0.00887,96200.02
2018-10-02 20:00:00,1,288.30002,329,342,0,90.700005,2.04,0.45,0.01012,96116.83
2018-10-03 02:00:00,1,285,308,0,0,97.200005,0.08,1.9599999,0.00875,96264.734
2018-10-03 08:00:00,1,284.6,304,4,0,91.8,-0.79999995,1.73,0.00803,96455.055
2018-10-03 14:00:00,1,298.30002,329,550,0,49.3,-1.67,0.049999997,0.01023,96614.12
2018-10-03 20:00:00,1,289.6,343,338,0,86.5,0.98999995,-1.66,0.01048,96827.43
2018-10-04 02:00:00,1,285.4,323,0,0,97.700005,0.28,-1.12,0.00897,97081.06
2018-10-04 08:00:00,1,286.4,322,3,2e-06,97.6,-0.03,-0.95,0.00955,97235.46
2018-10-04 14:00:00,1,295.7,345,460,3e-06,54.4,0.82,-1.55,0.00959,97324.59
2018-10-04 20:00:00,1,286.80002,326,335,0,90.5,0.37,-1.51,0.00908,97282.96
2018-10-05 02:00:00,1,282.6,302,0,0,95.5,0.13,-1.0799999,0.0072899996,97319.586
2018-10-05 08:00:00,1,282.5,296,4,0,98,-0.71,-0.42,0.00744,97365.68
2018-10-05 14:00:00,1,295.1,326,470,0,59.4,0.89,-1.4,0.01005,97235.66
2018-10-05 20:00:00,1,288,350,249,1e-06,95.1,-0.03,-1.39,0.01034,97186.89
2018-09-19 20:00:00,2,294.7,9.999e+20,9.999e+20,9.999e+20,71.8,0.93,0.29999998,0.012,96375.055
2018-09-20 02:00:00,2,290.1,367,0,0,94.3,-1.02,-0.59999996,0.01176,96527.664
2018-09-20 08:00:00,2,291.9,355,7,0,94.700005,-0.65999997,-0.45,0.013259999,96809.45
2018-09-20 14:00:00,2,298.9,376,581,9.7e-05,81.1,1.5999999,-0.88,0.01747,96865.08
2018-09-20 20:00:00,2,294.1,383,379,5.1e-05,97.5,1.28,-1.1899999,0.015609999,96826.99
2018-09-21 02:00:00,2,292.9,379,0,2.9e-05,99.4,1.5799999,-0.39,0.014769999,96990.734
2018-09-21 08:00:00,2,293.2,410,1,3.8e-05,98.6,1.4399999,0.19,0.01497,96959.875
2018-09-21 14:00:00,2,300.2,399,470,1e-05,65.9,3.04,0.38,0.015299999,96834.5
2018-09-21 20:00:00,2,295.1,397,340,5e-06,90.700005,2.32,0.01,0.015489999,96692.19
2018-09-22 02:00:00,2,292.30002,366,0,0,98.8,0.88,1.9,0.01414,96736.23
2018-09-22 08:00:00,2,291.4,353,6,0,94.3,-0.93,1.64,0.0128,96698.79
2018-09-22 14:00:00,2,300.6,382,565,7.8e-05,73.6,-0.19999999,-0.48,0.01753,96660.984
2018-09-22 20:00:00,2,293.30002,389,358,0.000467,96.5,-0.01,-1.3199999,0.01476,96625.27
2018-09-23 02:00:00,2,291.6,392,0,0.000609,98.4,-0.32,-2.47,0.01351,96727.71
2018-09-23 08:00:00,2,288,395,1,5.2e-05,97.9,-0.84999996,-2.09,0.01067,96866.22
2018-09-23 14:00:00,2,288.4,384,99,3.7e-05,95.5,-0.72999996,-2.19,0.010679999,97007.68
2018-09-23 20:00:00,2,288,384,73,4.3e-05,98.200005,-0.38,-1.54,0.0106999995,97076.836
2018-09-24 02:00:00,2,287.1,376,0,1.8e-05,98.700005,-0.14,-1.1999999,0.01012,97143.46
2018-09-24 08:00:00,2,287,380,1,2.7e-05,98.8,-1.3199999,-1.35,0.01004,97226.05
2018-09-24 14:00:00,2,291.1,389,111,4.9e-05,96.4,-0.21,-1.89,0.0128,97170.27
2018-09-24 20:00:00,2,291.6,401,41,6.4e-05,98.5,-0.35,-1.5799999,0.01346,97132.34
2018-09-25 02:00:00,2,291.5,405,0,7.9e-05,99.200005,0.47,-1.4499999,0.013479999,97099.016
2018-09-25 08:00:00,2,292,406,1,5.2e-05,99.200005,1.39,-0.85999995,0.013929999,97131.266
2018-09-25 14:00:00,2,295.7,408,184,2.9e-05,89.1,2.18,-0.85999995,0.01574,96965.68
2018-09-25 20:00:00,2,293.5,397,215,0.000124,96.8,1.5999999,-0.59999996,0.01497,96807
2018-09-26 02:00:00,2,293.1,397,0,0.000109,99,1.26,0.14,0.015009999,96604.305
2018-09-26 08:00:00,2,292.7,389,3,3e-06,99.3,1.5999999,0.63,0.01466,96542.055
2018-09-26 14:00:00,2,297.9,410,279,1.5e-05,76.9,3.6299999,1.4399999,0.01568,96336.836
2018-09-26 20:00:00,2,295,402,240,6.4e-05,93.1,2.8999999,0.68,0.015859999,96257.1
2018-09-27 02:00:00,2,292.2,389,0,6.5e-05,97.9,-0.65,1.76,0.01401,96227.77
2018-09-27 08:00:00,2,287.2,378,1,0.000279,96.3,-1.9699999,1.75,0.01002,96530.75
2018-09-27 14:00:00,2,291.9,359,228,8.3e-05,61.4,-1.92,0.97999996,0.00859,96750.87
2018-09-27 20:00:00,2,285.30002,319,333,0,82.6,-1.54,0.57,0.0075399997,96833.6
2018-09-28 02:00:00,2,283.2,291,0,0,86.200005,-1.29,1.0799999,0.0068699997,97074.625
2018-09-28 08:00:00,2,281.4,272,5,0,83.700005,-1.51,0.7,0.0058899997,97267.375
2018-09-28 14:00:00,2,295.5,292,587,0,44.2,0.099999994,-1.03,0.00768,97158.89
2018-09-28 20:00:00,2,286.7,314,363,0,82.3,1.54,-0.93,0.00821,97133.94
2018-09-29 02:00:00,2,282.7,297,0,0,95.8,1.26,0.38,0.0073599997,97000.07
2018-09-29 08:00:00,2,283.2,287,5,0,97.1,0.89,1.65,0.0077199996,96855.58
2018-09-29 14:00:00,2,296.30002,312,568,0,52.7,2.03,2.9099998,0.00971,96432
2018-09-29 20:00:00,2,290.6,349,339,0,73.8,-1.37,2.97,0.00954,96417.89
2018-09-30 02:00:00,2,281.7,297,0,0,73.8,-1.93,1.7099999,0.00531,96744.336
2018-09-30 08:00:00,2,277.9,254,5,0,81.9,-1.22,1.13,0.0045,96809.96
2018-09-30 14:00:00,2,290.30002,279,546,0,34.3,-0.88,1.6899999,0.00434,96811.766
2018-09-30 20:00:00,2,283.2,303,321,0,57.9,-1.4699999,0.62,0.00459,96737.61
2018-10-01 02:00:00,2,279,272,0,0,69.8,-1.3399999,1.02,0.00414,97019.586
2018-10-01 08:00:00,2,277.7,261,5,0,73.200005,-1.3,1.14,0.00397,97065.66
2018-10-01 14:00:00,2,290,269,579,0,33.8,-1.75,1.55,0.0041799997,97154.12
2018-10-01 20:00:00,2,282.30002,281,359,0,62.8,-1.87,0.44,0.00469,97052.61
2018-10-02 02:00:00,2,277.7,259,0,0,72.9,-1.8199999,-0.19999999,0.00395,97513.1
2018-10-02 08:00:00,2,276.2,253,4,0,84.3,-0.82,-1.03,0.0041,97765.66
2018-10-02 14:00:00,2,288.30002,269,568,0,49.600002,1.2099999,-1.51,0.00545,97779.79
2018-10-02 20:00:00,2,281.2,288,348,0,89.3,1.29,-1.11,0.0061399997,97403.805
2018-10-03 02:00:00,2,277.1,275,0,0,95.200005,0.89,-0.62,0.0049199997,97383.336
2018-10-03 08:00:00,2,277.5,271,4,0,97.1,0.48,0.71999997,0.0052,97142.08
2018-10-03 14:00:00,2,292.7,295,549,0,58,2.59,0.24,0.00856,96688.83
2018-10-03 20:00:00,2,287.7,335,329,0,95.6,1.92,0.19999999,0.0102699995,96591.4
2018-10-04 02:00:00,2,285.68,322,0,0,98.200005,-0.089999996,1.88,0.00926,96237.07
2018-10-04 08:00:00,2,286,320,4,0,98.200005,-0.53,1.87,0.00943,96370.02
2018-10-04 14:00:00,2,297.4,336,537,0,54.7,-3.09,2.81,0.0108199995,96351.83
2018-10-04 20:00:00,2,288.80002,339,333,0,89.700005,-1.14,1.42,0.01038,96450.33
2018-10-05 02:00:00,2,285.1,312,0,0,95.700005,-1.43,0.25,0.00868,96593.625
2018-10-05 08:00:00,2,282.9,304,4,0,97.8,0.04,-0.81,0.00764,96702.03
2018-10-05 14:00:00,2,296.80002,322,535,0,54.5,1.4499999,0.32999998,0.010319999,96688.24
2018-10-05 20:00:00,2,289,342,325,0,92.3,1.64,-0.61,0.01078,96590.8
2018-09-19 20:00:00,3,294,9.999e+20,9.999e+20,9.999e+20,80.700005,-0.07,0.45999998,0.01292,96330.79
2018-09-20 02:00:00,3,291.6,367,0,1e-06,88.6,-1.73,-0.32,0.012159999,96542.77
2018-09-20 08:00:00,3,291.5,355,7,0,94.3,-1.18,-0.19999999,0.012879999,96781.055
2018-09-20 14:00:00,3,301.4,376,581,1.9e-05,60.5,1.56,-0.97999996,0.015059999,96871.96
2018-09-20 20:00:00,3,294.39084,390,365,4.6e-05,93.8,1.25,-1.49,0.015319999,96838.71
2018-09-21 02:00:00,3,292.80002,378,0,9e-06,99.3,1.5799999,-0.52,0.01469,96997.43
2018-09-21 08:00:00,3,293.2,410,3,3.7e-05,98.6,1.54,0.19,0.01495,96981.08
2018-09-21 14:00:00,3,300.1,412,314,8e-06,66.1,2.54,0.34,0.01523,96908.836
2018-09-21 20:00:00,3,294.80002,392,328,1e-05,95,2.3,-0.01,0.01595,96793.44
2018-09-22 02:00:00,3,292.9,380,0,1e-06,98.9,1.15,1.7099999,0.01469,96806.52
2018-09-22 08:00:00,3,291.9,361,6,0,96.8,-0.72999996,1.38,0.01358,96744.85
2018-09-22 14:00:00,3,299.7,376,574,0.000123,71.5,1.29,-0.65,0.01622,96660.82
2018-09-22 20:00:00,3,293.7,384,333,0.00017,93,1.56,1.04,0.01459,96608.17
2018-09-23 02:00:00,3,292.2,385,0,4.9e-05,97.200005,0.63,1.3399999,0.013909999,96576.164
2018-09-23 08:00:00,3,292,373,4,7.2e-05,98.9,-1.01,-1.01,0.01394,96692.805
2018-09-23 14:00:00,3,289.1,400,74,0.000195,96.700005,-1.1999999,-3.46,0.01133,96951.1
2018-09-23 20:00:00,3,287.80002,381,32,0.000207,98,-1.5,-2.58,0.010489999,97200.016
2018-09-24 02:00:00,3,286.2,367,0,1e-04,98,-1.3399999,-2.03,0.00947,97372.19
2018-09-24 08:00:00,3,285.80002,368,1,0.00014999999,98.3,-1.7099999,-2.09,0.00921,97549.62
2018-09-24 14:00:00,3,288.4,377,77,0.000209,97.200005,-1.28,-2.56,0.01077,97585.37
2018-09-24 20:00:00,3,289.2,389,76,5.8e-05,97.700005,-0.34,-3.1399999,0.01145,97461.164
2018-09-25 02:00:00,3,287.9,389,0,0.000193,98.200005,-1.4699999,-2.12,0.010559999,97413.94
2018-09-25 08:00:00,3,287.4,383,1,0.00012,98.8,-1.04,-1.02,0.01033,97416.055
2018-09-25 14:00:00,3,294.80002,386,195,3.4e-05,83.200005,0.45999998,-1.61,0.013859999,97295.87
2018-09-25 20:00:00,3,292,407,140,1.3e-05,97.9,0.29999998,-0.96999997,0.01377,97052.12
2018-09-26 02:00:00,3,289.2,398,0,1.2e-05,99.6,0.22999999,-0.24,0.01174,96936.77
2018-09-26 08:00:00,3,290.9,352,5,1e-06,98.5,0.26,1.04,0.012929999,96859.586
2018-09-26 14:00:00,3,300.2,392,475,5e-06,64.3,2.06,0.42,0.0149799995,96655.56
2018-09-26 20:00:00,3,294.30002,384,352,2.4e-05,97.700005,2.1399999,0.17999999,0.015899999,96522.03
2018-09-27 02:00:00,3,292.7,364,0,0,97.9,2.34,1.8199999,0.014509999,96370.5
2018-09-27 08:00:00,3,292.4,368,4,2e-06,96.5,1.9399999,1.7099999,0.014029999,96353.58
2018-09-27 14:00:00,3,297.9,396,314,5.8999998e-05,78.1,1.12,2.4199998,0.015929999,96395.7
2018-09-27 20:00:00,3,293.9,402,172,8.7e-05,97.1,0.59,1.3299999,0.01548,96408.35
2018-09-28 02:00:00,3,292.5,393,0,0.00031,97.6,-0.39,1.14,0.01428,96351.39
2018-09-28 08:00:00,3,291.2,377,3,0.000159,98.9,-1.14,0.26999998,0.01327,96542.336
2018-09-28 14:00:00,3,293,388,165,0.000508,96.200005,-1.14,-0.19,0.014479999,96400.28
2018-09-28 20:00:00,3,291.9,393,70,0.00021,97.9,-1.22,0.56,0.01376,96467.28
2018-09-29 02:00:00,3,288.2,361,0,1.3e-05,97.5,-1.4,1.16,0.01079,96447.805
2018-09-29 08:00:00,3,284.30002,309,5,0,98,-1.4399999,1.12,0.00841,96708.06
2018-09-29 14:00:00,3,293.2,306,567,0,51.8,-2.1599998,0.78999996,0.00789,96604.625
2018-09-29 20:00:00,3,286.6,310,352,0,70.6,-2.04,0.90999997,0.00702,96843.15
2018-09-30 02:00:00,3,282.2,291,0,0,85.1,-1.42,0.62,0.00627,97048.18
2018-09-30 08:00:00,3,279.7,284,4,0,90.1,-1.66,-0.08,0.0056,97246.4
2018-09-30 14:00:00,3,288.1,272,579,0,47.600002,-0.76,-2.31,0.0052,97274.79
2018-09-30 20:00:00,3,281.80002,279,361,0,72.3,0.65,-1.8399999,0.0052,97276.664
2018-10-01 02:00:00,3,276,256,0,0,87,-0.14999999,-1.1999999,0.00415,97586.914
2018-10-01 08:00:00,3,275.4,248,5,0,85.8,-0.62,-0.87,0.0039399997,97477.83
2018-10-01 14:00:00,3,287.5,259,579,0,39.600002,0.97999996,-1.63,0.00414,97555.69
2018-10-01 20:00:00,3,279.9,278,354,0,86.9,0.42999998,-1.37,0.0055199997,97215.85
2018-10-02 02:00:00,3,278.2,284,0,0,94.8,-0.07,0.31,0.0053399997,97282.04
2018-10-02 08:00:00,3,283.6,341,0,0.000222,97.1,-0.04,0.049999997,0.00787,97200.336
2018-10-02 14:00:00,3,287.6,369,76,0.00031,96.9,-0.37,-0.55,0.010249999,97083.586
2018-10-02 20:00:00,3,287.1,379,35,0.000501,98.8,-1.62,0.099999994,0.01014,96801.805
2018-10-03 02:00:00,3,286.9,377,0,0.000628,98.3,-1.8499999,0.74,0.01002,96484.96
2018-10-03 08:00:00,3,285.5,347,4,3.9e-05,98.4,-1.61,1.35,0.009149999,96588.24
2018-10-03 14:00:00,3,293.80002,329,528,0,62.7,-2.9199998,1.13,0.00991,96290.055
2018-10-03 20:00:00,3,285.66,320,338,0,94.3,-1.52,0.26,0.00885,96708.25
2018-10-04 02:00:00,3,282.27,303,0,0,96.5,-1.4,0.48,0.0072399997,96504.93
2018-10-04 08:00:00,3,280.30002,281,4,0,97.3,-1.49,0.48999998,0.0063699996,96631.914
2018-10-04 14:00:00,3,292.4,289,556,0,49,-1.39,-0.84,0.0070599997,96567.734
2018-10-04 20:00:00,3,283.36,304,339,0,89.9,0.13,-1.55,0.00726,96556.35
2018-10-05 02:00:00,3,279.2,286,0,0,94.700005,-0.65999997,-0.83,0.00575,96742.64
2018-10-05 08:00:00,3,279.5,278,4,0,95,-1.13,-0.55,0.00585,96704.836
2018-10-05 14:00:00,3,292.9,293,550,0,50.3,-0.29,-1.43,0.0074799997,96848.79
2018-10-05 20:00:00,3,284.11,308,334,0,91.8,0.87,-1.37,0.00777,96644.1
2018-09-19 20:00:00,4,296.1,9.999e+20,9.999e+20,9.999e+20,61.9,1.54,1.17,0.01126,96328.04
2018-09-20 02:00:00,4,290.4,365,0,0,93.5,-1.18,0.59,0.01191,96523.17
2018-09-20 08:00:00,4,291.80002,353,7,0,91.700005,-1.17,0.21,0.01273,96737.805
2018-09-20 14:00:00,4,302.30002,377,583,2.1e-05,56,1.48,-0.22999999,0.01475,96767.34
2018-09-20 20:00:00,4,294.30002,387,380,6.8e-05,91.4,1.65,-1.12,0.014889999,96720.95
2018-09-21 02:00:00,4,292,367,0,0,99.3,1.54,-0.28,0.01399,96921.74
2018-09-21 08:00:00,4,292.6,394,4,5e-06,98.200005,1.41,0.71,0.01437,96917.23
2018-09-21 14:00:00,4,301,375,573,0,56.5,3.59,0.59,0.0138,96765.96
2018-09-21 20:00:00,4,294.9,381,379,0,88.1,2.47,0.31,0.01485,96625.016
2018-09-22 02:00:00,4,292.30002,359,0,0,98.6,1.64,2.02,0.01416,96637.6
2018-09-22 08:00:00,4,291.5,355,6,0,95.4,-0.44,1.79,0.01308,96601.164
2018-09-22 14:00:00,4,299,384,541,9.8e-05,78.4,-0.58,1.09,0.01697,96562.97
2018-09-22 20:00:00,4,293.30002,391,352,0.000366,95.200005,-1.05,0.34,0.01459,96519.13
2018-09-23 02:00:00,4,291.9,387,0,0.000289,98.4,-2.05,0.14999999,0.013809999,96591.164
2018-09-23 08:00:00,4,289.2,395,0,0.000445,97.700005,-1.6899999,-2.51,0.011539999,96783.48
2018-09-23 14:00:00,4,287.7,381,41,0.000613,97.9,-1.03,-2.02,0.01047,97034.195
2018-09-23 20:00:00,4,286.4,373,28,0.000422,98.1,-0.95,-1.62,0.009579999,97161.65
2018-09-24 02:00:00,4,284.6,345,0,1e-06,97,-1.63,-0.74,0.0084,97302.93
2018-09-24 08:00:00,4,283.30002,334,2,0,93.8,-2.1299999,-0.93,0.0074199997,97508.81
2018-09-24 14:00:00,4,288.1,353,190,4.6e-05,93.700005,-1.3299999,-2.98,0.01017,97535.33
2018-09-24 20:00:00,4,287.96,378,62,0.000222,98.1,-0.79999995,-2.62,0.01059,97562.58
2018-09-25 02:00:00,4,286.97998,371,0,9e-05,98.1,-1.66,-2.6699998,0.009939999,97439.28
2018-09-25 08:00:00,4,287.29987,379,0,0.000651,98.8,-1.68,-1.81,0.01021,97434.96
2018-09-25 14:00:00,4,289,383,44,0.000432,98.4,-1.86,-0.41,0.01136,97271.6
2018-09-25 20:00:00,4,289.4,384,132,2.5e-05,98.5,-0.7,-0.9,0.01172,97043.93
2018-09-26 02:00:00,4,288.72998,384,0,1.4e-05,97.9,-0.26999998,-0.07,0.01119,96776.43
2018-09-26 08:00:00,4,290.6,392,2,1.9e-05,98.8,1.74,0.32999998,0.01273,96581.29
2018-09-26 14:00:00,4,296,402,191,3.2e-05,83,3.58,1.76,0.015059999,96372.08
2018-09-26 20:00:00,4,293.30002,398,256,0.000397,97,-0.099999994,1.5999999,0.014909999,96335.93
2018-09-27 02:00:00,4,289.30002,393,0,0.000718,98.8,0.01,-0.17,0.0117999995,96324.63
2018-09-27 08:00:00,4,289.9,356,4,0,99.4,-0.77,-0.26999998,0.01229,96337.93
2018-09-27 14:00:00,4,297.30002,378,447,3.1e-05,75,1.43,-1.09,0.01478,96211.64
2018-09-27 20:00:00,4,291.5,378,310,0.000132,97.3,1.11,0.68,0.01332,96211.336
2018-09-28 02:00:00,4,290.2,350,0,2e-06,98.1,-0.68,1.62,0.01236,96388.58
2018-09-28 08:00:00,4,288.30002,328,5,0,98.3,-1.02,1.4599999,0.01098,96447.63
2018-09-28 14:00:00,4,295.6,336,543,1e-06,56.7,-2.25,1.9799999,0.01004,96449.086
2018-09-28 20:00:00,4,287.7,322,359,0,75.3,-1.52,1.28,0.00809,96638.55
2018-09-29 02:00:00,4,283.1,294,0,0,82.3,-1.4699999,1.04,0.00652,96671.016
2018-09-29 08:00:00,4,282.1,290,4,0,85.9,-1.41,0.48,0.00634,96867.27
2018-09-29 14:00:00,4,285.2,330,270,0.000172,90.700005,-1.92,0.29999998,0.00818,97004.805
2018-09-29 20:00:00,4,282.2,338,55,0.000248,97.8,-1.4599999,-0.22,0.00726,96907.48
2018-09-30 02:00:00,4,279.1,283,0,0,98.200005,-1.3399999,0.39,0.0058999998,97088.336
2018-09-30 08:00:00,4,277.2,258,4,0,98.1,-1.5799999,0.41,0.00513,97133.73
2018-09-30 14:00:00,4,286.9,264,581,0,48.2,-0.71999997,-2.52,0.00488,97194.45
2018-09-30 20:00:00,4,280.30002,275,358,0,80.1,0.099999994,-1.79,0.0052199997,96974.39
2018-10-01 02:00:00,4,276,263,0,0,94.6,-0.53,-0.91999996,0.0045499997,97242.39
2018-10-01 08:00:00,4,276.80002,260,4,0,94.3,-1.55,-0.45999998,0.0047899997,97087.81
2018-10-01 14:00:00,4,288.2,266,572,0,46.4,-1.04,-2.25,0.0050999997,97007.12
2018-10-01 20:00:00,4,280.7,278,359,0,86.8,-0.64,-1.7199999,0.0058,96820.83
2018-10-02 02:00:00,4,277.6,261,0,0,96.6,-1.8199999,-0.34,0.0052199997,96873.83
2018-10-02 08:00:00,4,276.80002,252,4,0,97.1,-1.9799999,-0.099999994,0.00494,96980.164
2018-10-02 14:00:00,4,288.7,280,537,1e-06,63.4,-1.27,-2.3799999,0.0072299996,96788.62
2018-10-02 20:00:00,4,283.5,353,128,2.4e-05,95.200005,-1.13,-1.8399999,0.00769,96947.4
2018-10-03 02:00:00,4,283.1,353,0,5e-05,98.3,-1.27,-1.78,0.00775,96694.39
2018-10-03 08:00:00,4,283.1,353,1,6.7e-05,99.1,-0.90999997,-1.41,0.0077899997,96837.414
2018-10-03 14:00:00,4,285.5,366,59,7.4999996e-05,98,-0.68,-1.51,0.0090499995,96737.04
2018-10-03 20:00:00,4,285.1,369,56,3.7e-05,98.8,-0.14,-1.25,0.008909999,96632.36
2018-10-04 02:00:00,4,285.4,369,0,4.9e-05,99,0.37,-1.1,0.00912,96495.79
2018-10-04 08:00:00,4,286.2,366,2,2.9e-05,99.200005,0.63,-0.98999995,0.00964,96624.43
2018-10-04 14:00:00,4,290.80002,383,130,2.8e-05,93.6,0.96999997,-0.63,0.012279999,96665.85
2018-10-04 20:00:00,4,289.5,386,97,2.3e-05,98.5,0.39999998,-1.26,0.011849999,96783.805
2018-10-05 02:00:00,4,288.30002,369,0,1.1e-05,99,0.88,-1.05,0.01098,96815.93
2018-10-05 08:00:00,4,288.4,370,2,1.1e-05,98.8,0.66999996,-1.0699999,0.0110599995,96952.62
2018-10-05 14:00:00,4,293.30002,386,194,2.1e-05,87.6,1.5,-0.19,0.01328,96916.21
2018-10-05 20:00:00,4,290.04,383,174,5e-06,96.3,1.28,-0.17999999,0.01196,96922.99
2018-09-19 20:00:00,5,295.1,9.999e+20,9.999e+20,9.999e+20,84.8,-0.26999998,0.47,0.014579999,96324.01
2018-09-20 02:00:00,5,291.6,374,0,2.1e-05,96.6,-1.09,-1.0799999,0.013259999,96543.71
2018-09-20 08:00:00,5,292,360,6,0,98,-0.48,-0.69,0.013789999,96790.27
2018-09-20 14:00:00,5,299.30002,390,465,2.7e-05,74.1,1.4399999,-0.85999995,0.01627,96834.305
2018-09-20 20:00:00,5,293.9,385,372,0.000146,98.1,1.1899999,-0.94,0.015509999,96830.164
2018-09-21 02:00:00,5,293.2,386,0,5.1e-05,99.200005,1.54,-0.51,0.01499,96948.05
2018-09-21 08:00:00,5,293.2,408,3,3.9e-05,98.9,1.5899999,0.16,0.014939999,96931.99
2018-09-21 14:00:00,5,299.4,408,360,8e-06,69.6,2.9099998,0.34,0.0154099995,96813.94
2018-09-21 20:00:00,5,294.80002,401,323,2e-06,94.200005,2.03,-0.14,0.015829999,96696.27
2018-09-22 02:00:00,5,292.80002,373,0,0,98.9,1.3399999,1.8,0.01468,96734.4
2018-09-22 08:00:00,5,292.1,362,6,0,95.700005,-0.84,1.63,0.01361,96679.4
2018-09-22 14:00:00,5,303.4,378,577,1.9e-05,53.2,-0.97999996,-0.11,0.014959999,96590.086
2018-09-22 20:00:00,5,291.80002,386,371,0.000297,95,0.35999998,-0.32,0.01325,96595.66
2018-09-23 02:00:00,5,291.6,363,0,4.2e-05,99,-1.27,-1.1,0.01358,96668.65
2018-09-23 08:00:00,5,292,394,1,3.7e-05,98.6,-0.62,-1.63,0.013909999,96782.54
2018-09-23 14:00:00,5,289,398,42,0.000146,96.8,-1.16,-2.6399999,0.0112499995,97054.016
2018-09-23 20:00:00,5,288.9,385,58,6.7e-05,97.700005,-0.96,-2.06,0.011229999,97148.305
2018-09-24 02:00:00,5,286.6,377,0,5.3e-05,97.200005,-1.4599999,-1.8399999,0.00962,97308.63
2018-09-24 08:00:00,5,284.7,346,2,4e-06,95.4,-2.08,-0.84,0.0083099995,97567.5
2018-09-24 14:00:00,5,286.9,369,119,2.5e-05,93.700005,-1.9599999,-2.7,0.00944,97626.83
2018-09-24 20:00:00,5,288.34,370,120,4.3e-05,89.700005,-1.48,-1.93,0.00992,97583.87
2018-09-25 02:00:00,5,288.02,381,0,0.000284,98.700005,-1.76,-1.77,0.01071,97441.664
2018-09-25 08:00:00,5,288.6,387,0,0.000369,98.9,-1.75,-1.63,0.011159999,97444.305
2018-09-25 14:00:00,5,290.2,393,41,0.000103,98.200005,-1.62,-1.0799999,0.0122299995,97295.38
2018-09-25 20:00:00,5,290.2,394,76,3.4e-05,98.3,-0.63,-1.25,0.01229,97151.625
2018-09-26 02:00:00,5,290.30002,398,0,3.6e-05,98.8,0.04,-0.85999995,0.0124699995,96942.43
2018-09-26 08:00:00,5,291.30002,403,1,4.6e-05,99.200005,1.2099999,-0.65,0.013409999,96743.125
2018-09-26 14:00:00,5,296.1,406,171,3.3e-05,88.700005,2.11,0.53,0.01616,96697.58
2018-09-26 20:00:00,5,293.7,390,274,3.1e-05,97.9,1.9399999,-0.04,0.0154099995,96460.58
2018-09-27 02:00:00,5,293.6,399,0,1.4e-05,97.8,2.45,0.61,0.01531,96308.664
2018-09-27 08:00:00,5,293,402,2,9e-06,97.9,1.8,1.22,0.01478,96254.1
2018-09-27 14:00:00,5,299.80002,388,503,3.4e-05,72.1,2.44,1.39,0.01649,96165.18
2018-09-27 20:00:00,5,294.1,393,329,0.000134,95.700005,0.08,1.4699999,0.0154,96328.15
2018-09-28 02:00:00,5,292.4,380,0,1e-06,97.1,-0.29999998,1.41,0.014079999,96596.4
2018-09-28 08:00:00,5,291.30002,360,4,0,97.3,-0.61,1.3199999,0.0131399995,96590.75
2018-09-28 14:00:00,5,301,380,515,7e-06,58,0.56,1.51,0.01414,96639.875
2018-09-28 20:00:00,5,293.30002,396,291,3.6e-05,93.200005,0.31,1.06,0.014359999,96411.73
2018-09-29 02:00:00,5,292.6,386,0,0.000293,97.4,0.48999998,1.39,0.0143,96229.14
2018-09-29 08:00:00,5,291.6,377,3,0.00017099999,97.5,-0.65,2.52,0.013479999,96059.62
2018-09-29 14:00:00,5,287.9,337,438,6.5e-05,52.600002,-4.75,5.24,0.00574,96406.41
2018-09-29 20:00:00,5,280.30002,266,358,0,62.8,-1.4,1.01,0.00411,96597.336
2018-09-30 02:00:00,5,276.4,239,0,0,75.8,-1.28,1,0.0037699998,96807.92
2018-09-30 08:00:00,5,275.6,234,5,0,81.1,-0.95,0.26999998,0.00381,96782.59
2018-09-30 14:00:00,5,289.9,256,597,0,36.9,1.76,-0.08,0.00456,96525.15
2018-09-30 20:00:00,5,282.7,280,369,0,76.3,1.68,-0.78,0.00587,96508.484
2018-10-01 02:00:00,5,280,272,0,0,88.3,0.90999997,1.61,0.00567,96436.9
2018-10-01 08:00:00,5,280.2,273,5,0,93.1,-0.88,1.3299999,0.00604,96611.836
2018-10-01 14:00:00,5,296.30002,300,567,0,43,-0.22999999,0.7,0.00794,96484.21
2018-10-01 20:00:00,5,283.7,320,349,0,88.4,-0.52,-0.14,0.0072999997,96612.984
2018-10-02 02:00:00,5,283.19,302,0,0,88.4,-1.4499999,0.91999996,0.0070399996,96610.49
2018-10-02 08:00:00,5,281.30002,293,4,0,94.8,-1.6899999,0.37,0.0066,96864.85
2018-10-02 14:00:00,5,288.4,334,310,1.1e-05,76.4,-1.12,-1.66,0.00852,96880.89
2018-10-02 20:00:00,5,286.30002,363,115,1.5e-05,91.200005,-1.11,-1.12,0.00893,96505.91
2018-10-03 02:00:00,5,284.5,359,0,9.2e-05,97.6,-1.3299999,-0.53999996,0.00849,96604.62
2018-10-03 08:00:00,5,282.80002,354,0,0.000435,97.3,-2.1499999,0.59,0.00757,96605.375
2018-10-03 14:00:00,5,289.1,326,340,7.7e-05,62.100002,-2.4199998,0.25,0.00728,96576.1
2018-10-03 20:00:00,5,283,296,326,0,75.9,-2.2,1.03,0.00598,96528.336
2018-10-04 02:00:00,5,278.30002,262,0,0,93.1,-1.22,1.35,0.00526,96793.53
2018-10-04 08:00:00,5,277,253,4,0,94.8,-1.3299999,1.13,0.0049099997,96934.016
2018-10-04 14:00:00,5,289.5,266,570,0,42.4,-1.11,-1.01,0.00508,96806.79
2018-10-04 20:00:00,5,280.44,282,346,0,82.3,0.45,-1.52,0.00539,97135.62
2018-10-05 02:00:00,5,276.33,268,0,0,95.3,-0.37,-0.95,0.00471,97025.484
2018-10-05 08:00:00,5,277.1,261,4,0,96.9,-1.02,-0.84999996,0.00505,97265.25
2018-10-05 14:00:00,5,289.5,276,560,0,54.600002,-0.17999999,-2.09,0.00653,97239.305
2018-10-05 20:00:00,5,280.7,288,340,0,92.3,0.04,-1.4,0.00617,97186.22
2018-09-19 20:00:00,6,294.2,9.999e+20,9.999e+20,9.999e+20,80.6,-0.08,0.22999999,0.01306,96393.66
2018-09-20 02:00:00,6,291.2,370,0,6e-06,93.8,-1.4699999,-0.12,0.01256,96595.48
2018-09-20 08:00:00,6,291.80002,357,6,0,94.4,-1.18,-0.22,0.01313,96809.336
2018-09-20 14:00:00,6,301.7,380,579,3.5e-05,61.5,1.65,-0.42,0.01566,96855.23
2018-09-20 20:00:00,6,294.30002,389,375,9e-05,96.6,1.14,-1.5699999,0.015689999,96843.14
2018-09-21 02:00:00,6,292.9,377,0,3.4e-05,99.6,1.35,-0.59,0.01478,97016.85
2018-09-21 08:00:00,6,293.5,413,2,3.2e-05,98.5,1.5699999,0.14999999,0.01517,96993.555
2018-09-21 14:00:00,6,299.6,411,328,7e-06,66.700005,3.02,0.25,0.01499,96902.1
2018-09-21 20:00:00,6,295,394,328,5e-06,92.4,2.3999999,-0.07,0.01568,96748.65
2018-09-22 02:00:00,6,293,378,0,1e-06,98.700005,1.5799999,1.7199999,0.014819999,96786.5
2018-09-22 08:00:00,6,291.9,365,6,1e-06,97.1,-0.57,1.63,0.0135699995,96746.08
2018-09-22 14:00:00,6,303.30002,380,564,3.2e-05,55.600002,0.77,-0.48,0.015509999,96674.7
2018-09-22 20:00:00,6,293,387,363,0.000265,93.200005,0.84,-0.97999996,0.01401,96679.414
2018-09-23 02:00:00,6,292.1,372,0,8.3e-05,98.9,0.5,-1.25,0.01399,96715.27
2018-09-23 08:00:00,6,292.1,404,1,5.8999998e-05,98.700005,0.39999998,-1.37,0.014029999,96731.89
2018-09-23 14:00:00,6,292.5,402,95,5.5e-05,96.3,0.14999999,-2.24,0.01402,96835.516
2018-09-23 20:00:00,6,290.6,399,74,3.7e-05,97,-0.58,-2.35,0.01246,96951.484
2018-09-24 02:00:00,6,289.5,394,0,7.3e-05,98.4,-0.78999996,-1.76,0.01182,97004.125
2018-09-24 08:00:00,6,288.9,389,0,0.000128,98.8,-0.37,-1.81,0.01138,97063.04
2018-09-24 14:00:00,6,291.80002,395,47,0.000213,97.3,0.17999999,-1.13,0.013499999,97065.48
2018-09-24 20:00:00,6,293.4,411,121,3e-05,98.8,0.25,-1.54,0.01517,96988.96
2018-09-25 02:00:00,6,293.30002,413,0,8.2e-05,99.3,1.5699999,-0.63,0.01516,96934.69
2018-09-25 08:00:00,6,292.7,400,3,1.5e-05,98.6,1.5899999,0.14999999,0.014459999,97061.5
2018-09-25 14:00:00,6,296.4,410,221,1.1e-05,83.200005,2.29,0.17,0.015319999,96945.75
2018-09-25 20:00:00,6,293.30002,393,247,3e-06,95.4,1.53,0.17999999,0.0145499995,96854.33
2018-09-26 02:00:00,6,292,364,0,0,98.1,1.36,0.87,0.0138,96751.64
2018-09-26 08:00:00,6,292.7,391,4,2e-06,98.5,1.26,0.9,0.0145499995,96749.41
2018-09-26 14:00:00,6,300.1,389,494,7.8e-05,68.1,1.6999999,1.36,0.01574,96588.12
2018-09-26 20:00:00,6,294.80002,394,312,0.000115,96.200005,1.99,0.61,0.0162,96498.93
2018-09-27 02:00:00,6,293.30002,380,0,0.000126,99.1,1.5799999,1.39,0.015199999,96413.93
2018-09-27 08:00:00,6,292.6,388,3,4.8e-05,98.700005,0.38,1.68,0.01449,96494.43
2018-09-27 14:00:00,6,297.7,386,463,8.5e-05,81.5,-0.22999999,1.9,0.016339999,96517.21
2018-09-27 20:00:00,6,292.9,398,143,0.000105,95.3,-1.4599999,0.88,0.014269999,96583.1
2018-09-28 02:00:00,6,290.62,383,0,6.3e-05,96.9,-1.4699999,0.72999996,0.012499999,96892.62
2018-09-28 08:00:00,6,289.2,373,2,0.000117,98.3,-1.52,-0.78999996,0.01152,97079.37
2018-09-28 14:00:00,6,291.4,382,187,4.7e-05,86.8,0.47,-2,0.011589999,97198.06
2018-09-28 20:00:00,6,289.2,385,84,2.2e-05,95.8,0.45,-1.06,0.01121,97203.836
2018-09-29 02:00:00,6,287.9,364,0,2.2e-05,96.700005,-0.26,-1,0.01043,97274.52
2018-09-29 08:00:00,6,285.30002,345,4,8e-06,98.4,-0.29999998,-0.79999995,0.00895,97233.68
2018-09-29 14:00:00,6,296.1,327,555,0,55.4,0.87,-1.13,0.01002,97212.48
2018-09-29 20:00:00,6,288.5,354,293,0,92.4,0.96,-1.1,0.01038,97082.96
2018-09-30 02:00:00,6,283.5,325,0,0,95.8,0.35999998,-0.24,0.0077299997,97019.76
2018-09-30 08:00:00,6,284.1,311,4,0,95.8,0.03,-0.55,0.0080699995,97165.24
2018-09-30 14:00:00,6,296.5,332,550,0,57.3,1.49,-0.71,0.01062,96835.78
2018-09-30 20:00:00,6,290.5,376,248,1e-06,89,1.62,-0.55,0.01143,96723.734
2018-10-01 02:00:00,6,287.7,335,0,0,97.9,1.0699999,1.23,0.01055,96575.65
2018-10-01 08:00:00,6,288.4,344,4,2e-06,98.3,0.19,1.79,0.011,96461.96
2018-10-01 14:00:00,6,298.1,356,510,1e-06,55.100002,-0.82,3.8,0.01136,96173.49
2018-10-01 20:00:00,6,291.1,357,310,1.3e-05,80.1,-1.56,1.9499999,0.01069,96256.336
2018-10-02 02:00:00,6,283.96,305,0,0,80.9,-1.63,1.5,0.00678,96469.62
2018-10-02 08:00:00,6,279.74,265,5,0,93.5,-1.63,0.62,0.00587,96710.46
2018-10-02 14:00:00,6,290.30002,273,578,0,48,-0.47,-2.22,0.00605,96912.36
2018-10-02 20:00:00,6,283.1,289,353,0,79.4,0.45,-1.65,0.00628,96875.42
2018-10-03 02:00:00,6,277.47998,270,0,0,94.4,-0.08,-0.95,0.00505,97043.74
2018-10-03 08:00:00,6,277.58,262,4,0,89.3,-1.01,-1.06,0.00481,96980.91
2018-10-03 14:00:00,6,290.2,277,562,0,43,-0.13,-1.78,0.00537,97171.96
2018-10-03 20:00:00,6,282.81,304,319,0,84.1,-0.12,-1.36,0.00648,97016.24
2018-10-04 02:00:00,6,278.79,293,0,0,95.5,-0.75,-0.12,0.00563,97118.87
2018-10-04 08:00:00,6,281,286,4,0,95,-1.09,0.78999996,0.00647,97230.914
2018-10-04 14:00:00,6,298.5,321,541,0,50.3,-0.099999994,-0.32,0.010559999,97070.445
2018-10-04 20:00:00,6,287.4,361,287,0,91.200005,0.53,0.24,0.009579999,97129.45
2018-10-05 02:00:00,6,284.93,327,0,0,94.3,-0.61,1.09,0.00839,97062.555
2018-10-05 08:00:00,6,285.2,310,4,0,97.3,-1.27,1.1899999,0.00877,97370.25
2018-10-05 14:00:00,6,295.6,313,545,0,48.4,-1.9599999,-0.02,0.00849,97112.82
2018-10-05 20:00:00,6,285.80002,327,331,0,89.9,-1.01,-0.02,0.00845,97197.664
2018-09-19 20:00:00,7,293.80002,9.999e+20,9.999e+20,9.999e+20,82.1,0.13,0.56,0.01303,96398.31
2018-09-20 02:00:00,7,290.9,368,0,0,94.700005,-1.3,-0.51,0.01244,96568.664
2018-09-20 08:00:00,7,292.1,357,7,0,93.6,-1.02,-0.11,0.013259999,96773.9
2018-09-20 14:00:00,7,301.1,377,581,4.1e-05,63.100002,1.7099999,-0.65999997,0.01548,96821.234
2018-09-20 20:00:00,7,294.2,388,367,3.8e-05,96.6,1.29,-1.36,0.01559,96845.81
2018-09-21 02:00:00,7,293.1,386,0,4.9e-05,98.8,1.67,-0.72999996,0.01488,97017
2018-09-21 08:00:00,7,292.6,407,1,6.8e-05,98.9,1.27,-0.13,0.014409999,96976.27
2018-09-21 14:00:00,7,299.30002,400,416,2.3e-05,71.8,3.02,-0.26,0.015829999,96857.125
2018-09-21 20:00:00,7,294.30002,389,324,6e-05,98.1,1.9799999,-0.13,0.015929999,96693.266
2018-09-22 02:00:00,7,293.7,384,0,2e-06,96.200005,2.07,1.8399999,0.01504,96721.375
2018-09-22 08:00:00,7,291.80002,380,6,2e-06,97.3,-0.68,1.76,0.0135699995,96668.99
2018-09-22 14:00:00,7,305.1,375,580,1e-06,48,0.53,0.44,0.01492,96570.68
2018-09-22 20:00:00,7,292.2,391,361,0.000149,94.4,-0.07,0.16,0.01353,96514.62
2018-09-23 02:00:00,7,291.30002,365,0,5.2e-05,97.4,-1.31,-0.66999996,0.0131399995,96594.45
2018-09-23 08:00:00,7,291.5,388,0,3.6e-05,98.200005,-0.32,-1.92,0.013429999,96775.94
2018-09-23 14:00:00,7,288.6,394,57,7.4999996e-05,96.9,-1,-2.08,0.010989999,96963.375
2018-09-23 20:00:00,7,288.9,378,127,1.7e-05,95.5,-1,-1.5,0.01102,97070.84
2018-09-24 02:00:00,7,287.65,382,0,3.5e-05,97.700005,-0.55,-2.26,0.01038,97181.516
2018-09-24 08:00:00,7,285.87,369,4,1.2e-05,97.4,-1.61,-1.3399999,0.00918,97348.49
2018-09-24 14:00:00,7,289.87,375,136,4.4e-05,89.6,-0.47,-1.99,0.01095,97383.62
2018-09-24 20:00:00,7,291.05,390,163,2.2e-05,94.1,-0.38,-1.13,0.01241,97285.52
2018-09-25 02:00:00,7,291.29,401,0,3.8e-05,99.3,0.56,-1.62,0.0133299995,97142.21
2018-09-25 08:00:00,7,291.5,402,1,4.2e-05,99.200005,0.94,-1.3,0.01347,97162.81
2018-09-25 14:00:00,7,296.25998,405,191,2.4e-05,80.6,1.89,-0.12,0.01476,96885.586
2018-09-25 20:00:00,7,292.6,390,256,5e-06,95.1,1.68,-0.29,0.0138799995,96781.625
2018-09-26 02:00:00,7,291.2,358,0,0,98.9,1.36,1.11,0.01327,96446.73
2018-09-26 08:00:00,7,292.30002,378,2,4e-06,96.8,1.79,1.6899999,0.013979999,96395.15
2018-09-26 14:00:00,7,297.9,399,362,4.1e-05,78.9,2.75,3.1399999,0.01611,96328.54
2018-09-26 20:00:00,7,292.5,395,161,6e-05,95.700005,-1.09,1.39,0.013959999,96489.31
2018-09-27 02:00:00,7,289.6,371,0,0.000306,98.200005,-1.4599999,0.35999998,0.01187,96617.914
2018-09-27 08:00:00,7,288.1,388,0,0.000953,97.700005,-0.53,-2.76,0.010729999,96708.56
2018-09-27 14:00:00,7,288.6,380,115,9.1e-05,95.6,-0.55,-1.6899999,0.01083,96760.37
2018-09-27 20:00:00,7,289.30002,385,108,0.00017,98.700005,0.35999998,-1.28,0.01169,96646.96
2018-09-28 02:00:00,7,290.30002,391,0,0.000156,99.3,1.26,-0.72999996,0.01255,96786.87
2018-09-28 08:00:00,7,291.5,391,2,7.8e-05,99.5,1.52,0.82,0.013599999,96756.93
2018-09-28 14:00:00,7,296.80002,389,370,4.1e-05,74.8,0.28,2.08,0.01416,96629.65
2018-09-28 20:00:00,7,291,374,282,3.6e-05,77.5,-2.6599998,1.76,0.0102699995,96880.24
2018-09-29 02:00:00,7,283.7,307,0,0,78.6,-2.02,1.3,0.0064399997,97017.086
2018-09-29 08:00:00,7,279.7,276,5,0,82.9,-1.61,0.98999995,0.00519,97243.7
2018-09-29 14:00:00,7,290.2,271,587,0,37.100002,-0.96,-1.5,0.00462,97206.83
2018-09-29 20:00:00,7,282.2,278,370,0,70.6,0.82,-1.4599999,0.00521,97240.99
2018-09-30 02:00:00,7,276.80002,265,0,0,93.1,0.45999998,-0.07,0.0047299997,97059.76
2018-09-30 08:00:00,7,278.6,263,5,0,90.8,0.75,0.88,0.00524,96947.91
2018-09-30 14:00:00,7,294.30002,291,574,0,47.5,0.7,1.5899999,0.0077,96839.98
2018-09-30 20:00:00,7,285.9,324,352,0,89.3,0.96999997,0.87,0.008479999,96698.65
2018-10-01 02:00:00,7,283.4,305,0,0,89.9,-0.97999996,1.54,0.0072399997,96843.14
2018-10-01 08:00:00,7,281.80002,289,4,0,82.9,-1.35,1.15,0.0059599997,96996.305
2018-10-01 14:00:00,7,295.30002,305,558,0,47,-0.59,-0.82,0.00809,97168.336
2018-10-01 20:00:00,7,287.9,340,311,0,77.6,1.3399999,-1.4599999,0.0084,97059.5
2018-10-02 02:00:00,7,283.30002,315,0,0,98.3,1.03,-0.81,0.00787,97182.68
2018-10-02 08:00:00,7,285,346,3,6e-06,98.200005,1.4499999,0.049999997,0.00878,97200.5
2018-10-02 14:00:00,7,295.7,347,462,2e-06,61.7,2.1299999,0.75,0.01089,96981.266
2018-10-02 20:00:00,7,289,348,318,2e-06,94.700005,1.78,-0.12,0.011039999,97037.516
2018-10-03 02:00:00,7,285.6,318,0,0,96.3,1.23,0.95,0.008959999,97216.97
2018-10-03 08:00:00,7,285.2,306,4,0,96.9,0.65999997,1.54,0.0087399995,97215.63
2018-10-03 14:00:00,7,298.9,330,540,0,51,0.41,1.01,0.0109399995,96927.336
2018-10-03 20:00:00,7,288.5,362,314,0,88.9,0.099999994,-0.35999998,0.0099599995,97048.5
2018-10-04 02:00:00,7,288.2,343,0,0,92.6,-1.78,-0.28,0.010179999,96953.484
2018-10-04 08:00:00,7,287.1,349,1,1.4e-05,93.4,-0.79999995,-3.1599998,0.00955,97340.33
2018-10-04 14:00:00,7,286.1,362,164,3.2e-05,81.9,-1.23,-2.46,0.00785,97455.516
2018-10-04 20:00:00,7,283.9,355,142,2.5e-05,87.200005,-0.76,-2.02,0.00722,97325.164
2018-10-05 02:00:00,7,281.6,351,0,0.000225,96.4,-1.4499999,-1.55,0.00684,97400.96
2018-10-05 08:00:00,7,281.6,350,1,0.000408,98.200005,-1.81,-1.4,0.00695,97367.555
2018-10-05 14:00:00,7,284.7,360,70,0.000261,98.200005,-1.42,-1.37,0.00858,97187.125
2018-10-05 20:00:00,7,285.6,372,45,7.3e-05,98.9,-1.11,-0.76,0.0091699995,96982.39
2018-09-19 20:00:00,8,294.80002,9.999e+20,9.999e+20,9.999e+20,72.200005,1.24,0.08,0.012139999,96359.96
2018-09-20 02:00:00,8,289.30002,369,0,0,94.6,-0.53,-0.34,0.01122,96570.73
2018-09-20 08:00:00,8,292.2,358,6,0,94.4,-0.47,-0.51,0.01344,96780.74
2018-09-20 14:00:00,8,301.7,381,579,2.7e-05,58.100002,2.08,0.25,0.01474,96808.21
2018-09-20 20:00:00,8,294,391,344,0.000117999996,97,1.36,-1.3,0.015489999,96816.1
2018-09-21 02:00:00,8,292.7,374,0,1e-05,99.3,1.3399999,-0.31,0.014529999,96958.266
2018-09-21 08:00:00,8,293.2,406,4,2.9e-05,98.4,1.62,0.68,0.01492,96959.46
2018-09-21 14:00:00,8,300.9,390,503,2e-06,57.9,3.09,0.79999995,0.01401,96799.46
2018-09-21 20:00:00,8,294.83,382,379,0,90.3,2.19,0.25,0.01519,96664.46
2018-09-22 02:00:00,8,292.15,361,0,0,98.700005,1.26,1.93,0.01404,96650.05
2018-09-22 08:00:00,8,291.4,351,6,0,95.700005,-0.52,1.7199999,0.01296,96655.516
2018-09-22 14:00:00,8,300,376,574,9e-05,74.1,0.39,1.09,0.01705,96584.81
2018-09-22 20:00:00,8,293.7,389,357,0.000393,93.8,-1.09,-0.78,0.01471,96537.805
2018-09-23 02:00:00,8,291.9,374,0,0.000445,99.1,0.14999999,-1.09,0.01385,96644.35
2018-09-23 08:00:00,8,292.4,397,2,1.5e-05,99,0.85999995,-0.88,0.01432,96715.7
2018-09-23 14:00:00,8,295.80002,404,289,7.1e-05,89.8,0.57,-1.18,0.01605,96728.87
2018-09-23 20:00:00,8,292,402,178,7.9e-05,97.3,-0.39,-2.1299999,0.0137,96844.55
2018-09-24 02:00:00,8,290.2,399,0,5.1e-05,98.6,-0.63,-1.29,0.01234,96934.48
2018-09-24 08:00:00,8,289.2,394,1,9.4e-05,98.700005,-0.61,-1.61,0.011609999,97157.766
2018-09-24 14:00:00,8,290,390,83,0.000135,97.3,-0.56,-2.1599998,0.0120399995,97311.46
2018-09-24 20:00:00,8,289.32,389,52,4.5e-05,97.700005,-1.0799999,-2.34,0.011539999,97341.266
2018-09-25 02:00:00,8,288.96,390,0,6.1e-05,98.6,-0.64,-1.6899999,0.01139,97264.414
2018-09-25 08:00:00,8,288.80002,387,2,7.4999996e-05,99,-1.06,-1.23,0.01133,97320.09
2018-09-25 14:00:00,8,294,389,234,6.6e-05,87.6,-0.24,-1.99,0.0138799995,97162.21
2018-09-25 20:00:00,8,292.62,405,181,1.9e-05,96.6,0.87,-0.90999997,0.014099999,97056.21
2018-09-26 02:00:00,8,292.16,404,0,3e-05,98.9,1.09,0.19999999,0.014049999,96811.305
2018-09-26 08:00:00,8,292.13,398,2,1.6e-05,98.700005,1.37,1.17,0.01404,96594.62
2018-09-26 14:00:00,8,300.19,395,441,0,62.100002,3.1399999,1.54,0.0145,96335.195
2018-09-26 20:00:00,8,294.02,383,352,0.000168,98,2.32,0.32999998,0.015759999,96126.23
2018-09-27 02:00:00,8,292.18,383,0,0.000415,97.700005,-0.71,1.99,0.0139999995,96186.96
2018-09-27 08:00:00,8,288.6,373,1,6.4e-05,97.8,-1.8,-0.02,0.011109999,96518.52
2018-09-27 14:00:00,8,294.2,365,382,8e-06,62,-0.91999996,-1.63,0.01,96621.92
2018-09-27 20:00:00,8,288.6,345,340,0,90.4,0.68,-1.76,0.01022,96796.1
2018-09-28 02:00:00,8,284.4,317,0,0,96.8,-0.29,-1.05,0.00832,97045.3
2018-09-28 08:00:00,8,284.5,320,4,2e-06,92.6,-0.87,-0.59,0.007999999,97262.234
2018-09-28 14:00:00,8,288.30002,364,172,1e-04,87.8,0.35999998,-0.37,0.00971,97165.34
2018-09-28 20:00:00,8,287.7,366,169,1.8e-05,96.6,0.45999998,-0.55,0.01033,97001.734
2018-09-29 02:00:00,8,288.2,381,0,4e-05,97.3,-0.01,0.85999995,0.01078,96760.305
2018-09-29 08:00:00,8,287.7,360,4,3.1e-05,98.4,-0.29999998,1.56,0.010559999,96677.88
2018-09-29 14:00:00,8,296.7,350,489,1e-06,59.7,-1.42,0.61,0.0112499995,96613.43
2018-09-29 20:00:00,8,289.1,378,168,9e-06,90.4,-1.3299999,0.65,0.01064,96608.87
2018-09-30 02:00:00,8,287.88998,370,0,1.3e-05,94.3,-1.03,0.45,0.01024,96567.15
2018-09-30 08:00:00,8,287,375,2,0.000124,97.3,-1.3299999,0.21,0.01,96393.64
2018-09-30 14:00:00,8,290.4,369,209,0.000148,90.8,0.14,-1.65,0.01157,96399.125
2018-09-30 20:00:00,8,288.9,385,47,0.00014,98.700005,-0.03,-0.81,0.01152,96214.41
2018-10-01 02:00:00,8,287.85,377,0,0.000124,98.9,-0.75,0.57,0.010749999,96174.37
2018-10-01 08:00:00,8,286.5,366,4,1.5e-05,98.700005,-1.48,0.19999999,0.00979,96408.05
2018-10-01 14:00:00,8,290.9,358,270,2.6e-05,88.9,-0.099999994,-1.4699999,0.011779999,96287.97
2018-10-01 20:00:00,8,289,375,95,2.1e-05,98.4,-0.14,-1.52,0.01153,96349.266
2018-10-02 02:00:00,8,288.49,381,0,5.1e-05,99.200005,-0.53999996,-1.1899999,0.0112499995,96086.34
2018-10-02 08:00:00,8,288.4,382,1,4.2e-05,98.9,-1.06,-0.42999998,0.01117,96160.43
2018-10-02 14:00:00,8,292.9,384,171,3.9e-05,87.5,-0.69,-0.35999998,0.013169999,95926.56
2018-10-02 20:00:00,8,286.7,366,223,0.000116,98.200005,0.71,-0.22,0.0099,96016.1
2018-10-03 02:00:00,8,286.46,331,0,1.4e-05,98,-0.81,1.13,0.0097199995,96145.98
2018-10-03 08:00:00,8,284.5,308,4,0,97.200005,-1.15,1.12,0.00846,96254.18
2018-10-03 14:00:00,8,297.96045,319,550,0,50.600002,0.19,0.01,0.010369999,96261.17
2018-10-03 20:00:00,8,286.4,345,323,1e-06,91.9,0.55,0.02,0.00914,96301.55
2018-10-04 02:00:00,8,285.1,318,0,0,92.4,-1.1999999,0.95,0.00838,96438.516
2018-10-04 08:00:00,8,283.1,304,4,0,92.3,-1.4,0.90999997,0.0073499996,96522.37
2018-10-04 14:00:00,8,292.9,317,500,1e-06,57.3,-1.48,-1.1899999,0.00853,96647.94
2018-10-04 20:00:00,8,284.72,335,236,2e-06,93.8,-1.09,-1.03,0.00828,96720.89
2018-10-05 02:00:00,8,283.6,319,0,4e-06,90.3,-1.4399999,-0.81,0.00737,96802.69
2018-10-05 08:00:00,8,280.5,322,3,7e-06,89.200005,-1.37,-1.18,0.00587,97155.07
2018-10-05 14:00:00,8,289.5,286,513,0,51,-1.53,-0.84999996,0.0061,97004.9
2018-10-05 20:00:00,8,282.57,290,336,0,77.200005,0.089999996,-1.8499999,0.00587,96884.44
2018-09-19 20:00:00,9,294.7,9.999e+20,9.999e+20,9.999e+20,73.6,1.1899999,0.64,0.01229,96321.69
2018-09-20 02:00:00,9,289.4,370,0,0,94.4,-0.59,-0.17999999,0.01133,96504.125
2018-09-20 08:00:00,9,292.4,359,6,0,95,0.04,-0.12,0.01373,96741.15
2018-09-20 14:00:00,9,301.4,381,579,3.8e-05,59.600002,2.24,0.83,0.014889999,96777.016
2018-09-20 20:00:00,9,294.2,390,377,6.7e-05,95.4,1.6899999,-1.09,0.01543,96774.305
2018-09-21 02:00:00,9,292.80002,377,0,3e-06,99.200005,1.4399999,-0.16,0.01468,96927.68
2018-09-21 08:00:00,9,293,403,3,1e-05,98.1,1.48,1,0.01473,96865.61
2018-09-21 14:00:00,9,301.30002,381,549,0,55.600002,3.25,0.78999996,0.01382,96720.94
2018-09-21 20:00:00,9,295.2,386,375,0,87.1,2.4099998,0.32999998,0.01497,96627.96
2018-09-22 02:00:00,9,292.7,365,0,0,96.9,1.41,2.29,0.014269999,96628.27
2018-09-22 08:00:00,9,291.9,359,6,0,93.8,-0.59999996,1.78,0.01316,96668.39
2018-09-22 14:00:00,9,301,394,454,1.7e-05,57.3,-1.3299999,-0.56,0.01402,96606.27
2018-09-22 20:00:00,9,293.5,385,363,0.000501,97.200005,0.57,-1.43,0.01502,96641.54
2018-09-23 02:00:00,9,292.4,390,0,0.000301,98.9,0.51,-1.65,0.0143,96719.625
2018-09-23 08:00:00,9,290.9,406,1,4.4e-05,98.5,-0.13,-1.3299999,0.01294,96734.836
2018-09-23 14:00:00,9,295.4,403,200,1.6e-05,83.8,0.98999995,-1.1899999,0.01456,96721.19
2018-09-23 20:00:00,9,292.7,398,202,0.000242,97.4,0.75,-0.83,0.01435,96663.3
2018-09-24 02:00:00,9,292.1,403,0,0.000522,99.5,-0.14,-1.1899999,0.0141199995,96789.86
2018-09-24 08:00:00,9,292,404,1,0.000481,98.9,0.31,-1.05,0.01387,96958.46
2018-09-24 14:00:00,9,295.9,395,305,7.3e-05,84.5,0.22999999,-2.1399999,0.01511,97021.34
2018-09-24 20:00:00,9,292.19,395,234,4.5e-05,96.3,-0.39,-3,0.01366,97126.2
2018-09-25 02:00:00,9,290.30002,398,0,7.6e-05,98.6,-0.83,-1.5899999,0.01239,97195.83
2018-09-25 08:00:00,9,290.7,398,1,5.8999998e-05,99,-0.53999996,-1.28,0.01279,97199.71
2018-09-25 14:00:00,9,295.20065,405,149,3.2e-05,86.6,0.63,-1.31,0.01485,97153.54
2018-09-25 20:00:00,9,291.53,390,168,1e-05,96.700005,1.01,-0.88,0.01321,96912.47
2018-09-26 02:00:00,9,292.08,372,0,2e-06,98.200005,1.89,0.35999998,0.0139,96737.02
2018-09-26 08:00:00,9,292.4,395,4,9e-06,98,2.1499999,0.32999998,0.01419,96541.89
2018-09-26 14:00:00,9,298.2,405,294,1e-05,71.6,2.1499999,1.25,0.01485,96431.44
2018-09-26 20:00:00,9,293.4,393,288,5.5e-05,96,1.24,0.91999996,0.014839999,96183.9
2018-09-27 02:00:00,9,293,386,0,6.4e-05,97.3,0.65999997,2.69,0.01466,96030.26
2018-09-27 08:00:00,9,291.2,380,3,5.6e-05,97.5,-0.25,1.92,0.01313,95970.586
2018-09-27 14:00:00,9,295.4,375,370,4e-06,57.5,-2.23,3.4199998,0.01011,95999.555
2018-09-27 20:00:00,9,289.7,335,334,0,70.4,-2.98,2,0.00864,96275.05
2018-09-28 02:00:00,9,283.9,297,0,0,71,-2.52,1.67,0.0059499997,96404.055
2018-09-28 08:00:00,9,280,258,5,0,86.1,-1.51,1.28,0.00548,96886.52
2018-09-28 14:00:00,9,290.80002,265,604,0,38.3,-1.9,0.59,0.005,96814.8
2018-09-28 20:00:00,9,280.7,283,378,0,81.4,-0.19999999,-0.85999995,0.00544,96849.32
2018-09-29 02:00:00,9,278.6,265,0,0,76.8,0.91999996,-1.13,0.00446,97045.99
2018-09-29 08:00:00,9,277.9,254,5,0,86.8,0.87,0.37,0.00478,97041.54
2018-09-29 14:00:00,9,290.9,285,563,0,46.4,2.4299998,-0.17999999,0.00611,96697.06
2018-09-29 20:00:00,9,285.1,304,361,0,80.5,1.88,-0.17999999,0.0072999997,96203.055
2018-09-30 02:00:00,9,283.6,314,0,0,90.8,0.03,1.38,0.0074799997,96168.55
2018-09-30 08:00:00,9,282,316,4,5e-06,80.4,-2.19,2.06,0.00594,96161.766
2018-09-30 14:00:00,9,287.4,257,600,0,36.3,-2.51,2.18,0.00381,96317.836
2018-09-30 20:00:00,9,280.80823,265,372,0,70.4,-1.61,0.90999997,0.00477,96509.02
2018-10-01 02:00:00,9,277.18,254,0,0,85.6,-1.37,0.87,0.0044899997,96598.18
2018-10-01 08:00:00,9,276.80002,251,5,0,86.6,-1.39,-0.53,0.0044299997,96961.836
2018-10-01 14:00:00,9,289.9,271,579,0,53.100002,1.54,-1.31,0.00654,96831.27
2018-10-01 20:00:00,9,283.30002,294,355,0,93.9,1.04,-1.5,0.00751,97098.52
2018-10-02 02:00:00,9,283.6,336,0,1.4e-05,95,0.41,-1.01,0.00776,96928.695
2018-10-02 08:00:00,9,282,317,3,4e-06,98.1,-0.34,-0.03,0.00719,97159.445
2018-10-02 14:00:00,9,293.2,320,510,1e-06,62.100002,2.03,-0.78999996,0.009389999,96765.93
2018-10-02 20:00:00,9,288.30002,363,226,4e-06,93.3,1.66,-0.24,0.010369999,96708.02
2018-10-03 02:00:00,9,286.87,354,0,3e-06,97.1,0.21,1.56,0.00987,96466.414
2018-10-03 08:00:00,9,284.1,317,4,0,98.4,-1.25,1.1,0.0083099995,96450.016
2018-10-03 14:00:00,9,296.4,317,533,0,49.4,-0.41,0.55,0.00916,96462.37
2018-10-03 20:00:00,9,289,364,267,1.6e-05,80.8,1.09,-1,0.00947,95885.87
2018-10-04 02:00:00,9,288.2,378,0,0.000106,99.1,1.5,-0.45,0.011,96263.27
2018-10-04 08:00:00,9,288.9,380,1,2.3e-05,99.200005,1.5699999,-0.35,0.01153,95776.08
2018-10-04 14:00:00,9,291.4,387,110,0.00046,96.700005,2.84,-0.78999996,0.01325,95597.23
2018-10-04 20:00:00,9,290.2,384,50,0.001217,98.9,0.58,-1.76,0.01261,95277.62
2018-10-05 02:00:00,9,286.9,386,0,0.00091,91,-2.99,4.23,0.009459999,95030.43
2018-10-05 08:00:00,9,281.7,292,4,0,77.5,-3.47,3.1799998,0.0056399996,95600.02
2018-10-05 14:00:00,9,285.9,256,578,0,42,-4.12,3.56,0.00403,95954.81
2018-10-05 20:00:00,9,280.4,259,354,0,68.8,-1.35,1.42,0.00452,96570.99
2018-09-19 20:00:00,10,293.80002,9.999e+20,9.999e+20,9.999e+20,76.1,0.59999996,0.29999998,0.01203,96299.95
2018-09-20 02:00:00,10,290.7,367,0,0,94.6,-1.2099999,-0.72999996,0.01227,96520.98
2018-09-20 08:00:00,10,291.7,356,6,0,94.3,-0.84999996,-0.71,0.013069999,96712.336
2018-09-20 14:00:00,10,299.4,378,578,7.4e-05,74.9,1.89,-0.39999998,0.016549999,96814.25
2018-09-20 20:00:00,10,294.1,385,378,0.000136,97.5,1.25,-1.43,0.01562,96801.13
2018-09-21 02:00:00,10,292.9,380,0,2.5e-05,99.3,1.74,-0.38,0.01481,96942.72
2018-09-21 08:00:00,10,292.9,408,3,2.6e-05,99,1.53,0.16,0.01478,96891.23
2018-09-21 14:00:00,10,299.9,399,370,7e-06,63.9,2.8,0.38,0.01462,96744.39
2018-09-21 20:00:00,10,295,385,376,1e-06,89.4,2.4299998,0.08,0.01523,96606.19
2018-09-22 02:00:00,10,292.5,367,0,0,98.9,1.11,1.81,0.01438,96688.33
2018-09-22 08:00:00,10,291.7,360,6,0,94.5,-0.96,1.5699999,0.01309,96690.055
2018-09-22 14:00:00,10,299,380,564,0.000108,79.200005,-0.56,-1.3399999,0.01719,96611.06
2018-09-22 20:00:00,10,292.9,378,366,0.000459,98.5,0.31,-1.7099999,0.01468,96610.54
2018-09-23 02:00:00,10,292.30002,397,0,0.000302,98.9,0.48999998,-1.18,0.0142,96613.125
2018-09-23 08:00:00,10,290.7,398,2,4.4e-05,98.700005,-0.55,-1.3399999,0.01279,96655.52
2018-09-23 14:00:00,10,292.80002,396,161,8.6e-05,93.9,-1.18,-1.39,0.013929999,96733.94
2018-09-23 20:00:00,10,291.7,383,206,7.4999996e-05,96.6,-1.4399999,-1.3299999,0.01332,96745.125
2018-09-24 02:00:00,10,289.7,382,0,0.00028,98.4,-0.76,-2.11,0.01198,96931.19
2018-09-24 08:00:00,10,287.5,377,1,0.000177,97.3,-1.68,-1.8299999,0.010249999,97157.836
2018-09-24 14:00:00,10,292.9,375,307,8e-06,64.3,-1.16,-3.32,0.00952,97221.27
2018-09-24 20:00:00,10,289.30002,386,163,7.8e-05,97.3,-1.38,-2.9399998,0.01152,97171.24
2018-09-25 02:00:00,10,288.5,386,0,0.000366,98.4,-1.53,-2.5,0.01105,97077.99
2018-09-25 08:00:00,10,288.30002,385,1,0.000426,99,-0.93,-1.0799999,0.01097,97038.555
2018-09-25 14:00:00,10,292.6,393,143,0.000134,93.9,-0.48,-1.61,0.01371,96806.92
2018-09-25 20:00:00,10,292.7,403,106,3.9e-05,98.700005,0.59,-1.67,0.01449,96701.125
2018-09-26 02:00:00,10,292.1,403,0,2.5e-05,99,1.89,-0.37,0.01414,96328.77
2018-09-26 08:00:00,10,292.5,398,2,1.3e-05,99.1,2.06,0.26,0.0145,96320.414
2018-09-26 14:00:00,10,295.4,408,196,0.000128,95.3,3.06,1.17,0.016719999,96028.18
2018-09-26 20:00:00,10,293.5,399,132,7.2e-05,97.9,0.42999998,1.65,0.0152199995,96299.8
2018-09-27 02:00:00,10,290.5,387,0,1.9e-05,97.700005,-1.61,0.52,0.01258,96297.23
2018-09-27 08:00:00,10,288.7,376,1,5.5e-05,97.700005,-1.77,-0.89,0.01119,96546.6
2018-09-27 14:00:00,10,291,385,151,2.7e-05,84.9,-0.93,-2.32,0.01127,96698.12
2018-09-27 20:00:00,10,287.9,345,336,0,95.1,0.22,-1.52,0.0103,96626.79
2018-09-28 02:00:00,10,285.1,327,0,2e-06,94.5,-0.25,-0.39,0.00852,96957.21
2018-09-28 08:00:00,10,287,360,3,1.7e-05,94.8,0.17,0.77,0.00969,96767.15
2018-09-28 14:00:00,10,296.1,388,321,8e-06,74.3,2.72,0.39,0.01353,96490.79
2018-09-28 20:00:00,10,293,395,256,1.3e-05,94.9,2.1699998,-0.17999999,0.01435,96114.73
2018-09-29 02:00:00,10,286.2,384,0,2e-04,82.4,-3.7099998,5.56,0.00811,96418.18
2018-09-29 08:00:00,10,277.5,273,5,0,68.8,-1.68,2.06,0.00369,96880.625
2018-09-29 14:00:00,10,287.9,237,615,0,36.3,-2.27,0.25,0.00393,97027.086
2018-09-29 20:00:00,10,279.80002,261,383,0,69.6,0.87,-1.27,0.00434,97095.734
2018-09-30 02:00:00,10,276.9,248,0,0,70.1,0.7,-1.26,0.0035899999,97083.48
2018-09-30 08:00:00,10,277.4,260,4,0,80.1,-0.65,-0.63,0.0042499998,97160.9
2018-09-30 14:00:00,10,289.1,287,542,0,47.5,1.03,-1.53,0.00557,96931.28
2018-09-30 20:00:00,10,284.7,328,329,1.5e-05,84,1.17,-0.98999995,0.00737,96590.12
2018-10-01 02:00:00,10,284.30002,361,0,0.00014999999,97.1,0.61,0.48999998,0.00834,96430.984
2018-10-01 08:00:00,10,284.6,364,1,0.000142,97.8,-1.16,0.77,0.00856,96469.52
2018-10-01 14:00:00,10,293.7,338,432,5e-06,52.2,-1.18,0.75,0.00823,96424.79
2018-10-01 20:00:00,10,283.5,313,349,0,82.700005,-1.13,0.42999998,0.0066899997,96436.9
2018-10-02 02:00:00,10,281,283,0,0,85.8,-1.27,1.27,0.00591,96476.92
2018-10-02 08:00:00,10,279.30002,269,4,0,87.4,-1.24,1.23,0.00533,96763.25
2018-10-02 14:00:00,10,293.9,282,575,0,38.4,-0.049999997,1.3,0.0061,96667.06
2018-10-02 20:00:00,10,282.7,300,355,0,82.200005,1.3199999,0.049999997,0.00633,96856.4
2018-10-03 02:00:00,10,282.30002,288,0,0,87.6,0.81,1.48,0.0065599997,96813
2018-10-03 08:00:00,10,280.6,287,4,0,92.6,0.17,0.24,0.00617,97015.91
2018-10-03 14:00:00,10,295.7,309,557,0,49.8,1.7099999,-0.97999996,0.008789999,97181.984
2018-10-03 20:00:00,10,287,325,340,0,94,1.43,-0.85999995,0.00955,97101.24
2018-10-04 02:00:00,10,280.97,302,0,0,96.3,0.59,0.53999996,0.00655,97280.125
2018-10-04 08:00:00,10,280.7,287,4,0,96.200005,-0.42999998,0.16,0.00643,97071.586
2018-10-04 14:00:00,10,297.30002,304,565,0,41.3,0.83,-1.22,0.00802,97131.43
2018-10-04 20:00:00,10,286.30002,317,345,0,90.8,0.26999998,-1.55,0.00887,96853.97
2018-10-05 02:00:00,10,285,310,0,0,95.1,-1.22,-0.93,0.00854,96745.16
2018-10-05 08:00:00,10,287,350,1,8e-06,92.200005,-2.03,-0.11,0.0095,96310.23
2018-10-05 14:00:00,10,292.30002,385,144,1.9e-05,84.8,-3.51,-1.38,0.012329999,95557.586
2018-10-05 20:00:00,10,291.2,371,89,4.8e-05,84.8,-4.7,2.6,0.011589999,94721.33
2018-09-19 20:00:00,11,295,9.999e+20,9.999e+20,9.999e+20,77.8,-0.42,0.97999996,0.01325,96311.98
2018-09-20 02:00:00,11,291.6,371,0,1.5e-05,94.200005,-1.6999999,-0.14999999,0.01297,96543.77
2018-09-20 08:00:00,11,291.7,360,6,0,97.1,-1.16,-0.35,0.013409999,96743.555
2018-09-20 14:00:00,11,300.1,378,578,6.9e-05,73.700005,0.78999996,-1.15,0.01702,96827.63
2018-09-20 20:00:00,11,294,385,377,9.2e-05,97.3,0.84,-1.23,0.0155,96842.664
2018-09-21 02:00:00,11,293,377,0,3.2e-05,99.5,1.51,-0.65999997,0.01487,96939.914
2018-09-21 08:00:00,11,293.4,410,3,4.5e-05,98.8,1.51,0.26,0.015149999,96923.73
2018-09-21 14:00:00,11,300.1,404,459,1.6e-05,68,3.47,0.049999997,0.01574,96771.516
2018-09-21 20:00:00,11,294.80002,392,338,4.7e-05,94.3,2.35,0,0.015829999,96738.99
2018-09-22 02:00:00,11,293.30002,385,0,2e-06,98.4,1.78,1.9699999,0.01504,96684.7
2018-09-22 08:00:00,11,291.9,367,6,1e-06,96.700005,-0.39999998,1.74,0.01351,96664.05
2018-09-22 14:00:00,11,300.7,376,574,6.2e-05,69.5,-0.45999998,0.87,0.016689999,96588.69
2018-09-22 20:00:00,11,293.30002,385,363,0.000267,94.9,-0.83,-1.31,0.014509999,96635.086
2018-09-23 02:00:00,11,292,368,0,0.000169,99.3,-0.19999999,-1.37,0.0139999995,96704.14
2018-09-23 08:00:00,11,290.4,402,1,7.2e-05,97.6,-0.65999997,-2.5,0.01243,96838.266
2018-09-23 14:00:00,11,288.5,387,49,5.8e-05,96.200005,-1.42,-2.02,0.010849999,97001
2018-09-23 20:00:00,11,288.1,386,69,3.4e-05,96.700005,-1.05,-2.22,0.0106,97098.23
2018-09-24 02:00:00,11,286.4,374,0,2.3e-05,96.9,-1.48,-1.61,0.00947,97215.44
2018-09-24 08:00:00,11,286,374,0,5.2e-05,98,-1.89,-1.7099999,0.0093,97281.81
2018-09-24 14:00:00,11,289,382,40,0.000222,97.8,-0.84,-2.3899999,0.01133,97195
2018-09-24 20:00:00,11,289.4,390,71,3e-05,98.200005,-1.03,-1.89,0.011709999,97094.06
2018-09-25 02:00:00,11,290.6,395,0,8e-05,99.4,0.24,-1.4599999,0.0128,96983.125
2018-09-25 08:00:00,11,291.80002,404,1,5.8999998e-05,99.1,1.24,-0.82,0.01371,96991.945
2018-09-25 14:00:00,11,297,408,191,3.3e-05,83.1,2.45,-0.28,0.01591,96863.74
2018-09-25 20:00:00,11,293.80002,398,307,0.000202,98.4,1.5799999,0.08,0.01554,96676.02
2018-09-26 02:00:00,11,293.07,402,0,6.4e-05,99,2.01,-0.089999996,0.01493,96590.766
2018-09-26 08:00:00,11,292.30002,388,4,9.9e-05,99.5,1.48,0.71999997,0.01433,96641.89
2018-09-26 14:00:00,11,297,396,370,0.000111,86.4,2.02,0.089999996,0.016619999,96569.15
2018-09-26 20:00:00,11,293.94998,405,196,0.000116,97.1,1.29,-0.049999997,0.01548,96572.02
2018-09-27 02:00:00,11,292.44998,379,0,1.8e-05,98.700005,0.58,1.48,0.01433,96528.71
2018-09-27 08:00:00,11,291,358,5,6e-05,98.8,0.41,0.45999998,0.0131,96664.37
2018-09-27 14:00:00,11,298.5,394,394,3.4e-05,79.1,1.89,0.48999998,0.0166,96649.58
2018-09-27 20:00:00,11,294.30002,398,229,0.000124,97.4,1.88,0.28,0.015859999,96549.93
2018-09-28 02:00:00,11,292.5,370,0,1.2e-05,98.9,1.22,1.42,0.0144,96667.586
2018-09-28 08:00:00,11,291.5,364,4,0,99.4,0.099999994,1.5799999,0.01354,96744.07
2018-09-28 14:00:00,11,301,377,529,9e-06,58.2,0.44,1.4499999,0.0141199995,96656.71
2018-09-28 20:00:00,11,293.30002,400,269,0.000109,93.9,-0.17,0.87,0.01435,96572.7
2018-09-29 02:00:00,11,292.1,389,0,0.000337,97.6,0.89,0.66999996,0.01392,96351.74
2018-09-29 08:00:00,11,291.4,376,3,0.00037,99,-0.38,1.12,0.013499999,96106.5
2018-09-29 14:00:00,11,296.5,378,400,8.4e-05,70.200005,-0.82,3.47,0.01321,95828.54
2018-09-29 20:00:00,11,287.80002,356,214,1.4e-05,69.3,-3.85,3.8,0.0074699996,96097.305
2018-09-30 02:00:00,11,282.4,308,0,1e-06,67.700005,-3.4199998,2.03,0.00512,96397.74
2018-09-30 08:00:00,11,277.5,248,5,0,77.4,-1.4,1.39,0.0041799997,96609.055
2018-09-30 14:00:00,11,289.5,253,599,0,37.2,-1.51,-0.24,0.0044899997,96677.13
2018-09-30 20:00:00,11,281.6,275,370,0,63.5,0.96,-1.4599999,0.00456,96570.164
2018-10-01 02:00:00,11,277.5,263,0,0,87.1,0.84,-0.76,0.00466,96851.266
2018-10-01 08:00:00,11,278.1,261,5,0,91.8,0.34,-0.48999998,0.00512,97013.67
2018-10-01 14:00:00,11,291.30002,292,559,0,49.5,1.78,-0.06,0.0066899997,96841.74
2018-10-01 20:00:00,11,285.30002,315,344,0,83.1,1.73,-0.65999997,0.00758,96817.43
2018-10-02 02:00:00,11,282.2,300,0,0,91.700005,0.74,1.61,0.0068099997,96831.62
2018-10-02 08:00:00,11,282.1,293,4,0,94.5,-1.22,0.85999995,0.00695,97072.89
2018-10-02 14:00:00,11,296.9,309,560,0,48.7,0.42999998,-0.47,0.0092899995,96941.9
2018-10-02 20:00:00,11,287.4,326,345,0,89.5,1.63,-0.78,0.00937,97025.4
2018-10-03 02:00:00,11,284.80002,311,0,0,95.8,0.77,1.4,0.00846,96960.766
2018-10-03 08:00:00,11,284.1,306,4,0,95.5,-0.59,1.0799999,0.00803,96915.75
2018-10-03 14:00:00,11,297.80002,328,550,0,51.2,1.12,-1.04,0.0103,96984.46
2018-10-03 20:00:00,11,288.6,342,333,0,93.700005,1.18,-1.05,0.010629999,96944.75
2018-10-04 02:00:00,11,282.6,319,0,0,96.8,0.26999998,-0.11,0.00737,96969.305
2018-10-04 08:00:00,11,283.5,304,4,0,97.5,-0.22,-0.78999996,0.0078799995,97029.68
2018-10-04 14:00:00,11,297.4,321,548,0,47.2,0.13,-1.55,0.00928,97045.555
2018-10-04 20:00:00,11,287.00998,336,333,0,91,0.089999996,-1.2099999,0.00932,96899.414
2018-10-05 02:00:00,11,285.2,320,0,0,94,-1.0799999,-0.59999996,0.0086199995,96955.89
2018-10-05 08:00:00,11,286.30002,318,4,0,95.1,-1.56,-0.61,0.0092899995,97082.44
2018-10-05 14:00:00,11,297.4,337,530,0,57.2,-0.24,-2.56,0.011179999,96837.625
2018-10-05 20:00:00,11,289.85,349,322,0,94.700005,0.26999998,-1.64,0.011609999,96990.96
2018-09-19 20:00:00,12,294.80002,9.999e+20,9.999e+20,9.999e+20,72.5,0.78,0.84,0.01217,96368.586
2018-09-20 02:00:00,12,291.30002,369,0,0,92.200005,-1.42,-0.71999997,0.0124699995,96555.4
2018-09-20 08:00:00,12,292.1,358,6,0,95,-0.89,-0.41,0.013409999,96843.31
2018-09-20 14:00:00,12,301.5,380,578,3.1e-05,61.9,1.75,-0.22999999,0.015509999,96883.35
2018-09-20 20:00:00,12,294.1,388,369,0.000112,97.200005,1.1899999,-1.4599999,0.0156,96866.555
2018-09-21 02:00:00,12,293,379,0,1.9e-05,99.4,1.49,-0.59,0.01488,97022.87
2018-09-21 08:00:00,12,293.2,410,2,5.2e-05,98.8,1.39,-0.14999999,0.01492,96970.586
2018-09-21 14:00:00,12,299.6,405,380,1.2e-05,69.200005,2.77,-0.22,0.015489999,96873.21
2018-09-21 20:00:00,12,294.6,392,336,3.4e-05,96.1,2.02,-0.26,0.01589,96692.2
2018-09-22 02:00:00,12,293.7,385,0,3e-06,96.1,1.8199999,2.11,0.0150999995,96731.77
2018-09-22 08:00:00,12,291.80002,370,6,1e-06,96.8,-0.59,1.73,0.01349,96622.54
2018-09-22 14:00:00,12,301.6,378,561,2.3e-05,59.9,-1,1.26,0.01514,96578.27
2018-09-22 20:00:00,12,293.9,397,311,0.000162,93.4,-1.39,0.089999996,0.014839999,96544.56
2018-09-23 02:00:00,12,291.30002,383,0,0.000338,97.4,-1.1,-3.03,0.01311,96734.56
2018-09-23 08:00:00,12,287.9,390,1,5e-05,97.700005,-1.3299999,-2.09,0.01059,96922.31
2018-09-23 14:00:00,12,288.5,382,120,4.2e-05,91.5,-1.3399999,-2.44,0.0102699995,97087.37
2018-09-23 20:00:00,12,286.9,377,123,1.8e-05,92.3,-1.35,-2.3,0.00933,97184.47
2018-09-24 02:00:00,12,285.80002,374,0,5.1e-05,98,-1.8399999,-2.02,0.00923,97251.62
2018-09-24 08:00:00,12,285.80002,376,1,5.2e-05,97.700005,-1.62,-2.1,0.00916,97393.27
2018-09-24 14:00:00,12,289.2,374,165,2.2e-05,89.700005,-1.26,-2.6599998,0.0105099995,97456.555
2018-09-24 20:00:00,12,288.28,382,116,1.7e-05,95.200005,-1.43,-1.93,0.0105099995,97364.945
2018-09-25 02:00:00,12,288,382,0,4.8e-05,98.5,-1.4,-0.57,0.010679999,97250.5
2018-09-25 08:00:00,12,288.1,384,3,2.5e-05,98.9,-1.41,-0.22999999,0.01077,97303.49
2018-09-25 14:00:00,12,295.2,384,295,8e-06,77.9,0.96999997,-0.91999996,0.013359999,96987.27
2018-09-25 20:00:00,12,291.29,379,299,1e-06,96.1,1.48,-0.19,0.01291,96987.25
2018-09-26 02:00:00,12,289.91,353,0,0,97.700005,1.0799999,1.28,0.01206,96698.9
2018-09-26 08:00:00,12,289.4,344,5,0,98.1,0.56,1.62,0.01172,96694.484
2018-09-26 14:00:00,12,300.2,367,553,1.8e-05,62.8,2.08,1.55,0.01461,96483.58
2018-09-26 20:00:00,12,294.1,400,242,6.6e-05,97.3,1.62,1.11,0.01565,96563.65
2018-09-27 02:00:00,12,292,378,0,5e-06,98.200005,0.84999996,1.78,0.01382,96540.53
2018-09-27 08:00:00,12,291.1,359,5,0,97.1,-0.31,1.5899999,0.01291,96683.74
2018-09-27 14:00:00,12,301,378,522,1.1e-05,56.600002,1.89,0.91999996,0.01383,96705.85
2018-09-27 20:00:00,12,293.4,402,255,0.000112,95,0.85999995,0.65,0.014649999,96740.46
2018-09-28 02:00:00,12,292.4,376,0,3e-06,97.5,0.099999994,1.5,0.01404,97025.15
2018-09-28 08:00:00,12,291.6,364,4,0,97.700005,-1.01,1,0.013379999,97130.83
2018-09-28 14:00:00,12,302.7,377,532,0,51.600002,-0.90999997,0.25,0.01383,97215.46
2018-09-28 20:00:00,12,293.1,396,304,6e-06,86.4,0.22,-1.17,0.01298,97113.87
2018-09-29 02:00:00,12,292.80002,393,0,3.3e-05,94.9,-0.26,-1.43,0.01399,97360.4
2018-09-29 08:00:00,12,292.6,406,1,0.000111,98.3,-0.32,-1.74,0.01425,97460.37
2018-09-29 14:00:00,12,293.9,410,82,0.000225,96.1,0.45,-1.6999999,0.015149999,97342.3
2018-09-29 20:00:00,12,293.9,411,35,0.000147,98.8,0.51,-1.0699999,0.01564,97261.18
2018-09-30 02:00:00,12,292.4,399,0,2.3e-05,99.1,0.41,0.82,0.014269999,97111.46
2018-09-30 08:00:00,12,292,379,4,3e-06,98.6,-0.68,1.53,0.013809999,97156.234
2018-09-30 14:00:00,12,300,373,522,0,59.2,-2.07,1.11,0.01353,97079.55
2018-09-30 20:00:00,12,293.2,378,328,1e-06,89,-1.61,0.52,0.01349,96946.375
2018-10-01 02:00:00,12,290.30002,355,0,0,96.9,-0.96,1.1999999,0.01227,96791.43
2018-10-01 08:00:00,12,288.9,338,4,0,97.6,-0.68,1.5,0.011299999,96502.47
2018-10-01 14:00:00,12,297.80002,356,500,1.2e-05,65.4,-2.25,3.3,0.0131399995,96081.586
2018-10-01 20:00:00,12,288.9,373,154,3.3e-05,73.200005,-3.1699998,2.23,0.00853,96140.5
2018-10-02 02:00:00,12,283.9,319,0,1e-06,69.5,-3.33,0.39999998,0.00582,96363.89
2018-10-02 08:00:00,12,278.4,268,5,0,77.700005,-2.24,0.12,0.00444,96750.766
2018-10-02 14:00:00,12,285.30002,245,591,0,35.9,-3.1399999,-0.84999996,0.0033,96430.664
2018-10-02 20:00:00,12,280.1,260,361,0,60.3,-1.77,-0.82,0.00388,96631.59
2018-10-03 02:00:00,12,275.7,247,0,0,76,-1.61,-0.049999997,0.0036,96682.99
2018-10-03 08:00:00,12,274.7,241,4,0,80.8,-1.68,-0.51,0.0035599999,96835.06
2018-10-03 14:00:00,12,285.6,250,576,0,35.9,-1.61,-2.47,0.0033399998,96743.74
2018-10-03 20:00:00,12,278.7,262,354,0,63.7,-0.26,-1.75,0.00372,96724.08
2018-10-04 02:00:00,12,275.03,244,0,0,72.4,-1.8499999,-0.04,0.00327,96802.914
2018-10-04 08:00:00,12,274.80002,242,4,0,71,-1.89,0.22999999,0.00315,96743.43
2018-10-04 14:00:00,12,289.5,269,561,0,44,-1.88,-1.35,0.00526,96783.37
2018-10-04 20:00:00,12,281.5,287,343,0,86,-0.35,-1.89,0.00611,96759.96
2018-10-05 02:00:00,12,277.75998,268,0,0,96.9,-1.5899999,-0.13,0.00531,96781.055
2018-10-05 08:00:00,12,277.1,255,4,0,95.3,-1.7099999,0.45,0.0049699997,97224.75
2018-10-05 14:00:00,12,289,262,574,0,38.4,-2.05,-2.29,0.00447,96836.65
2018-10-05 20:00:00,12,280.94998,275,348,0,78.4,-0.78999996,-1.7199999,0.00531,97172.445
2018-09-19 20:00:00,13,295,9.999e+20,9.999e+20,9.999e+20,80.6,0.53,0.13,0.01371,96364.12
2018-09-20 02:00:00,13,290.80002,374,0,1.8e-05,95,-1.11,-0.53,0.012449999,96560.914
2018-09-20 08:00:00,13,292.1,359,6,0,94.9,-0.78999996,-0.71,0.01344,96786.12
2018-09-20 14:00:00,13,299.7,379,579,6.3e-05,75.5,1.49,-0.79999995,0.01704,96858.25
2018-09-20 20:00:00,13,294.2,389,360,4.5e-05,97.4,1.37,-1.14,0.0157,96857.48
2018-09-21 02:00:00,13,293.30002,387,0,2.1e-05,99,1.6999999,-0.64,0.01512,96998.52
2018-09-21 08:00:00,13,293,409,2,4.5e-05,99.1,1.49,-0.19999999,0.01483,96972.25
2018-09-21 14:00:00,13,298.80002,411,297,1.2e-05,72.200005,2.9299998,0.41,0.015439999,96851.164
2018-09-21 20:00:00,13,294.4,403,251,5e-06,97.4,2,-0.089999996,0.01597,96697.67
2018-09-22 02:00:00,13,293.9,384,0,3e-06,95,1.9599999,2.06,0.01511,96699.414
2018-09-22 08:00:00,13,291.80002,366,6,0,96.5,-0.68,1.7199999,0.013429999,96634.73
2018-09-22 14:00:00,13,304.5,376,578,9e-06,51.4,0.01,0.61,0.015439999,96557.74
2018-09-22 20:00:00,13,292.7,390,371,0.000216,94.3,-0.24,0.55,0.0139,96597.93
2018-09-23 02:00:00,13,291.7,364,0,0.000108,98.9,-1.55,-0.84,0.01365,96658.05
2018-09-23 08:00:00,13,289.7,393,0,5.6e-05,97,-0.59999996,-2.6599998,0.011779999,96898
2018-09-23 14:00:00,13,288.30002,384,129,4.3e-05,91.9,-1.4699999,-2.55,0.01017,97100.586
2018-09-23 20:00:00,13,287.2,372,80,1.9e-05,94.1,-1.1899999,-1.78,0.0097199995,97230.49
2018-09-24 02:00:00,13,286.1,357,0,1.1e-05,95.1,-1.28,-1.4,0.009099999,97301.58
2018-09-24 08:00:00,13,285,345,5,3e-06,96.6,-1.67,-0.47,0.00861,97459.375
2018-09-24 14:00:00,13,291.80002,375,186,2.4e-05,89.8,-0.82,-1.9599999,0.01244,97352.84
2018-09-24 20:00:00,13,290.1,397,43,7.7e-05,98.200005,-1.4699999,-1.75,0.01222,97380.766
2018-09-25 02:00:00,13,289.81,395,0,0.000106,99,-1.1899999,-1.4,0.01206,97345.59
2018-09-25 08:00:00,13,290,394,1,3.8e-05,99,-1.24,-0.84,0.012209999,97273.95
2018-09-25 14:00:00,13,294.80002,401,162,2.4e-05,88.9,-0.29,-1.1899999,0.0148,97168.26
2018-09-25 20:00:00,13,290.74,385,232,7e-06,98,0.57,-1.0699999,0.012709999,96977.664
2018-09-26 02:00:00,13,291.2,359,0,1e-06,98.6,0.94,1.0799999,0.01322,96948.64
2018-09-26 08:00:00,13,292.5,391,3,5e-06,97.700005,0.84,0.48,0.01419,96871.055
2018-09-26 14:00:00,13,299.2,410,314,1.2e-05,70.1,2.8899999,0.77,0.015389999,96708.75
2018-09-26 20:00:00,13,294.2,391,316,8.9e-05,94.9,1.63,1.1,0.015339999,96557.71
2018-09-27 02:00:00,13,292.2,372,0,7.2e-05,98.700005,0.96,1.55,0.01416,96411.21
2018-09-27 08:00:00,13,291.5,370,4,0.000104,99.200005,-0.53999996,1.6899999,0.01361,96503.72
2018-09-27 14:00:00,13,298.6,379,518,6.6e-05,76.6,0.58,0.35,0.01629,96372.27
2018-09-27 20:00:00,13,293.2,398,231,0.000553,97.200005,-1.62,0.45999998,0.014789999,96328.81
2018-09-28 02:00:00,13,291.41998,387,0,0.000232,98.1,-1.16,0.08,0.013359999,96579.555
2018-09-28 08:00:00,13,290.5,381,4,0.000188,98.8,-0.95,1.17,0.01273,96396.86
2018-09-28 14:00:00,13,297.80002,370,459,1.1e-05,57.5,-2.1499999,2.07,0.01164,96513.69
2018-09-28 20:00:00,13,291.7,356,334,0,76.9,-1.8299999,1.18,0.01067,96526.59
2018-09-29 02:00:00,13,286.2,316,0,0,89.9,-1.28,1.15,0.00871,96792.555
2018-09-29 08:00:00,13,284.80002,304,5,0,87,-1.7199999,0.17,0.0077,96977.13
2018-09-29 14:00:00,13,292.9,341,445,3e-06,67.5,0.9,-2.2,0.010009999,97029.336
2018-09-29 20:00:00,13,289.2,374,161,6e-06,87.200005,0.29999998,-1.3299999,0.010249999,96993.32
2018-09-30 02:00:00,13,285.36,328,0,0,98.1,0.35999998,-1.29,0.00899,96840.984
2018-09-30 08:00:00,13,286.7,369,1,1.5e-05,95.1,0.17999999,-1.24,0.00949,96955.984
2018-09-30 14:00:00,13,288.30002,379,66,0.000138,97.4,0.95,-1.31,0.01084,96344.555
2018-09-30 20:00:00,13,290.5,391,64,0.000185,99.4,1.38,-1.01,0.01282,96033.94
2018-10-01 02:00:00,13,290.88998,397,0,0.000916,94.5,-0.58,3.6899998,0.01266,95599.92
2018-10-01 08:00:00,13,280.1,298,4,2.3e-05,77.700005,-2.95,3.46,0.00502,96064.94
2018-10-01 14:00:00,13,287.5,273,568,0,52.9,-4.08,3.58,0.0056,96197.49
2018-10-01 20:00:00,13,281.2,273,362,0,72.3,-1.8399999,1.7099999,0.0050299997,96342.78
2018-10-02 02:00:00,13,276.63998,250,0,0,89.3,-1.39,1.22,0.00451,96638.94
2018-10-02 08:00:00,13,275.80002,243,5,0,89.6,-1.25,0.85999995,0.00427,96524.19
2018-10-02 14:00:00,13,290.30002,262,580,0,41.9,1.06,-0.74,0.00531,96719.516
2018-10-02 20:00:00,13,280.80002,278,362,0,89.200005,1.38,-0.91999996,0.00604,96405.44
2018-10-03 02:00:00,13,278.2,264,0,0,92.700005,0.98999995,1.2099999,0.00523,96469.5
2018-10-03 08:00:00,13,277.4,258,4,0,92.6,-0.84999996,0.78,0.00494,96432.914
2018-10-03 14:00:00,13,294,277,581,0,42.7,0.55,-0.93,0.00684,96499.26
2018-10-03 20:00:00,13,282.2,295,355,0,88.6,0.29,-1.4699999,0.00665,96338.73
2018-10-04 02:00:00,13,281.09,277,0,0,84.4,-1.9,0.13,0.00582,96493.29
2018-10-04 08:00:00,13,279.80002,272,4,0,89.8,-1.77,0.62,0.00567,96620.83
2018-10-04 14:00:00,13,292.5,289,563,0,48.7,-2.3899999,-2.34,0.0071099997,96571.35
2018-10-04 20:00:00,13,285.1,304,343,0,86.200005,-1.5899999,-1.48,0.00776,96746.74
2018-10-05 02:00:00,13,281.43,283,0,0,97.9,-1.8499999,0.21,0.00689,96979.2
2018-10-05 08:00:00,13,280.4,275,4,0,97.9,-1.8399999,0.45999998,0.0064,96917.27
2018-10-05 14:00:00,13,291.7,288,553,0,52.600002,-1.9599999,-2.27,0.00726,96923.375
2018-10-05 20:00:00,13,284,303,336,0,92.9,-0.01,-1.8,0.0077899997,96915.164
2018-09-19 20:00:00,14,294.7,9.999e+20,9.999e+20,9.999e+20,75.1,-0.089999996,0.65,0.01254,96410.25
2018-09-20 02:00:00,14,291.7,369,0,0,89.1,-1.55,-0.76,0.0123499995,96627.98
2018-09-20 08:00:00,14,291.9,356,7,0,94.1,-0.69,-0.61,0.01313,96825.14
2018-09-20 14:00:00,14,300.80002,375,582,2.3e-05,61.8,1.76,-1.17,0.014909999,96905.54
2018-09-20 20:00:00,14,294.1,387,361,5.8999998e-05,96.3,1.4,-1.27,0.01543,96852.93
2018-09-21 02:00:00,14,292.30002,369,0,1.5e-05,99,1.4399999,-0.26,0.01414,97017.62
2018-09-21 08:00:00,14,292.9,404,3,3.1e-05,98.700005,1.49,0.25,0.01469,96998.2
2018-09-21 14:00:00,14,298.4,417,225,1.1e-05,73.3,2.6599998,0.51,0.015299999,96858.414
2018-09-21 20:00:00,14,294.6,388,351,1.8e-05,94.4,2.12,0,0.01567,96703.12
2018-09-22 02:00:00,14,292.4,365,0,0,98.9,1.03,1.86,0.01432,96721.664
2018-09-22 08:00:00,14,291.5,353,6,0,95.4,-0.68,1.5799999,0.01301,96754.5
2018-09-22 14:00:00,14,302.9,376,578,1.6e-05,53.8,1.0799999,-0.57,0.0146699995,96668.85
2018-09-22 20:00:00,14,293.6,385,373,0.00011,92,1.23,-1.11,0.0143099995,96627.375
2018-09-23 02:00:00,14,290.1,363,0,6.7e-05,98.5,0.94,0.28,0.01234,96654.25
2018-09-23 08:00:00,14,291.30002,354,6,0,99.5,1.01,0.91999996,0.013429999,96708.55
2018-09-23 14:00:00,14,299.80002,371,563,6.2e-05,63.600002,2.28,-0.08,0.01442,96697.93
2018-09-23 20:00:00,14,293.2,376,359,5e-05,91.3,-0.39,-1.93,0.0138799995,96806.055
2018-09-24 02:00:00,14,292,374,0,1.4e-05,97.5,0.06,-1.41,0.01373,96914.39
2018-09-24 08:00:00,14,291.9,405,1,3.9e-05,98.9,-0.39999998,-1.41,0.01378,97098.055
2018-09-24 14:00:00,14,293.2,407,28,0.000224,98.700005,0.099999994,-1.66,0.014889999,97111.02
2018-09-24 20:00:00,14,293,393,163,0.000127,98.3,-0.44,-1.6999999,0.0146699995,97128.31
2018-09-25 02:00:00,14,292.80002,406,0,7.4e-05,98.700005,1.4499999,-1.74,0.01461,97098.12
2018-09-25 08:00:00,14,292.5,407,1,3.5e-05,98.4,0.76,-1.15,0.01425,97176.91
2018-09-25 14:00:00,14,295.80002,407,145,3.1e-05,86.6,0.63,-1.16,0.0154,97205.61
2018-09-25 20:00:00,14,293.7,402,198,0.000176,97.9,0.55,-1.53,0.01529,97009.016
2018-09-26 02:00:00,14,293.4,410,0,0.000194,98.4,1.61,-1.11,0.015079999,97106.94
2018-09-26 08:00:00,14,293.2,414,1,7.6e-05,99.200005,0.94,-0.72999996,0.015009999,96983.49
2018-09-26 14:00:00,14,297.5,412,274,0.000137,90.3,2.83,0.19,0.01778,96933.79
2018-09-26 20:00:00,14,294.7,400,206,0.000245,98.6,1.9599999,0.17,0.016409999,96669.37
2018-09-27 02:00:00,14,294.5,416,0,2.1e-05,98.5,2.1599998,0.97999996,0.0162,96652.84
2018-09-27 08:00:00,14,292.80002,387,5,4e-06,99.4,0.84,1.36,0.01475,96705.14
2018-09-27 14:00:00,14,299.80002,381,548,6.8e-05,74.1,1.9399999,0.87,0.016889999,96614.68
2018-09-27 20:00:00,14,295.2,401,287,7.6e-05,95.3,1.65,0.69,0.016379999,96634.05
2018-09-28 02:00:00,14,293.2,383,0,7e-06,99.1,1.37,1.23,0.0150999995,96499.26
2018-09-28 08:00:00,14,293.1,382,3,2e-06,98,1.8499999,1.35,0.01483,96502.9
2018-09-28 14:00:00,14,298.4,398,419,4.2e-05,78.1,1.76,2.09,0.016239999,96380.875
2018-09-28 20:00:00,14,293.30002,398,141,0.000414,96.5,-1.4,1.86,0.0148,96420.94
2018-09-29 02:00:00,14,287.2,340,0,0,92.5,-1.74,1.8,0.00962,96545.836
2018-09-29 08:00:00,14,283.30002,292,5,0,77.3,-2.47,1.8499999,0.00618,96840.65
2018-09-29 14:00:00,14,290.80002,267,602,0,35.5,-2.58,1.02,0.0046,97126.6
2018-09-29 20:00:00,14,283.5,283,372,0,63.8,-1.61,0.17,0.00514,97265.52
2018-09-30 02:00:00,14,280.1,270,0,0,78,-1.53,-0.66999996,0.005,97415.11
2018-09-30 08:00:00,14,278.6,261,5,0,88.700005,-0.94,-0.84999996,0.0050899996,97500.7
2018-09-30 14:00:00,14,290,273,582,0,46.2,0.29,-1.77,0.0057099997,97300.11
2018-09-30 20:00:00,14,281.80002,288,358,0,89.1,0.69,-1.35,0.0064399997,97247.04
2018-10-01 02:00:00,14,277.1,274,0,0,93.200005,-0.11,-0.04,0.0048599998,97306.15
2018-10-01 08:00:00,14,279.80002,271,5,0,85.8,-1.4399999,0.77,0.0054099998,97179.44
2018-10-01 14:00:00,14,294,290,576,0,43,-0.85999995,-2.3,0.00683,97217.25
2018-10-01 20:00:00,14,284,304,355,0,88.8,0.04,-1.5999999,0.0074099996,97061.67
2018-10-02 02:00:00,14,280.80002,283,0,0,94.1,-1.11,-1.31,0.00633,97376.14
2018-10-02 08:00:00,14,279.7,268,4,0,95.700005,-1.87,-0.76,0.00598,97134.086
2018-10-02 14:00:00,14,285.6,332,275,7e-05,91.5,-1.3,-1.79,0.0084999995,97159.13
2018-10-02 20:00:00,14,285.16998,367,47,0.000149,98.6,-1.66,-1.2099999,0.00893,96802.22
2018-10-03 02:00:00,14,286.47,376,0,0.00014,99.4,-0.83,-0.88,0.00983,96710.51
2018-10-03 08:00:00,14,288.19,385,1,0.000137,99.4,-0.17,-1.18,0.01097,96888.37
2018-10-03 14:00:00,14,293.4,397,118,6.3e-05,95.200005,1.05,-0.57,0.01464,96922.46
2018-10-03 20:00:00,14,290.83,388,163,7e-05,98.8,0.75,-0.90999997,0.012879999,97019.4
2018-10-04 02:00:00,14,291.87,396,0,5.8999998e-05,99.200005,0.79999995,-0.89,0.01382,97042.89
2018-10-04 08:00:00,14,291.80002,403,2,4e-05,99.3,0.93,-0.59,0.013669999,97406.984
2018-10-04 14:00:00,14,296.80002,406,280,2.4e-05,82.1,1.6899999,-0.52,0.015459999,97464.54
2018-10-04 20:00:00,14,292.62,399,218,1.1e-05,96.5,1.12,-0.64,0.01404,97370.87
2018-10-05 02:00:00,14,292.30002,398,0,1.3e-05,98.1,0.78,-0.14999999,0.013979999,97539.67
2018-10-05 08:00:00,14,292.62,402,2,1.5e-05,98.9,1.26,-0.12,0.0144,97405.18
2018-10-05 14:00:00,14,298.80002,404,340,1.6e-05,70.1,2.21,0.74,0.014889999,97411.91
2018-10-05 20:00:00,14,293.5,388,267,3e-06,95.6,1.7099999,0.35,0.014699999,97560.375
2018-09-19 20:00:00,15,295.2,9.999e+20,9.999e+20,9.999e+20,72.700005,1.18,0.59,0.01255,96432.81
2018-09-20 02:00:00,15,290.5,370,0,1e-06,94.6,-1.13,-0.39,0.01213,96618.15
2018-09-20 08:00:00,15,292.1,358,6,0,94,-0.96999997,-0.28,0.013359999,96823.31
2018-09-20 14:00:00,15,300.30002,381,578,5.6e-05,71.6,1.17,-0.88,0.016719999,96887.68
2018-09-20 20:00:00,15,294.30002,386,378,0.000129,97.6,1.1999999,-1.31,0.015859999,96889.23
2018-09-21 02:00:00,15,292.7,374,0,9e-06,99.3,1.37,-0.25,0.014529999,97024.04
2018-09-21 08:00:00,15,293.4,408,2,1.8e-05,98.6,1.4699999,0.35,0.01509,97007.48
2018-09-21 14:00:00,15,299.4,392,522,3.9e-05,73.8,3.33,0.32,0.01633,96911.54
2018-09-21 20:00:00,15,294.6,393,340,3.7e-05,94.8,2.02,-0.099999994,0.01572,96806.31
2018-09-22 02:00:00,15,292.6,370,0,0,98.9,1.02,1.8299999,0.01449,96787.93
2018-09-22 08:00:00,15,291.5,353,6,0,95.5,-0.87,1.5,0.013049999,96807.164
2018-09-22 14:00:00,15,304.80002,374,578,2e-06,48,0.65999997,-0.39999998,0.01464,96713.055
2018-09-22 20:00:00,15,293.6,393,365,3.7e-05,89.9,1.42,-0.65,0.014049999,96687.32
2018-09-23 02:00:00,15,291.80002,366,0,1.6e-05,96.5,0.75,1.2099999,0.0134,96694.625
2018-09-23 08:00:00,15,292,358,6,0,98.5,-0.5,0.16,0.013839999,96765.74
2018-09-23 14:00:00,15,296.9,377,541,0.000138,89.3,0.55,-1.8199999,0.01705,96800.5
2018-09-23 20:00:00,15,292.7,398,269,0.000273,98.3,-0.74,-2.71,0.01442,96953.086
2018-09-24 02:00:00,15,290.6,403,0,0.000123,98.200005,-0.84999996,-2.22,0.012639999,97121.48
2018-09-24 08:00:00,15,289.1,393,0,0.00011,98,-1.63,-2.55,0.01143,97348.58
2018-09-24 14:00:00,15,288.2,386,24,0.000405,97.1,-1.53,-2.24,0.01062,97506.29
2018-09-24 20:00:00,15,287.2,378,57,3.4e-05,96.700005,-1.51,-2.06,0.0099599995,97518.24
2018-09-25 02:00:00,15,290.6,391,0,7.7e-05,99.200005,0.39,-1.9499999,0.012709999,97353.555
2018-09-25 08:00:00,15,291.4,403,0,6.7e-05,99.200005,-0.22,-1.41,0.01335,97345.35
2018-09-25 14:00:00,15,295.30002,405,132,7.3e-05,92.4,0.7,-1.28,0.015859999,97290.62
2018-09-25 20:00:00,15,293.7,401,219,9e-06,98.200005,0.21,-1.49,0.01531,97061.336
2018-09-26 02:00:00,15,293.5,412,0,4.4e-05,99.200005,1.4699999,-0.42999998,0.01528,97030.414
2018-09-26 08:00:00,15,293.6,407,2,2e-05,99.700005,1.5799999,-0.26999998,0.0155,96887.2
2018-09-26 14:00:00,15,297.7,418,165,3.8e-05,87.8,3.07,0.77,0.01757,96834.7
2018-09-26 20:00:00,15,295,396,325,0.00018999999,98.3,2.3,0.35,0.0167,96524.24
2018-09-27 02:00:00,15,294.5,407,0,1.1e-05,97.9,2.9199998,1.3399999,0.016139999,96429.96
2018-09-27 08:00:00,15,293.7,402,3,6e-06,97.3,1.9,1.6999999,0.01533,96406.75
2018-09-27 14:00:00,15,297.80002,393,363,3.9e-05,76.6,1.62,2.8899999,0.01545,96372
2018-09-27 20:00:00,15,293.7,397,163,7.3e-05,94.8,-0.81,1.51,0.014839999,96609.31
2018-09-28 02:00:00,15,290.7,381,0,9e-06,98.1,-1.43,0.63,0.012759999,96593.87
2018-09-28 08:00:00,15,288.9,344,4,1e-06,97.4,-1.38,0.26999998,0.0112499995,96883.65
2018-09-28 14:00:00,15,297.30002,355,479,3e-06,57.3,0.48,-0.099999994,0.011109999,96784.68
2018-09-28 20:00:00,15,289,365,241,1e-06,90.9,0.75,-0.7,0.010609999,96896.65
2018-09-29 02:00:00,15,288.80002,356,0,1.9e-05,95.3,0.77,-1.42,0.01098,96943.95
2018-09-29 08:00:00,15,286.1,373,1,0.000155,97,0.71,-0.65999997,0.00935,96828.305
2018-09-29 14:00:00,15,286.7,360,122,0.000516,94.700005,1.1899999,-0.72999996,0.00947,96760.9
2018-09-29 20:00:00,15,286.9,369,121,1.4e-05,95.9,-1.1999999,0.96,0.00978,96526.23
2018-09-30 02:00:00,15,280.72998,302,0,0,78.200005,-1.63,1.55,0.00523,96840.57
2018-09-30 08:00:00,15,277.80002,253,5,0,79.3,-1.86,1.3,0.00433,96925.34
2018-09-30 14:00:00,15,288.30002,255,597,0,38.600002,-2.3,1.28,0.00426,97102.1
2018-09-30 20:00:00,15,279.9,274,370,0,81.9,-1.22,0.06,0.00518,96913.79
2018-10-01 02:00:00,15,275.97,263,0,0,89.200005,-0.22,-0.65,0.00428,97135.63
2018-10-01 08:00:00,15,277.30002,258,5,0,83.8,0.64,-0.65999997,0.0044199997,97198.914
2018-10-01 14:00:00,15,291.4,276,579,0,44.8,1.77,0.35999998,0.00606,97039.44
2018-10-01 20:00:00,15,284.22998,299,356,0,86.1,1.99,-0.17,0.00732,96922.336
2018-10-02 02:00:00,15,281.77,290,0,0,93,0.03,1.91,0.00671,96757.69
2018-10-02 08:00:00,15,282.1,297,4,0,91,-0.74,1.5899999,0.0067,96813.836
2018-10-02 14:00:00,15,293.5,328,474,0,57,-1.51,0.53,0.00875,96912.72
2018-10-02 20:00:00,15,287.07,372,136,2.9e-05,93.3,-1.55,0.07,0.00956,97046.24
2018-10-03 02:00:00,15,284.88998,366,0,0.000309,98,-1.05,-1.9399999,0.00871,96960.4
2018-10-03 08:00:00,15,282.1,355,1,0.000182,97.5,-0.13,-1.92,0.0071699996,97172.59
2018-10-03 14:00:00,15,284.7,342,213,1.7e-05,80.8,0.14,-1.5899999,0.0070399996,97171.28
2018-10-03 20:00:00,15,282.5,334,166,7e-06,92.9,0.32,-1.25,0.0069799996,97002.49
2018-10-04 02:00:00,15,279.52,301,0,2e-06,96.9,0.57,-0.38,0.00599,97064.62
2018-10-04 08:00:00,15,279.4,301,3,1e-06,98.200005,0.45999998,-0.29,0.0060199997,97138.71
2018-10-04 14:00:00,15,291.30002,318,444,2e-06,63.4,1.51,0.24,0.008479999,96867.49
2018-10-04 20:00:00,15,286.6,345,262,1e-06,88.700005,1.28,-0.78999996,0.00885,96783.49
2018-10-05 02:00:00,15,284.35,327,0,8e-06,96.9,1.3199999,0.5,0.0083,96991.62
2018-10-05 08:00:00,15,284.7,339,2,2.9e-05,98.200005,0.81,0.96,0.0086199995,96712.37
2018-10-05 14:00:00,15,297.5,347,477,3e-06,61.3,0.84999996,0.17999999,0.01206,97070.83
2018-10-05 20:00:00,15,289.9,379,236,2.3e-05,94.1,1.3199999,-0.38,0.01158,96789.24
2018-09-19 20:00:00,16,296.5,9.999e+20,9.999e+20,9.999e+20,61.7,1.04,1.27,0.01151,96382.89
2018-09-20 02:00:00,16,291.5,368,0,0,88.5,-1.5799999,0.42,0.012089999,96567.74
2018-09-20 08:00:00,16,291.7,358,6,0,92.200005,-1.27,-0.049999997,0.012739999,96775.32
2018-09-20 14:00:00,16,299.6,378,580,7.2e-05,75.9,1.5,-0.96999997,0.01706,96839.1
2018-09-20 20:00:00,16,294.2,386,379,5.6e-05,94.9,1.11,-1.5999999,0.015319999,96840.75
2018-09-21 02:00:00,16,293,377,0,2.6e-05,99.6,1.54,-0.63,0.014889999,96983.53
2018-09-21 08:00:00,16,293.4,412,2,2.9e-05,98.3,1.67,0.48999998,0.015059999,96947.84
2018-09-21 14:00:00,16,300.5,400,453,3e-06,61.3,3.06,0.34,0.01449,96811.766
2018-09-21 20:00:00,16,295,384,371,0,90.700005,2.33,0.06,0.015389999,96694.445
2018-09-22 02:00:00,16,292.5,366,0,0,99,1.27,1.81,0.014409999,96741.79
2018-09-22 08:00:00,16,291.6,355,6,0,96.9,-0.45,1.5899999,0.013289999,96691.375
2018-09-22 14:00:00,16,302.6,376,579,7e-06,51.3,1.7099999,-0.08,0.01376,96568.45
2018-09-22 20:00:00,16,293.30002,384,373,0.00014,89.200005,1.06,0.90999997,0.01366,96516.33
2018-09-23 02:00:00,16,290,364,0,0.000115,98.3,0.45999998,0.71999997,0.01218,96554.08
2018-09-23 08:00:00,16,291.30002,354,5,1.9e-05,99.9,0.64,-0.28,0.01349,96658.27
2018-09-23 14:00:00,16,295.9,383,426,0.000135,91.1,0.91999996,-1.7099999,0.01633,96745.8
2018-09-23 20:00:00,16,289.4,394,196,0.000178,97.4,-1.38,-2.8899999,0.01156,96961.24
2018-09-24 02:00:00,16,288.2,388,0,8.9e-05,98.200005,-1.37,-2.24,0.01078,97082.37
2018-09-24 08:00:00,16,287.2,384,0,0.000129,97.6,-1.3399999,-2.73,0.010059999,97319.08
2018-09-24 14:00:00,16,287.35,375,96,5.6e-05,95.3,-1.67,-2.52,0.00988,97541.56
2018-09-24 20:00:00,16,287.16998,378,71,3.5e-05,96.8,-1.2099999,-1.6999999,0.00993,97468.836
2018-09-25 02:00:00,16,287.87,385,0,8.2e-05,98.9,-1.3299999,-1.11,0.01064,97332.74
2018-09-25 08:00:00,16,289.30002,390,1,8.5e-05,99,-0.57,-1.22,0.01169,97300.98
2018-09-25 14:00:00,16,294.53,402,150,3.1e-05,90.5,0.75,-1.7099999,0.01488,97048.555
2018-09-25 20:00:00,16,293.07,387,235,1.8e-05,97.8,1.06,-1.3,0.01471,96846.92
2018-09-26 02:00:00,16,292.63,409,0,1.9e-05,98.700005,1.39,0.22,0.014479999,96626.81
2018-09-26 08:00:00,16,292.80002,406,3,1.3e-05,98.700005,1.8399999,0.83,0.01469,96453.13
2018-09-26 14:00:00,16,298.4,406,300,2e-05,73.4,1.9599999,2.01,0.015369999,96375.016
2018-09-26 20:00:00,16,294.30002,396,275,7.3e-05,97,1.4399999,1.25,0.015859999,96421.4
2018-09-27 02:00:00,16,291.9,389,0,4e-05,97.9,0.53999996,1.88,0.01373,96536.086
2018-09-27 08:00:00,16,290.80002,372,4,6e-06,96.700005,-0.56,1.73,0.01267,96674.33
2018-09-27 14:00:00,16,297.80002,374,527,0.000142,80.9,-0.44,-1.5999999,0.01623,96802.19
2018-09-27 20:00:00,16,292.80002,384,299,0.000387,97.700005,-0.83,-2.36,0.01447,96945.45
2018-09-28 02:00:00,16,290.30002,387,0,0.000155,97,-0.32999998,-2.19,0.012209999,97251.82
2018-09-28 08:00:00,16,287.6,374,2,1.9e-05,95.4,-0.84,-1.22,0.01009,97497.6
2018-09-28 14:00:00,16,291.9,383,182,9e-06,68.4,-0.19999999,-1.28,0.00949,97357.4
2018-09-28 20:00:00,16,289.30002,377,179,6e-06,89.200005,0.45,-0.76,0.01055,97263.33
2018-09-29 02:00:00,16,289.30002,378,0,1.3e-05,92.4,-0.01,-0.59999996,0.010919999,97067.516
2018-09-29 08:00:00,16,290,385,1,2.3e-05,97.1,0.97999996,0.07,0.01206,96991.055
2018-09-29 14:00:00,16,296.7,396,301,1.5e-05,77,2.78,0.52,0.014479999,96698.5
2018-09-29 20:00:00,16,293.4,398,178,0.00017,97.200005,1.5799999,0.93,0.015,96488.35
2018-09-30 02:00:00,16,291.4,392,0,0.00049299997,98.3,-0.61,1.43,0.0134,96390.11
2018-09-30 08:00:00,16,288.6,382,1,0.000475,97.3,-1.4599999,1.13,0.0111,96286.52
2018-09-30 14:00:00,16,289.30002,370,177,0.000314,95.3,-1.66,-0.29,0.01138,96214.016
2018-09-30 20:00:00,16,287.80002,372,58,0.000248,98.200005,-0.90999997,-0.42,0.010609999,96278.17
2018-10-01 02:00:00,16,286.6,371,0,0.000156,98.5,-1.09,0.41,0.00987,96254.914
2018-10-01 08:00:00,16,284.1,355,3,7.4999996e-05,98.1,-1.36,0.72999996,0.00835,96388.62
2018-10-01 14:00:00,16,290.9,305,506,2e-06,52.8,-1.7099999,-0.48,0.0069399998,96608.62
2018-10-01 20:00:00,16,283.6,299,343,0,83.6,-1.17,-1.17,0.00679,96686.92
2018-10-02 02:00:00,16,279.80002,274,0,0,92.1,-1.5999999,-0.12,0.0058,97005.1
2018-10-02 08:00:00,16,278.7,261,5,0,92.3,-1.52,0.52,0.00538,96957.37
2018-10-02 14:00:00,16,291.80002,275,580,0,41.5,-1.56,-1.25,0.00573,97090.47
2018-10-02 20:00:00,16,282.5,290,357,0,83.700005,-0.16,-1.63,0.0063199997,96794.61
2018-10-03 02:00:00,16,278.5,274,0,0,91.9,-1.1899999,-0.21,0.00527,97147
2018-10-03 08:00:00,16,280.1,270,4,0,85.5,-1.4699999,0.90999997,0.0054699997,97188.15
2018-10-03 14:00:00,16,293.9,289,567,0,39.3,-1.93,-0.42999998,0.0061999997,96910.766
2018-10-03 20:00:00,16,283.7,305,348,0,87.8,-1.14,-0.5,0.00719,97069.6
2018-10-04 02:00:00,16,281.6,285,0,0,90.200005,-1.3,1.03,0.00641,97009.19
2018-10-04 08:00:00,16,280.80002,277,4,0,90.200005,-1.25,1.15,0.00605,97196.555
2018-10-04 14:00:00,16,296.30002,299,555,0,42.8,-0.57,0,0.00783,96931.07
2018-10-04 20:00:00,16,283.55,322,336,0,86.3,0.26,-0.02,0.00696,97157.586
2018-10-05 02:00:00,16,282.19,305,0,0,93.200005,-0.90999997,-0.44,0.0069,97130.87
2018-10-05 08:00:00,16,281.80002,298,3,0,98,-0.25,-1.14,0.0070499997,97323.086
2018-10-05 14:00:00,16,289.5,340,326,8e-06,75.5,0.66999996,-1.38,0.00901,97509.28
2018-10-05 20:00:00,16,286,362,101,8e-06,95.5,0.47,-1.24,0.00909,97442.18
2018-09-19 20:00:00,17,295.6,9.999e+20,9.999e+20,9.999e+20,69.9,1.62,-0.089999996,0.01236,96407.805
2018-09-20 02:00:00,17,289.1,370,0,0,94.3,-0.48,-0.38,0.01109,96596.53
2018-09-20 08:00:00,17,292.1,356,6,0,94.6,0.03,-0.62,0.013379999,96814.83
2018-09-20 14:00:00,17,301.30002,379,580,3e-05,60.2,2.21,-0.01,0.01492,96840.17
2018-09-20 20:00:00,17,294.1,399,299,8.1e-05,95.5,1.4399999,-1.54,0.01531,96829.625
2018-09-21 02:00:00,17,292.9,379,0,1e-05,99.3,1.54,-0.17,0.014769999,96993.43
2018-09-21 08:00:00,17,293.1,408,2,2.4e-05,98.700005,1.5899999,0.28,0.01488,96955.95
2018-09-21 14:00:00,17,300.6,398,415,5e-06,60.8,2.79,0.53999996,0.014509999,96811.97
2018-09-21 20:00:00,17,295.1,384,378,0,89.8,2.36,0.21,0.015389999,96657.41
2018-09-22 02:00:00,17,292.6,365,0,0,98.8,1.38,1.92,0.01444,96716.96
2018-09-22 08:00:00,17,291.7,356,6,0,95.6,-0.76,1.65,0.01321,96697.79
2018-09-22 14:00:00,17,302.1,379,575,6.4e-05,59.100002,1.49,0.31,0.01536,96609.38
2018-09-22 20:00:00,17,292.7,389,359,0.000452,95.5,-0.42,-0.39999998,0.01404,96588.07
2018-09-23 02:00:00,17,292.1,371,0,0.000375,99.1,-0.31,-1.54,0.014049999,96696.43
2018-09-23 08:00:00,17,291.80002,407,1,5.3e-05,98.700005,0.14,-1.5899999,0.01373,96722.31
2018-09-23 14:00:00,17,289.5,399,66,0.000101,97.6,-1.4399999,-2.6699998,0.01174,96972.164
2018-09-23 20:00:00,17,287.4,386,53,5.2e-05,97.8,-1.65,-2.3799999,0.010179999,97205.06
2018-09-24 02:00:00,17,285.11,367,0,8e-06,96.8,-1.52,-1.31,0.00868,97319.89
2018-09-24 08:00:00,17,284.4,351,3,2e-06,93.700005,-1.86,-1.43,0.00803,97482.305
2018-09-24 14:00:00,17,288.1,370,136,2.8e-05,90,-1.0699999,-3,0.0098,97507.164
2018-09-24 20:00:00,17,287.4,378,55,6.4e-05,97.9,-1.15,-2.58,0.01019,97518.69
2018-09-25 02:00:00,17,287.1,379,0,0.000105,98.5,-0.96999997,-1.4,0.01004,97410.46
2018-09-25 08:00:00,17,287.80002,383,1,5.7e-05,98.700005,-0.9,-0.91999996,0.01054,97387.016
2018-09-25 14:00:00,17,294.4,395,211,1.5e-05,84.6,0.96999997,-1.55,0.013809999,97115.77
2018-09-25 20:00:00,17,292.6,395,200,1.2e-05,97.5,1.55,-0.84999996,0.01426,96773.69
2018-09-26 02:00:00,17,292.12,397,0,9e-06,98.8,2.11,-0.04,0.01404,96694.73
2018-09-26 08:00:00,17,292.1,391,2,4.3e-05,97.700005,2.08,0.58,0.013839999,96550
2018-09-26 14:00:00,17,297.9,407,286,1.5e-05,75.4,2.09,1.78,0.01533,96395.68
2018-09-26 20:00:00,17,293.59943,399,186,8.9e-05,97.9,1.06,1.38,0.01524,96225.04
2018-09-27 02:00:00,17,290.30002,373,0,3.7e-05,97,-1.17,2.1599998,0.01231,96340.305
2018-09-27 08:00:00,17,284.9,313,5,0,93.5,-2.21,2.08,0.008359999,96565.336
2018-09-27 14:00:00,17,295.1,308,576,0,48.5,-2.75,1.2099999,0.0083,96759.74
2018-09-27 20:00:00,17,287.30002,316,372,0,72.700005,-2.12,0.42999998,0.0075899996,96897.56
2018-09-28 02:00:00,17,283,291,0,0,76,-1.42,0.7,0.0059599997,96934.4
2018-09-28 08:00:00,17,282.4,289,5,0,85.700005,-0.58,-0.68,0.0064399997,97262.195
2018-09-28 14:00:00,17,295.1,314,570,0,55.2,1.79,0.44,0.009389999,97102.586
2018-09-28 20:00:00,17,288.30002,342,308,0,87.9,1.65,-0.48,0.00975,97107.586
2018-09-29 02:00:00,17,285.84,318,0,0,95.4,0.56,1.62,0.009,97099.734
2018-09-29 08:00:00,17,284,305,5,0,95.6,-0.14,0.87,0.00802,97108.24
2018-09-29 14:00:00,17,296.30002,324,565,0,53.9,2.6699998,-0.14999999,0.00988,96967.664
2018-09-29 20:00:00,17,290,349,332,0,90.700005,1.9799999,-0.32,0.01122,96914.55
2018-09-30 02:00:00,17,286.5,324,0,0,97,1.04,1.55,0.009579999,96797.12
2018-09-30 08:00:00,17,286.1,324,4,2e-06,96,-0.21,1.49,0.00932,96353.836
2018-09-30 14:00:00,17,291.9,354,329,3.2e-05,81.1,-1.5699999,1.4699999,0.01141,96553.27
2018-09-30 20:00:00,17,287.30002,367,124,6.6e-05,95.700005,-1.9399999,0.049999997,0.01,96253.1
2018-10-01 02:00:00,17,284.91998,366,0,0.000387,97.3,-1.77,-1.38,0.0087,96485.086
2018-10-01 08:00:00,17,283.2,355,0,0.000228,97.8,-1.12,-1.7099999,0.00782,96271.08
2018-10-01 14:00:00,17,284.2,356,50,0.000271,96,-1.09,-1.22,0.0081899995,96235.64
2018-10-01 20:00:00,17,281.9,346,43,7.6e-05,98.8,-0.42,-0.95,0.0072999997,96074.62
2018-10-02 02:00:00,17,280.97998,302,0,1e-06,98.5,-1.17,0.87,0.0067999996,95916.64
2018-10-02 08:00:00,17,278.84,276,4,0,97.9,-1.25,1.09,0.0058,96459.71
2018-10-02 14:00:00,17,288.4,266,581,0,42.3,-2.61,1.88,0.0047899997,95888.9
2018-10-02 20:00:00,17,282.2,275,359,0,69.1,-1.91,1.1,0.00514,96688.375
2018-10-03 02:00:00,17,277.77,258,0,0,83.9,-1.36,1.12,0.0046,96533.164
2018-10-03 08:00:00,17,276.7,249,4,0,87.1,-1.28,0.69,0.00439,97048.4
2018-10-03 14:00:00,17,290.2,269,576,0,42.4,0.56,-1.5899999,0.00532,96933.305
2018-10-03 20:00:00,17,279.83,285,351,0,90,0.72999996,-1.02,0.00566,97206.08
2018-10-04 02:00:00,17,275.7,267,0,0,92.6,-0.19999999,-0.35999998,0.0043699997,97162.95
2018-10-04 08:00:00,17,276.7,260,4,0,93.8,-0.75,-0.34,0.00474,97269.41
2018-10-04 14:00:00,17,292.1,276,572,0,40.7,-0.31,-1.92,0.00567,97839.21
2018-10-04 20:00:00,17,280.4,289,350,0,88.1,-0.28,-1.29,0.00579,97320.48
2018-10-05 02:00:00,17,276.68,270,0,0,90.1,-0.56,-0.099999994,0.0045499997,97379.41
2018-10-05 08:00:00,17,278.9,265,4,0,84.3,-1.5699999,-0.049999997,0.00496,97593.85
2018-10-05 14:00:00,17,295.4,281,564,0,34.4,0.12,-1.05,0.0059599997,97109.266
2018-10-05 20:00:00,17,282.30002,303,335,0,85.5,0.56,-1.0799999,0.0063799997,97090.11
2018-09-19 20:00:00,18,294.30002,9.999e+20,9.999e+20,9.999e+20,78.5,0.28,0.68,0.01277,96455.516
2018-09-20 02:00:00,18,291.1,368,0,1e-06,94.200005,-1.5699999,-0.13,0.01254,96624.336
2018-09-20 08:00:00,18,291.7,356,6,0,94.200005,-0.95,-0.51,0.012999999,96824.836
2018-09-20 14:00:00,18,299.6,377,579,5e-05,72.1,1.88,-0.87,0.01615,96911.51
2018-09-20 20:00:00,18,294.1,386,377,5.3e-05,95.3,1.28,-1.42,0.015249999,96878.78
2018-09-21 02:00:00,18,292,368,0,1.1e-05,99.1,1.38,-0.19999999,0.01389,97027.6
2018-09-21 08:00:00,18,292.9,395,2,7e-06,98.200005,1.4499999,0.72999996,0.01462,96977.71
2018-09-21 14:00:00,18,301.30002,390,524,1e-06,57,2.6799998,0.65,0.01416,96800.94
2018-09-21 20:00:00,18,295.7,388,376,1e-06,86.3,2.48,0.26,0.01528,96706.26
2018-09-22 02:00:00,18,292.30002,375,0,0,98.3,0.35,1.8199999,0.01407,96762.68
2018-09-22 08:00:00,18,291.80002,357,6,0,93.5,-1.23,1.41,0.012999999,96776.47
2018-09-22 14:00:00,18,299.30002,377,572,8.1e-05,72.1,0.089999996,-2.12,0.015899999,96728.92
2018-09-22 20:00:00,18,293.1,380,366,0.000301,98.4,0.35,-1.79,0.014839999,96740.85
2018-09-23 02:00:00,18,291.2,396,0,8.7e-05,98,-0.19999999,-1.87,0.01311,96836.16
2018-09-23 08:00:00,18,288.9,395,1,3.2e-05,97.700005,-0.84999996,-1.17,0.01129,96923.87
2018-09-23 14:00:00,18,294.5,385,303,4e-06,71.1,-0.31,-2.23,0.0117,96955.9
2018-09-23 20:00:00,18,291.30002,395,204,1e-05,90.1,-0.53,-1.5699999,0.012139999,97001.05
2018-09-24 02:00:00,18,288.6,385,0,6.3e-05,97.4,-0.91999996,-1.39,0.01098,97185.56
2018-09-24 08:00:00,18,287.5,368,2,2.8e-05,98,-1.63,-1.42,0.01026,97351.664
2018-09-24 14:00:00,18,293.5,359,331,1e-06,64,-1.05,-3.29,0.0098399995,97333.2
2018-09-24 20:00:00,18,289.7,376,282,3.5e-05,95.1,-0.96,-2.57,0.011539999,97303.055
2018-09-25 02:00:00,18,289.2,389,0,0.000196,98.5,-0.61,-2.31,0.01153,97206.5
2018-09-25 08:00:00,18,289.6,392,0,1e-04,98.8,-0.45999998,-1.13,0.0119199995,97070.15
2018-09-25 14:00:00,18,294.2,400,128,5.4e-05,91.4,0.22,-1.01,0.01474,96873.164
2018-09-25 20:00:00,18,290.59,401,138,1e-05,97.8,0.53,-0.32,0.01261,96691.336
2018-09-26 02:00:00,18,290.85,357,0,0,98.6,0.97999996,1.62,0.01294,96581.12
2018-09-26 08:00:00,18,290.9,361,4,1e-06,95.9,-0.53999996,1.77,0.01265,96601.38
2018-09-26 14:00:00,18,296.4,390,249,7.4999996e-05,83.8,-0.45999998,1.38,0.015559999,96636.56
2018-09-26 20:00:00,18,290,393,172,3.1e-05,96.9,-0.42,0.57,0.0120399995,96697.65
2018-09-27 02:00:00,18,290,357,0,2.2e-05,98.8,-0.53,-1.2099999,0.01229,96804.766
2018-09-27 08:00:00,18,290.30002,392,2,2.2e-05,98.4,-0.14999999,-1.7099999,0.01239,96900.46
2018-09-27 14:00:00,18,293.4,393,145,2.7e-05,85.4,0.82,-1.02,0.01309,96858.45
2018-09-27 20:00:00,18,291.9,406,87,9e-06,95.8,1.1,-0.58,0.01339,96660.04
2018-09-28 02:00:00,18,292,388,0,3.9e-05,99.200005,1.3399999,0.59999996,0.01401,96694.125
2018-09-28 08:00:00,18,292,379,4,2e-06,98.1,1.1899999,2.06,0.01385,96679.73
2018-09-28 14:00:00,18,299.80002,383,469,1e-06,59.600002,0.03,3.8,0.01353,96508.84
2018-09-28 20:00:00,18,292.4,395,236,3.2e-05,95.200005,-0.13,1.17,0.013789999,96515.12
2018-09-29 02:00:00,18,291,373,0,0.000158,97.9,-0.35999998,-0.089999996,0.012999999,96402.266
2018-09-29 08:00:00,18,291.1,385,1,0.000454,99,0.63,-1.74,0.01318,96434.01
2018-09-29 14:00:00,18,294.30002,395,147,0.000457,94.5,1.28,0.71,0.01548,96295.11
2018-09-29 20:00:00,18,291.5,391,98,0.000383,96.6,-1.4399999,1.0699999,0.01325,96418.734
2018-09-30 02:00:00,18,286.5,364,0,2.9e-05,96.700005,-1.8199999,0.72999996,0.00967,96325.51
2018-09-30 08:00:00,18,284.80002,367,1,0.000129,97.4,-1.48,-0.44,0.00861,96489.73
2018-09-30 14:00:00,18,285.7,366,61,0.000184,95.9,-0.75,-1.28,0.00902,96414.89
2018-09-30 20:00:00,18,285.4,364,62,4.1e-05,97.700005,-1.05,-0.17,0.00904,96559.76
2018-10-01 02:00:00,18,281.9,296,0,0,98.4,-1.4,1.04,0.00719,96605.49
2018-10-01 08:00:00,18,279,266,5,0,98.700005,-1.54,0.78,0.00587,96864.79
2018-10-01 14:00:00,18,289.7,275,580,0,51.8,-1.67,-1.9599999,0.00627,97078.9
2018-10-01 20:00:00,18,283.1,288,358,0,80.9,-0.53999996,-1.92,0.0063699996,96964.85
2018-10-02 02:00:00,18,278.7,267,0,0,90.8,-1.66,-0.72999996,0.00524,97416.125
2018-10-02 08:00:00,18,276.80002,249,5,0,87.1,-1.87,0.17999999,0.00446,97139.65
2018-10-02 14:00:00,18,289,257,590,0,38.9,-1.93,-2.6699998,0.00451,97375.81
2018-10-02 20:00:00,18,281.2,270,365,0,75.4,-1.1999999,-1.65,0.00521,97105.87
2018-10-03 02:00:00,18,277.1,251,0,0,91.200005,-1.81,0.01,0.0047299997,97520.836
2018-10-03 08:00:00,18,276.2,238,5,0,82.1,-1.78,0.48,0.00401,97366.62
2018-10-03 14:00:00,18,290.80002,263,584,0,39.600002,-2.26,-2.1699998,0.00515,97162.984
2018-10-03 20:00:00,18,283.7,290,352,0,74.200005,-1.68,-1.26,0.00605,97476.086
2018-10-04 02:00:00,18,280.4,274,0,0,84.200005,-1.9599999,0.17999999,0.00551,97068.35
2018-10-04 08:00:00,18,279.80002,268,4,0,82.8,-1.91,0.099999994,0.00518,97633.75
2018-10-04 14:00:00,18,292.30002,288,560,0,48,-1.55,-2.53,0.0068699997,97210.805
2018-10-04 20:00:00,18,283.6,301,345,0,90.1,-0.74,-1.4699999,0.0072999997,97474.62
2018-10-05 02:00:00,18,279.9,279,0,0,94.5,-1.4,-0.51,0.0060199997,97312.37
2018-10-05 08:00:00,18,279.80002,272,4,0,92.3,-1.48,0.34,0.00581,97259.664
2018-10-05 14:00:00,18,295.2,290,560,0,42.2,-0.19,-1.4399999,0.00719,97351.14
2018-10-05 20:00:00,18,281.4,306,343,0,89.5,-0.049999997,-0.79999995,0.0063,96787.414
2018-09-19 20:00:00,19,293.6,9.999e+20,9.999e+20,9.999e+20,84.4,0.099999994,0.11,0.01322,96455.07
2018-09-20 02:00:00,19,290.9,369,0,3e-06,94.700005,-1.28,-0.63,0.012499999,96620.016
2018-09-20 08:00:00,19,291.9,356,6,0,95.8,-0.52,-0.57,0.01339,96858.75
2018-09-20 14:00:00,19,299.2,375,581,6.9e-05,75.9,1.89,-0.74,0.016579999,96936.766
2018-09-20 20:00:00,19,294,386,344,5.6e-05,96.4,1.38,-0.94,0.015389999,96860.18
2018-09-21 02:00:00,19,292.4,370,0,1e-05,99.1,1.52,-0.26,0.01428,97037.93
2018-09-21 08:00:00,19,292.9,409,3,4.9e-05,98.9,1.3399999,-0.049999997,0.01473,97009.055
2018-09-21 14:00:00,19,298.1,416,229,1.6e-05,75.5,2.6699998,0.29999998,0.015489999,96916.23
2018-09-21 20:00:00,19,294.30002,394,331,3.8e-05,96.1,2.1299999,-0.06,0.01568,96696.02
2018-09-22 02:00:00,19,293,370,0,0,98,1.77,2,0.01468,96739.305
2018-09-22 08:00:00,19,291.6,372,6,1e-06,96.3,-0.48,1.68,0.013239999,96670.02
2018-09-22 14:00:00,19,299.4,376,564,6.4e-05,73.9,-1.24,1.1899999,0.01635,96669.555
2018-09-22 20:00:00,19,293.6,384,349,0.000186,95.3,-1.62,-1.02,0.01487,96605.64
2018-09-23 02:00:00,19,289.4,390,0,0.00019,97.1,-0.75,-2.79,0.01157,96759.75
2018-09-23 08:00:00,19,285.7,376,2,4.3e-05,97,-1.15,-1.41,0.009099999,96967.05
2018-09-23 14:00:00,19,287.9,376,100,6.9e-05,94.700005,-1.28,-1.28,0.010249999,97087.6
2018-09-23 20:00:00,19,287.80002,381,69,6.9e-05,98.1,-0.93,-1.8299999,0.01054,97139.15
2018-09-24 02:00:00,19,285.80002,379,0,4.7e-05,98.1,-1.4599999,-1.31,0.00924,97258.77
2018-09-24 08:00:00,19,286.4,373,0,5.2e-05,99.1,-1.18,-1.26,0.009699999,97374.7
2018-09-24 14:00:00,19,288.5,380,109,4.9e-05,96.6,-1.3,-2.6399999,0.01079,97431.13
2018-09-24 20:00:00,19,286.80002,380,48,4.5e-05,98,-1.37,-2.09,0.00983,97486.055
2018-09-25 02:00:00,19,286.80002,378,0,4.8e-05,98.5,-1.18,-0.62,0.0099,97387.48
2018-09-25 08:00:00,19,288.30002,381,1,3.3e-05,98.4,-0.48999998,-0.78999996,0.0109,97259.35
2018-09-25 14:00:00,19,295.6,389,254,1.3e-05,76.4,1.0699999,-0.9,0.01344,97008.36
2018-09-25 20:00:00,19,290.9,398,130,6e-06,96.700005,1.36,-0.52,0.01267,96849.9
2018-09-26 02:00:00,19,290.46,360,0,1e-06,98.200005,1.06,1.02,0.01255,96732.96
2018-09-26 08:00:00,19,291.9,400,2,1.6e-05,98.4,1.5899999,0.51,0.01376,96540.26
2018-09-26 14:00:00,19,299.6,390,453,5e-06,65.5,4.06,2.1599998,0.01481,96220.14
2018-09-26 20:00:00,19,295.5,402,305,3e-06,84.6,2.81,1.4699999,0.01493,96083.32
2018-09-27 02:00:00,19,290.96,378,0,1e-05,88.6,-1.92,2.34,0.01174,96267.63
2018-09-27 08:00:00,19,285,357,4,3.2e-05,92.200005,-2.24,1.17,0.00827,96652.28
2018-09-27 14:00:00,19,295.7,322,540,0,47.8,1.31,-0.76,0.00845,96669.04
2018-09-27 20:00:00,19,288.7,334,344,0,94.1,1.93,-0.35,0.01079,96548.555
2018-09-28 02:00:00,19,285.66,311,0,0,95.1,-0.61,1.74,0.00893,96768.58
2018-09-28 08:00:00,19,283.7,293,5,0,91.3,-1.24,1.65,0.0075,96977.73
2018-09-28 14:00:00,19,292.2,296,579,0,44.7,-2.06,1.4699999,0.0063799997,97137
2018-09-28 20:00:00,19,284.7,294,373,0,67.9,-1.7199999,0.71,0.00594,97207.62
2018-09-29 02:00:00,19,279.91,266,0,0,77.6,-1.67,0.04,0.0048599998,97439.82
2018-09-29 08:00:00,19,278.7,261,5,0,86.6,-0.35999998,-1.4599999,0.005,97682.57
2018-09-29 14:00:00,19,289.30002,276,578,0,47.8,1.87,-1.03,0.00562,97681.01
2018-09-29 20:00:00,19,283.5,300,358,0,89.4,1.6899999,-0.37,0.0072,97345.484
2018-09-30 02:00:00,19,282.16998,291,0,0,95.6,1.29,1.4499999,0.0070599997,97153.836
2018-09-30 08:00:00,19,282.80002,293,4,0,95.9,-0.01,1.8399999,0.00738,97063.33
2018-09-30 14:00:00,19,297.80002,326,559,0,52.7,-0.76,2.6399999,0.01059,97041.37
2018-09-30 20:00:00,19,288.4,369,289,0,86.9,0.39999998,0.62,0.00968,97040.12
2018-10-01 02:00:00,19,284.4,334,0,0,95.200005,-0.39,0.31,0.00816,97124.82
2018-10-01 08:00:00,19,285.80002,322,4,0,97.1,-0.95,-1.28,0.00913,97311.18
2018-10-01 14:00:00,19,296.6,339,509,0,60.8,1.75,-1.23,0.01136,97210.08
2018-10-01 20:00:00,19,290.1,363,272,2e-06,95.700005,1.5699999,-0.45,0.011899999,97208.7
2018-10-02 02:00:00,19,288,349,0,0,98.5,1.36,-0.01,0.01069,97097.445
2018-10-02 08:00:00,19,287.1,350,4,4e-06,98.5,1.0799999,-0.14999999,0.01012,97081.05
2018-10-02 14:00:00,19,294.7,358,429,1e-05,68.3,2.6699998,-0.29,0.011349999,96816.06
2018-10-02 20:00:00,19,289.9,372,197,2.5e-05,97.4,1.2099999,-1.06,0.012019999,96656.305
2018-10-03 02:00:00,19,289.7,383,0,0.000235,99.3,0.97999996,-0.76,0.01215,96428.06
2018-10-03 08:00:00,19,289.9,385,1,0.000247,99.4,1.27,0.049999997,0.01232,96234.305
2018-10-03 14:00:00,19,296.9,385,338,5.3e-05,70.1,1.17,2.5,0.01346,95997.24
2018-10-03 20:00:00,19,291.5,378,242,3.9e-05,83.700005,-1.2099999,2.3,0.01152,96110.75
2018-10-04 02:00:00,19,285.4,313,0,0,92.700005,-1.16,1.8199999,0.00858,96206.43
2018-10-04 08:00:00,19,283.7,291,4,0,88.3,-1.4699999,1.7099999,0.00726,96453.28
2018-10-04 14:00:00,19,291.9,294,553,0,39.5,-2.3899999,2.22,0.00556,96643.98
2018-10-04 20:00:00,19,281.9,301,340,0,86.3,-0.06,-0.42999998,0.00629,96636.96
2018-10-05 02:00:00,19,282.66998,292,0,0,71.700005,1.53,0.21,0.00551,96767.48
2018-10-05 08:00:00,19,282.6,296,4,0,86.8,1.41,0.75,0.0066299997,96740.06
2018-10-05 14:00:00,19,294.9,318,530,0,55.600002,3.01,0.35999998,0.00935,96780.65
2018-10-05 20:00:00,19,288.4,337,318,0,93.9,1.89,-0.08,0.010489999,96678.54
2018-09-19 20:00:00,20,294.1,9.999e+20,9.999e+20,9.999e+20,79.4,0.39999998,0.06,0.012809999,96351.67
2018-09-20 02:00:00,20,290,368,0,5e-06,94.5,-1.04,-0.22,0.01176,96545.37
2018-09-20 08:00:00,20,292,356,7,0,93.6,-0.94,-0.14999999,0.013169999,96781.52
2018-09-20 14:00:00,20,301.5,378,582,3.5e-05,59.600002,1.89,-0.42999998,0.014939999,96828.65
2018-09-20 20:00:00,20,294.4,386,378,2.7e-05,94.3,1.42,-1.37,0.01538,96829.43
2018-09-21 02:00:00,20,293.1,382,0,5.1e-05,98.8,1.99,-0.97999996,0.01487,97044.945
2018-09-21 08:00:00,20,293.1,411,2,7.4e-05,98.8,1.41,-0.06,0.01488,97027.664
2018-09-21 14:00:00,20,300.6,399,486,4e-06,61.600002,3.36,0.16,0.014649999,96889.1
2018-09-21 20:00:00,20,294.7,395,335,0,91.5,2.45,0.089999996,0.01529,96771.58
2018-09-22 02:00:00,20,293.6,381,0,2e-06,95.1,1.6899999,2.09,0.014789999,96791.29
2018-09-22 08:00:00,20,292.1,395,6,3e-06,97.200005,-0.04,1.4599999,0.013809999,96763.79
2018-09-22 14:00:00,20,304.2,380,557,1e-06,50.9,0.9,-0.29,0.01493,96683.53
2018-09-22 20:00:00,20,294.2,391,365,0.000161,92.700005,1.01,-1.15,0.01502,96633.18
2018-09-23 02:00:00,20,291.80002,392,0,0.000116,99,0.90999997,-0.07,0.013809999,96649.875
2018-09-23 08:00:00,20,291.80002,366,4,0,98.200005,0.9,0.29999998,0.01365,96727.375
2018-09-23 14:00:00,20,298.6,382,414,1.2e-05,65.9,2.27,-1.5,0.01394,96713.15
2018-09-23 20:00:00,20,293.9,380,341,8e-06,88.4,-0.11,-2.71,0.0139999995,96767.14
2018-09-24 02:00:00,20,291.30002,401,0,3.5e-05,98,-0.14,-1.8199999,0.01318,96879.69
2018-09-24 08:00:00,20,291,400,0,9.6e-05,99,-0.19,-1.28,0.0131,96967.23
2018-09-24 14:00:00,20,297.28,405,207,8.4e-05,78.4,1.8499999,-1.11,0.015269999,96988.02
2018-09-24 20:00:00,20,294.04,380,351,1.4e-05,91,1.68,-1.37,0.01454,96900.33
2018-09-25 02:00:00,20,293.5,394,0,2.3e-05,97.8,1.6999999,-0.55,0.01512,96894.46
2018-09-25 08:00:00,20,292.6,401,3,1.9e-05,99,1.63,-0.08,0.01444,96930.77
2018-09-25 14:00:00,20,297.63,399,308,1.1e-05,73.8,2.55,0.59999996,0.014699999,96853.016
2018-09-25 20:00:00,20,293.75998,390,274,7e-06,93.700005,1.8299999,-0.14,0.01473,96765.164
2018-09-26 02:00:00,20,293.4,377,0,5e-06,97.6,1.6999999,0.61,0.015029999,96613.71
2018-09-26 08:00:00,20,293.5,404,3,2.4e-05,98,1.53,0.81,0.015179999,96694.46
2018-09-26 14:00:00,20,300.30002,406,383,2.4e-05,65.4,1.9499999,1.49,0.015319999,96452.52
2018-09-26 20:00:00,20,294.6,388,340,0.000239,95.5,1.87,0.75,0.01584,96507.31
2018-09-27 02:00:00,20,293.43,388,0,6.1e-05,98.700005,1.4499999,1.01,0.01526,96357.81
2018-09-27 08:00:00,20,292,382,5,4.8e-05,97.8,0.31,1.73,0.01382,96593.33
2018-09-27 14:00:00,20,300.5,377,509,8e-06,56.600002,1,1.1899999,0.0134499995,96473.19
2018-09-27 20:00:00,20,294.2,399,252,0.000156,97,1.53,0.77,0.01577,96430.7
2018-09-28 02:00:00,20,292.5,375,0,4.2e-05,98.8,1.4699999,0.53999996,0.01435,96762.445
2018-09-28 08:00:00,20,292.4,384,3,3.4e-05,99.200005,0.32999998,1.4,0.014289999,96708.21
2018-09-28 14:00:00,20,300.6,390,452,1.2e-05,59.600002,0.52,1.61,0.01414,96843.25
2018-09-28 20:00:00,20,293.4,387,302,7.3e-05,91.5,-1.36,1.03,0.01409,96888.52
2018-09-29 02:00:00,20,289.7,353,0,4e-06,97.700005,-1.51,0.69,0.01186,97276.74
2018-09-29 08:00:00,20,288.30002,354,2,1.9e-05,97,-1.8499999,-1.73,0.010749999,97352.29
2018-09-29 14:00:00,20,294.1,345,463,2e-06,58,-0.22999999,-2.09,0.00923,97720.41
2018-09-29 20:00:00,20,286.6,321,348,0,79.4,0.39999998,-1.53,0.00781,97658.086
2018-09-30 02:00:00,20,280.5,286,0,0,87.8,-0.45,-1.06,0.00575,97824.85
2018-09-30 08:00:00,20,279.7,269,4,0,86.1,-0.98999995,-0.57,0.0053399997,97789.52
2018-09-30 14:00:00,20,293.4,290,569,0,39.5,0.19999999,-1.4599999,0.006,97688.93
2018-09-30 20:00:00,20,285.1,311,350,0,74.700005,-0.07,-1.5699999,0.00667,97653.086
2018-10-01 02:00:00,20,280.96,292,0,0,92.8,-0.96999997,-0.65,0.0063,97680.36
2018-10-01 08:00:00,20,281.5,287,4,0,96,-1.13,-0.17999999,0.00678,97676.46
2018-10-01 14:00:00,20,296.7,319,537,0,56,0.74,-1,0.01045,97368.266
2018-10-01 20:00:00,20,288.80002,349,337,0,94.8,0.74,-1.0699999,0.0108199995,97316.98
2018-10-02 02:00:00,20,284.79,337,0,0,98.5,-0.049999997,0.29,0.008669999,97239.03
2018-10-02 08:00:00,20,287.5,336,4,0,97.4,-0.96,0.77,0.0103,97133.45
2018-10-02 14:00:00,20,300.4,355,530,0,53.5,0.14,-1.09,0.01253,96957.664
2018-10-02 20:00:00,20,291.80002,379,308,0,91.8,1.17,-1.02,0.01275,96886.87
2018-10-03 02:00:00,20,286.55,351,0,0,98.5,0.42,-0.39,0.009769999,96930.33
2018-10-03 08:00:00,20,290.5,373,2,1.4e-05,98.5,-0.75,-1,0.01263,96981.43
2018-10-03 14:00:00,20,293.7,400,140,3.5e-05,91,0.48,-1.49,0.01419,97066.68
2018-10-03 20:00:00,20,290.5,377,173,1.2e-05,97.5,0.03,-1.36,0.012499999,96799.89
2018-10-04 02:00:00,20,290.9,390,0,3.8e-05,99.1,0.55,-0.93,0.01304,96659.62
2018-10-04 08:00:00,20,290.4,386,2,1.5e-05,97.3,0.32999998,0.21,0.01244,96673.7
2018-10-04 14:00:00,20,300.2,384,412,5e-06,56.600002,-1.01,0.82,0.01321,96164.016
2018-10-04 20:00:00,20,290.6,376,294,0,91.9,-0.38,0.64,0.011949999,96054.555
2018-10-05 02:00:00,20,290.1,350,0,0,94.700005,-0.72999996,1.52,0.011899999,95998.97
2018-10-05 08:00:00,20,289.9,349,3,0,95.700005,-0.62,1.74,0.01186,95843.99
2018-10-05 14:00:00,20,297.7,382,323,8e-06,68.9,-0.84,1.25,0.01385,95957.48
2018-10-05 20:00:00,20,291.4,386,251,1.8e-05,94.8,-1.15,0.39,0.01298,95854.24
2018-09-19 20:00:00,21,294.7,9.999e+20,9.999e+20,9.999e+20,76.9,0.35,0.68,0.01287,96355.734
2018-09-20 02:00:00,21,290.9,374,0,0,95.3,-1.12,-0.69,0.01251,96558.555
2018-09-20 08:00:00,21,292.1,360,6,0,95.200005,-0.78,-0.55,0.01344,96810.71
2018-09-20 14:00:00,21,300.9,380,576,3.6e-05,64.700005,1.93,-0.51,0.015689999,96846.31
2018-09-20 20:00:00,21,294.1,388,367,9.6e-05,97.5,0.98999995,-1.5799999,0.01563,96840.18
2018-09-21 02:00:00,21,292.5,377,0,2e-06,99.200005,1.1999999,-0.48,0.0144,97028.04
2018-09-21 08:00:00,21,293.1,399,4,1.2e-05,99.3,1.49,0.29,0.0149,96973.664
2018-09-21 14:00:00,21,301.1,392,488,3e-06,58.7,3.22,0.75,0.014409999,96864.15
2018-09-21 20:00:00,21,295.1,389,372,1e-06,89.4,2.18,0.21,0.01526,96685.055
2018-09-22 02:00:00,21,292.4,366,0,0,98.6,0.94,1.91,0.014269999,96734.375
2018-09-22 08:00:00,21,291.7,356,6,0,94.1,-0.77,1.7099999,0.0130199995,96683.586
2018-09-22 14:00:00,21,302.7,383,545,4.3e-05,59.8,0.11,0.39999998,0.01615,96612.27
2018-09-22 20:00:00,21,293.80002,396,302,0.000306,95.4,-1.09,0.099999994,0.015079999,96617.49
2018-09-23 02:00:00,21,291.9,373,0,0.000486,98.5,-1.38,-0.44,0.01377,96636.086
2018-09-23 08:00:00,21,292,399,3,9e-05,99,-1.1999999,-1.35,0.013929999,96707.87
2018-09-23 14:00:00,21,289.30002,395,76,6.5e-05,96.8,-1.4399999,-2.95,0.01148,96974.8
2018-09-23 20:00:00,21,288.5,384,107,2.5e-05,95.9,-0.32,-1.87,0.01078,97097.016
2018-09-24 02:00:00,21,286.80002,379,0,2.8e-05,97,-0.47,-1.64,0.00971,97177.24
2018-09-24 08:00:00,21,285.6,373,1,2.4e-05,97.4,-1,-0.96,0.009,97356.336
2018-09-24 14:00:00,21,291,377,185,1.6e-05,86.700005,-0.55,-1.4399999,0.0113699995,97319.75
2018-09-24 20:00:00,21,290.15,396,68,2.7e-05,97,-1.0799999,-1.3,0.01208,97280.23
2018-09-25 02:00:00,21,289.78,389,0,5.7e-05,98.700005,-0.77,-0.52,0.01201,97239.555
2018-09-25 08:00:00,21,290.7,392,1,2.1e-05,98.4,0.26,-0.34,0.01268,97268.58
2018-09-25 14:00:00,21,294.80002,406,169,1.5e-05,85.6,1.9599999,0.11,0.0143,97076.086
2018-09-25 20:00:00,21,291.80002,390,175,5e-06,94.8,1.68,0.29999998,0.01318,97047.13
2018-09-26 02:00:00,21,290.2,347,0,0,98.3,1.42,1.14,0.012329999,96666.266
2018-09-26 08:00:00,21,291.9,395,3,7e-06,98.4,1.91,0.83,0.01376,96686.414
2018-09-26 14:00:00,21,300.30002,377,540,8e-06,62.100002,2.54,2.6399999,0.01461,96385.29
2018-09-26 20:00:00,21,294.5,392,330,0.000111,95,1.55,1.4399999,0.01567,96525.95
2018-09-27 02:00:00,21,292.80002,394,0,8.6e-05,97.8,-0.88,1.8499999,0.014509999,96487.49
2018-09-27 08:00:00,21,289.6,383,0,0.000154,96.8,-2.01,0.97999996,0.01172,96861.016
2018-09-27 14:00:00,21,296.7,349,474,1.8e-05,48.5,-1.26,-1.1,0.00914,96979.81
2018-09-27 20:00:00,21,287.4,329,360,0,90.4,0.57,-1.3399999,0.00947,97026.68
2018-09-28 02:00:00,21,283,309,0,0,96.4,0.37,-0.53,0.0074699996,97479.43
2018-09-28 08:00:00,21,284,297,5,0,95.700005,-0.29999998,-0.82,0.007999999,97210.52
2018-09-28 14:00:00,21,295.4,317,539,0,47.4,0.94,-1.73,0.00818,97376.586
2018-09-28 20:00:00,21,287.2,340,302,0,91.8,0.71,-1.1999999,0.00949,97127.836
2018-09-29 02:00:00,21,282.80002,311,0,0,95.8,-0.14999999,-0.59999996,0.0074099996,97219.586
2018-09-29 08:00:00,21,286,334,3,2e-06,96.4,-0.21,-0.78999996,0.0091699995,97197.766
2018-09-29 14:00:00,21,289.7,363,138,0.000212,94.9,0.51,-0.52,0.011539999,96944.45
2018-09-29 20:00:00,21,287.2,368,82,0.000178,98.6,0.07,-0.51,0.01023,96704.02
2018-09-30 02:00:00,21,287.30002,368,0,3e-05,97.9,-0.37,1.23,0.010199999,96563.97
2018-09-30 08:00:00,21,287,333,4,0,98.4,-0.71,1.5799999,0.010079999,96661.65
2018-09-30 14:00:00,21,295.30002,336,550,0,58.5,-2.03,2.08,0.01016,96498.234
2018-09-30 20:00:00,21,286.80002,319,348,0,67.200005,-2.1399999,1.8499999,0.0067999996,96859.15
2018-10-01 02:00:00,21,279.7,268,0,0,89.200005,-1.51,1,0.00556,96942.875
2018-10-01 08:00:00,21,278.80002,265,5,0,89.4,-1.67,0.94,0.00523,97269.34
2018-10-01 14:00:00,21,285.7,298,420,2.8e-05,68.200005,-2.18,0.049999997,0.00628,97305.45
2018-10-01 20:00:00,21,280.30002,304,197,6e-06,87.5,-1.65,-0.45,0.0056399996,97476.164
2018-10-02 02:00:00,21,276.72,253,0,0,91,-1.16,-1.26,0.00459,97507.96
2018-10-02 08:00:00,21,274.9,236,5,0,90.1,-1.6999999,0.06,0.0039999997,97688.46
2018-10-02 14:00:00,21,287.6,245,591,0,33.3,-0.38,-2.2,0.0034899998,97875.77
2018-10-02 20:00:00,21,277.7,255,367,0,78.4,-0.22,-1.62,0.0042,97653.484
2018-10-03 02:00:00,21,273.53,241,0,0,87.200005,-0.9,-0.52,0.0034999999,97757.18
2018-10-03 08:00:00,21,274.9,243,4,0,86.1,-1.05,-0.01,0.00382,97649.59
2018-10-03 14:00:00,21,291.4,262,583,0,38.600002,0.42999998,-1.24,0.0051599997,97486.28
2018-10-03 20:00:00,21,279.9,281,355,0,88.200005,1.06,-1.05,0.00557,97233.75
2018-10-04 02:00:00,21,276.1,262,0,0,89.700005,0.45,1.01,0.00433,97312.664
2018-10-04 08:00:00,21,275.9,255,4,0,90.5,-0.34,0.62,0.0042999997,97299.35
2018-10-04 14:00:00,21,294.80002,275,577,0,36.8,0.11,-0.56,0.00612,97104.21
2018-10-04 20:00:00,21,282.2,293,350,0,79.6,1.68,-0.37,0.0058899997,96927.555
2018-10-05 02:00:00,21,280.5,275,0,0,85.5,0.53999996,1.74,0.00562,97078.64
2018-10-05 08:00:00,21,279.1,273,4,0,91.5,-0.14999999,1.2099999,0.00548,97088.93
2018-10-05 14:00:00,21,295.4,295,559,0,42.600002,1.27,0.13,0.00737,96829.43
2018-10-05 20:00:00,21,285.80002,316,329,0,85.1,1.78,-0.37,0.00798,96951.68
