"forecast.date","ensembles","tmp2m","dlwrfsfc","dswrfsfc","pratesfc","rh2m","vgrd10m","ugrd10m","spfh2m","pressfc"
"2019-10-23 12:00:00",1,279.85,9.999e+20,9.999e+20,9.999e+20,90.1,-0.07,1.7199999,0.00572,96510.21
"2019-10-23 18:00:00",1,288.80002,267,490,0,38.600002,-2.1599998,2.53,0.00444,96684.055
"2019-10-24 00:00:00",1,280.63,272,279,0,62.2,-1.54,1.12,0.00414,96977.44
"2019-10-24 06:00:00",1,277,256,0,0,74.3,-0.88,0.94,0.00384,97151.12
"2019-10-24 12:00:00",1,274.58,252,0,0,88,0.19999999,-0.24,0.00382,97298.19
"2019-10-24 18:00:00",1,289.9,265,490,0,39.2,2.04,-0.5,0.0047999998,97290.75
"2019-10-25 00:00:00",1,279.69998,277,275,0,88.6,1.56,-0.099999994,0.0055199997,97298.445
"2019-10-25 06:00:00",1,280.6,280,0,0,74.200005,0.56,1.61,0.0049199997,97281.664
"2019-10-25 12:00:00",1,280.66998,300,0,0,73.8,-0.51,1.38,0.0049099997,97302.08
"2019-10-25 18:00:00",1,290.7,319,320,0,47.8,-0.01,0.59,0.0061899996,97180.086
"2019-10-26 00:00:00",1,282.15,331,128,0,89,1.2099999,0.45,0.0065699997,97103.29
"2019-10-26 06:00:00",1,279.87,296,0,0,91.6,0.089999996,0.77,0.00578,97050.13
"2019-10-26 12:00:00",1,281.12,310,0,1e-06,86.700005,-0.32999998,-1.3,0.00597,97031.74
"2019-10-26 18:00:00",1,285.99,345,140,8.9e-05,86.5,0.22,-1.87,0.00825,96960.52
"2019-10-27 00:00:00",1,284.12,349,53,0.000234,99,0.13,-1.9599999,0.008359999,96811.87
"2019-10-27 06:00:00",1,284.56,358,0,0.000349,98.8,0.42999998,-2.4199998,0.0086199995,96468.26
"2019-10-27 12:00:00",1,287.4,374,0,0.000713,99.6,1.8399999,-1.16,0.01052,96124.25
"2019-10-27 18:00:00",1,292.94998,398,70,0.000159,95.5,3.29,1.3,0.014389999,95978.52
"2019-10-28 00:00:00",1,290.44,378,91,4.2e-05,98.200005,1.2099999,1.28,0.01261,96092.055
"2019-10-28 06:00:00",1,286.97998,333,0,0,98.5,-1.28,1.24,0.01011,96208.68
"2019-10-28 12:00:00",1,285.03,350,0,6e-06,97.8,-0.98999995,0.03,0.00883,96260.71
"2019-10-28 18:00:00",1,291.18,388,110,2.8e-05,94.4,0.96,-1.0799999,0.012709999,96131.29
"2019-10-29 00:00:00",1,290.91,395,51,0.000268,99.200005,1.56,-0.31,0.01315,95982.96
"2019-10-29 06:00:00",1,288.75998,361,0,0.00034,98.4,-0.69,2.04,0.0113699995,95942.04
"2019-10-29 12:00:00",1,285.04,321,0,0,96.700005,-1.43,1.6899999,0.00875,96083.016
"2019-10-29 18:00:00",1,290,309,430,0,58.5,-2.8799999,4.1,0.00732,96117.77
"2019-10-30 00:00:00",1,279.34,274,236,0,70,-2.6699998,2.48,0.00428,96513.695
"2019-10-30 06:00:00",1,275.63,238,0,0,70.700005,-2.59,2.71,0.00333,96665.766
"2019-10-30 12:00:00",1,272.05,220,0,0,65.4,-2.22,2.48,0.00237,97009.63
"2019-10-30 18:00:00",1,279.30002,223,470,0,34.100002,-2.95,4.33,0.00208,97060.83
"2019-10-31 00:00:00",1,273.5,226,260,0,58.2,-2.3999999,1.91,0.00233,97425.92
"2019-10-31 06:00:00",1,270.96,212,0,0,65.3,-2.05,1.91,0.00216,97578.445
"2019-10-31 12:00:00",1,270.21,206,0,0,61.5,-1.6999999,1.66,0.00192,97814.86
"2019-10-31 18:00:00",1,279.08,210,470,0,28.5,-3.25,1.22,0.00169,98017.18
"2019-11-01 00:00:00",1,272.19,220,260,0,48.2,-1.42,0.35,0.00174,98120.414
"2019-11-01 06:00:00",1,270.12,213,0,0,53.4,-1.35,-0.17999999,0.00165,98227.26
"2019-11-01 12:00:00",1,268.83,212,0,0,60,-0.64,-0.61,0.0016699999,98267.68
"2019-11-01 18:00:00",1,282.80002,223,460,0,26.1,0.77,-1.22,0.00199,98040.586
"2019-11-02 00:00:00",1,272.16,236,253,0,65.1,0.79999995,-1.22,0.00235,97863.02
"2019-11-02 06:00:00",1,269.72,227,0,0,77.5,0.37,-0.32999998,0.00233,97732.69
"2019-11-02 12:00:00",1,269.25,227,0,0,86,-0.11,-0.29,0.0024899999,97605.805
"2019-11-02 18:00:00",1,285.36,245,430,0,30.9,1.17,-0.81,0.00281,97376.68
"2019-11-03 00:00:00",1,273.12,262,220,0,87.700005,1.05,-0.89,0.0034299998,97207.98
"2019-11-03 06:00:00",1,271.43,242,0,0,91.1,1.01,0.37,0.00315,97033.625
"2019-11-03 12:00:00",1,274.03,257,0,0,87.1,0.29,1.17,0.00364,96920.51
"2019-11-03 18:00:00",1,287.47998,300,310,0,47.4,1.26,1.1899999,0.005,96827.61
"2019-11-04 00:00:00",1,278.74,297,208,0,91.200005,1.75,0.14,0.00536,96841.68
"2019-11-04 06:00:00",1,278.32,280,0,0,95.4,0.81,1.55,0.00542,96926.19
"2019-11-04 12:00:00",1,276.79,277,0,0,95.700005,0.04,1.3299999,0.00487,97071.03
"2019-11-04 18:00:00",1,291.41,294,410,0,57.100002,1.23,1.09,0.0077199996,97113.35
"2019-11-05 00:00:00",1,283.9,326,211,0,93,1.51,0.51,0.00771,97254.51
"2019-11-05 06:00:00",1,281.93,308,0,0,95,0.17999999,1.5999999,0.0069,97306.98
"2019-11-05 12:00:00",1,278.69,289,0,0,95.200005,-0.48999998,0.69,0.0055199997,97418.82
"2019-11-05 18:00:00",1,292.9,301,410,0,54.7,1.5799999,-0.31,0.00811,97354.45
"2019-11-06 00:00:00",1,283.8,310,223,0,93.5,1.4599999,-0.45999998,0.00769,97289.11
"2019-11-06 06:00:00",1,282.38998,301,0,0,95.200005,1.24,0.66999996,0.00713,97196.7
"2019-11-06 12:00:00",1,281.66,292,0,0,96,1.0799999,1.29,0.0068599996,97042.9
"2019-11-06 18:00:00",1,292.61,304,400,0,61.4,2.6499999,0.52,0.00899,96672.77
"2019-11-07 00:00:00",1,287.25998,340,205,2e-06,96.1,2.08,0.22999999,0.01004,96340.08
"2019-11-07 06:00:00",1,287.65,356,0,5.1e-05,96.3,2.78,1.7199999,0.010369999,95811.914
"2019-11-07 12:00:00",1,277.62,324,0,7.4e-05,77.200005,-3.46,5.65,0.0042,96267.33
"2019-11-07 18:00:00",1,279.44,249,400,0,47.9,-5.5899997,4.93,0.00294,96589.5
"2019-11-08 00:00:00",1,274.21,246,214,1e-06,68.3,-2.6299999,2.21,0.00289,96937.266
"2019-11-08 06:00:00",1,271.53,221,0,0,77.3,-0.9,1.74,0.00268,97236.336
"2019-11-08 12:00:00",1,270.3,213,0,0,79.1,-0.95,1.3199999,0.0024899999,97453.23
"2019-10-23 12:00:00",2,279.88,9.999e+20,9.999e+20,9.999e+20,92.200005,0.089999996,1.79,0.00585,96520.4
"2019-10-23 18:00:00",2,288.9,267,490,0,39.4,-2.1699998,2.46,0.0045499997,96692.555
"2019-10-24 00:00:00",2,280.47,273,278,0,63.5,-1.53,1.05,0.0041799997,96972.914
"2019-10-24 06:00:00",2,276.79,257,0,0,75.5,-0.84999996,0.82,0.00384,97172.08
"2019-10-24 12:00:00",2,274.63998,253,0,0,88.1,0.21,-0.099999994,0.00384,97317.625
"2019-10-24 18:00:00",2,290.1,267,490,0,39.8,1.9799999,-0.45999998,0.00495,97302.89
"2019-10-25 00:00:00",2,280.16,280,275,0,85.9,1.64,-0.049999997,0.0055199997,97310.68
"2019-10-25 06:00:00",2,280.88,276,0,0,75.1,0.42,1.79,0.00507,97326.96
"2019-10-25 12:00:00",2,280.91998,301,0,0,74.5,-0.71,1.48,0.0050399997,97337.016
"2019-10-25 18:00:00",2,293.80002,309,410,0,41.100002,-0.04,0.66999996,0.0064499998,97210.59
"2019-10-26 00:00:00",2,282.22,340,149,0,88.8,0.39,0.53,0.00658,97106.305
"2019-10-26 06:00:00",2,282.47,303,0,0,76.700005,-1.23,1.23,0.00578,97116.664
"2019-10-26 12:00:00",2,281.69998,311,0,0,75.1,-1.4399999,-0.76,0.00536,97192.62
"2019-10-26 18:00:00",2,286.30002,334,220,4.5e-05,80.3,0.26999998,-2.19,0.00782,97103.164
"2019-10-27 00:00:00",2,283.84,351,42,0.000276,98.4,0.62,-1.78,0.00814,97093.35
"2019-10-27 06:00:00",2,283.96,350,0,0.00013,98.5,1.48,-1.9499999,0.00823,96795.805
"2019-10-27 12:00:00",2,284.93,366,0,0.000366,99.1,1.9,-1.41,0.0088599995,96535.62
"2019-10-27 18:00:00",2,291.34,388,70,8.3e-05,95.5,2.5,0.34,0.01297,96242.1
"2019-10-28 00:00:00",2,289.55,394,147,1.5e-05,98.3,0.90999997,0.39999998,0.01191,96334.43
"2019-10-28 06:00:00",2,287.86,356,0,0,98,-0.93,1.0699999,0.010629999,96376.21
"2019-10-28 12:00:00",2,287.55,357,0,4.2e-05,98.6,-0.22,-0.90999997,0.010489999,96390.266
"2019-10-28 18:00:00",2,291.55,390,70,0.000232,96.9,0.79999995,-1.31,0.01334,96232.58
"2019-10-29 00:00:00",2,291.50998,395,59,0.000806,99.4,1.65,-0.75,0.0136899995,95906.43
"2019-10-29 06:00:00",2,291.88,398,0,0.000286,97.5,3.1599998,2.07,0.01378,95717.875
"2019-10-29 12:00:00",2,286.22,369,0,1e-05,90.6,-1.79,3.76,0.00889,95799.03
"2019-10-29 18:00:00",2,286.4,296,430,0,55,-3.1899998,4.99,0.00543,96088.94
"2019-10-30 00:00:00",2,278.18,252,261,0,64.1,-1.99,2.3799999,0.00363,96420.086
"2019-10-30 06:00:00",2,274.68,230,0,0,65,-2.03,3.3999999,0.00286,96729.94
"2019-10-30 12:00:00",2,270.8,217,0,0,58.8,-2.6299999,3.35,0.00194,97136.48
"2019-10-30 18:00:00",2,277.2,210,480,0,34.7,-4.0899997,3.83,0.00182,97306.36
"2019-10-31 00:00:00",2,272.52,215,265,0,53.4,-2.44,1.62,0.00199,97720.76
"2019-10-31 06:00:00",2,270.55,207,0,0,61.8,-1.29,1.75,0.00198,97771.29
"2019-10-31 12:00:00",2,270.13998,213,0,0,61.8,-1.4699999,0.90999997,0.00192,97994.95
"2019-10-31 18:00:00",2,284.37,229,460,0,25.300001,0.07,-0.51,0.0021499998,97995.62
"2019-11-01 00:00:00",2,274.08,247,250,0,52.600002,1.17,-0.96999997,0.00219,97890.45
"2019-11-01 06:00:00",2,271.47998,237,0,0,60.5,0.87,0.31,0.00208,97914.56
"2019-11-01 12:00:00",2,271.22998,236,0,0,61.100002,0.26999998,0.57,0.0020599999,97777.68
"2019-11-01 18:00:00",2,287.80002,251,450,0,30.4,-0.39999998,-0.82,0.00324,97713.91
"2019-11-02 00:00:00",2,275.09,261,246,0,83.8,0.76,-1.37,0.00375,97647.29
"2019-11-02 06:00:00",2,271.27,242,0,0,89,0.03,-0.66999996,0.00302,97697.27
"2019-11-02 12:00:00",2,271.3,238,0,0,89.9,-0.17999999,-0.61,0.00306,97598.64
"2019-11-02 18:00:00",2,286.15,255,440,0,47.100002,1.1899999,-1.38,0.00452,97394.31
"2019-11-03 00:00:00",2,277.35,271,233,0,92.9,0.56,-1.4699999,0.0049099997,97303.04
"2019-11-03 06:00:00",2,279.52,306,0,1.4e-05,94.5,-0.59999996,-0.63,0.0058299997,97092.055
"2019-11-03 12:00:00",2,279.88,340,0,0.000179,98.5,-0.76,-0.95,0.00622,97100.58
"2019-11-03 18:00:00",2,282.61,349,60,0.000483,97,-1.3,-0.85999995,0.0074,96889.5
"2019-11-04 00:00:00",2,282.46,353,45,7.6e-05,99,-0.59,-1.29,0.0074799997,96888.02
"2019-11-04 06:00:00",2,282.86,356,0,0.000139,99.1,-0.14,-1.0799999,0.0077199996,96614.48
"2019-11-04 12:00:00",2,284.9,363,0,6.6e-05,99.1,1.62,-1,0.0088599995,96441.555
"2019-11-04 18:00:00",2,287.41998,371,50,0.000101,96.5,2.46,-0.19,0.010199999,96161.23
"2019-11-05 00:00:00",2,285.22,363,79,0.000252,93.1,-2.6399999,3.82,0.00856,96077.26
"2019-11-05 06:00:00",2,278.77,314,0,2.5e-05,87.5,-2.9399998,3,0.0051599997,96345.39
"2019-11-05 12:00:00",2,274.37,231,0,0,79.4,-2.3799999,2.44,0.00341,96675.77
"2019-11-05 18:00:00",2,282.15,225,450,0,47,-2.45,1.8,0.0034699999,96746.37
"2019-11-06 00:00:00",2,276.66998,245,240,0,74.6,-1.01,1.65,0.00376,96891.71
"2019-11-06 06:00:00",2,274.25,239,0,0,82.3,-1.22,1.5899999,0.0034999999,96939.305
"2019-11-06 12:00:00",2,273.78,242,0,0,76.8,-1.18,1.56,0.00315,97076.734
"2019-11-06 18:00:00",2,287.1,252,430,0,40.3,-1.03,1.5,0.00415,97034.81
"2019-11-07 00:00:00",2,278.96,266,233,0,71.700005,-1.12,1.37,0.0042499998,97106.98
"2019-11-07 06:00:00",2,276.41,250,0,0,73.700005,-1.3,1.18,0.0036499999,97146.43
"2019-11-07 12:00:00",2,274.24,252,0,0,66.9,-0.41,0.56,0.00283,97255.016
"2019-11-07 18:00:00",2,288.77,284,390,0,41.9,0.97999996,1.14,0.00478,97055.52
"2019-11-08 00:00:00",2,280.09,310,164,0,87.1,0.62,1.15,0.0055799996,97158.73
"2019-11-08 06:00:00",2,280.91998,292,0,0,76.3,-0.78,1.51,0.00518,97077.125
"2019-11-08 12:00:00",2,281.41,323,0,0,76.6,-1.12,1.1,0.00536,97162.84
"2019-10-23 12:00:00",3,279.94,9.999e+20,9.999e+20,9.999e+20,92.4,0.12,1.8,0.0058999998,96515.03
"2019-10-23 18:00:00",3,288.80002,267,490,0,39.600002,-2.2,2.48,0.00456,96714.875
"2019-10-24 00:00:00",3,280.6,272,278,0,63.4,-1.55,1.11,0.00421,97001.24
"2019-10-24 06:00:00",3,277.08,256,0,0,73.9,-0.87,1.01,0.00384,97176.18
"2019-10-24 12:00:00",3,274.55,252,0,0,87.9,0.12,-0.26,0.00381,97326.45
"2019-10-24 18:00:00",3,290,265,490,0,39,1.9,-0.63,0.00482,97325.81
"2019-10-25 00:00:00",3,279.47998,277,276,0,88.5,1.4699999,-0.13,0.00543,97323.44
"2019-10-25 06:00:00",3,280.16998,288,0,0,77.200005,0.61,1.22,0.00496,97323.266
"2019-10-25 12:00:00",3,280.78,305,0,0,77.5,-0.19999999,1.18,0.00519,97348.18
"2019-10-25 18:00:00",3,291.80002,328,310,0,48.2,0.24,1,0.0066799996,97179.27
"2019-10-26 00:00:00",3,283.83,344,132,0,76.9,0.84,0.22999999,0.00635,97117.305
"2019-10-26 06:00:00",3,280.16998,303,0,0,92.3,0.41,0.93,0.0059499997,97055.984
"2019-10-26 12:00:00",3,283,323,0,6e-06,85.1,-0.72999996,-1.17,0.00665,97023.664
"2019-10-26 18:00:00",3,285.86,348,120,0.000128,92.6,0.38,-2.01,0.00876,96986.26
"2019-10-27 00:00:00",3,284.59,352,54,0.000163,98.3,0.04,-2.1699998,0.00856,96847.12
"2019-10-27 06:00:00",3,283.99,359,0,0.000307,98.3,0.19,-2.54,0.00825,96579.95
"2019-10-27 12:00:00",3,284.61,366,0,0.000795,99.4,-0.099999994,-1.3299999,0.008719999,96238.36
"2019-10-27 18:00:00",3,293,393,70,0.000189,96.4,2.98,0.93,0.014579999,96085.58
"2019-10-28 00:00:00",3,290.34,379,147,8.6e-05,97.9,-0.26,1.5899999,0.01248,96234.49
"2019-10-28 06:00:00",3,288.13998,369,0,9e-06,97,-1.51,0.56,0.01072,96354.98
"2019-10-28 12:00:00",3,286.57,378,0,3.1e-05,96.6,-1.15,-0.65999997,0.00964,96385.555
"2019-10-28 18:00:00",3,288.30002,381,50,4.4e-05,97.1,-0.55,-1.2099999,0.01086,96323.65
"2019-10-29 00:00:00",3,288.72,388,56,3.5e-05,99.3,0.22,-1.3399999,0.011399999,96304.15
"2019-10-29 06:00:00",3,288.54,386,0,0.000464,99.200005,0.16,-1.01,0.011279999,96150.266
"2019-10-29 12:00:00",3,288.34,380,0,0.001204,98.700005,-2.37,0.71,0.01108,96016.33
"2019-10-29 18:00:00",3,290.80002,357,260,0.000107,67.200005,-3.07,2.71,0.00883,96152.695
"2019-10-30 00:00:00",3,282.59,294,245,0,79.4,-2.54,1.9699999,0.00606,96648.62
"2019-10-30 06:00:00",3,280.04,272,0,0,86.5,-1.89,1.26,0.00555,96683.23
"2019-10-30 12:00:00",3,279.05,285,0,0,90.1,-1.64,0.42,0.00539,96882.81
"2019-10-30 18:00:00",3,288.1,315,330,2e-06,64.200005,0.099999994,-1.4599999,0.0070599997,96753.086
"2019-10-31 00:00:00",3,281.63998,317,191,2e-06,94.4,0.65999997,-1.0699999,0.0067499997,96750.586
"2019-10-31 06:00:00",3,281.06,317,0,2e-06,97.6,0.75,-0.78999996,0.00673,96515.195
"2019-10-31 12:00:00",3,281.57,320,0,4e-06,98.4,0.62,-0.42999998,0.0070399996,96224.24
"2019-10-31 18:00:00",3,279.5,335,110,9.8e-05,87.4,-4,3.87,0.00544,96330.75
"2019-11-01 00:00:00",3,273.82,295,69,6.3e-05,76.6,-4.94,4.15,0.00317,96652.35
"2019-11-01 06:00:00",3,273.03,217,0,0,80.9,-2.4199998,2.25,0.00315,96839.93
"2019-11-01 12:00:00",3,271.19,215,0,0,87,-1.25,1.75,0.0029499999,96971.836
"2019-11-01 18:00:00",3,281.96,224,470,0,38.600002,-1.5899999,1.01,0.00281,97196.79
"2019-11-02 00:00:00",3,272.66,242,252,0,83.3,-0.7,0.39,0.00314,97133.9
"2019-11-02 06:00:00",3,272.72,237,0,0,69.4,1.3299999,0.32999998,0.00263,97177.84
"2019-11-02 12:00:00",3,272.16,234,0,0,68.4,1.23,0.68,0.0024899999,97080.45
"2019-11-02 18:00:00",3,284.30002,247,430,0,42.5,2.3799999,0.82,0.00363,96833.9
"2019-11-03 00:00:00",3,278.00998,290,182,0,73.200005,1.8199999,0.61,0.00407,96734.875
"2019-11-03 06:00:00",3,277.08,295,0,1e-06,77.4,-0.41,1.73,0.00404,96721.79
"2019-11-03 12:00:00",3,275.47,301,0,4.7e-05,94.8,-1.18,1.3399999,0.00441,96815.68
"2019-11-03 18:00:00",3,282.2,240,450,0,43.8,-2.3999999,1.7199999,0.00326,96998.305
"2019-11-04 00:00:00",3,274.06,233,249,0,63.100002,-1.49,0.85999995,0.0026399998,97197.52
"2019-11-04 06:00:00",3,271.65,220,0,0,58.3,-1.35,0.78999996,0.00205,97403.5
"2019-11-04 12:00:00",3,270.18,222,0,0,62.9,-0.07,-0.44,0.0019699999,97507.305
"2019-11-04 18:00:00",3,286.58,242,440,0,32.8,1.2099999,0.28,0.00323,97464.14
"2019-11-05 00:00:00",3,276.35,261,238,0,76.4,1.65,-0.22999999,0.0037399998,97454.29
"2019-11-05 06:00:00",3,274.61,250,0,0,83.8,0.71999997,1.41,0.00363,97500.89
"2019-11-05 12:00:00",3,272.09,245,0,0,89.5,0.42999998,0.7,0.00323,97620.96
"2019-11-05 18:00:00",3,288.9,258,430,0,41.5,1.26,-0.48,0.00474,97486.36
"2019-11-06 00:00:00",3,278.47,272,235,0,88.200005,1.54,-0.71999997,0.00502,97569.055
"2019-11-06 06:00:00",3,276.27,255,0,0,88.700005,1.4399999,0.96,0.00433,97535.695
"2019-11-06 12:00:00",3,275.36,247,0,0,86,0.89,1.62,0.00393,97464.65
"2019-11-06 18:00:00",3,288.25,266,400,0,48.2,2.4099998,0.89,0.00531,97421.7
"2019-11-07 00:00:00",3,281.96,291,219,0,88,1.74,1.02,0.00641,97253.945
"2019-11-07 06:00:00",3,281.1,295,0,0,89.9,1.36,1.54,0.00618,97122.64
"2019-11-07 12:00:00",3,280.78,293,0,0,94.6,1.41,1.65,0.00636,96985.37
"2019-11-07 18:00:00",3,292.43,317,370,3e-06,60.7,2.44,1.6999999,0.00878,96854.14
"2019-11-08 00:00:00",3,287.05,362,119,9e-05,93.200005,2.19,2.2,0.00955,96771.08
"2019-11-08 06:00:00",3,286.21,353,0,3.3e-05,97,1.15,2.22,0.00944,96538.77
"2019-11-08 12:00:00",3,286.38998,357,0,5.1e-05,98.4,0.39,1.5999999,0.00969,96509.18
"2019-10-23 12:00:00",4,280.00998,9.999e+20,9.999e+20,9.999e+20,89.4,0.089999996,1.8399999,0.00573,96503.68
"2019-10-23 18:00:00",4,288.80002,268,490,0,38.4,-2.18,2.6699998,0.00441,96672.29
"2019-10-24 00:00:00",4,280.44998,272,279,0,62.5,-1.42,1.22,0.00411,96954.57
"2019-10-24 06:00:00",4,277.82,256,0,0,66.9,-1.04,1.16,0.00366,97136.98
"2019-10-24 12:00:00",4,274.61,253,0,0,87.8,0.099999994,-0.25,0.00382,97285.06
"2019-10-24 18:00:00",4,290,265,490,0,37.600002,1.9499999,-0.56,0.00464,97289.266
"2019-10-25 00:00:00",4,279.72,277,276,0,88.3,1.5699999,-0.24,0.0055,97301.18
"2019-10-25 06:00:00",4,280.06,272,0,0,74.5,0.32,1.65,0.00476,97281.49
"2019-10-25 12:00:00",4,280.11,294,0,0,72.5,-0.53999996,1.42,0.00464,97296.695
"2019-10-25 18:00:00",4,290.5,322,270,0,46.600002,0.25,0.87,0.00593,97194.555
"2019-10-26 00:00:00",4,281.69998,331,156,0,88.4,0.75,-0.25,0.0063199997,97085.94
"2019-10-26 06:00:00",4,280.38,304,0,0,90.6,0.16,0.68,0.00592,97072.68
"2019-10-26 12:00:00",4,280.91998,311,0,0,82.200005,0.32999998,-1.24,0.0055799996,97013.9
"2019-10-26 18:00:00",4,286.84,339,170,2.7e-05,76.200005,0.19999999,-2.01,0.0077,96926.27
"2019-10-27 00:00:00",4,284.37,350,66,0.00022999999,98.5,0.17,-1.92,0.00846,96803.7
"2019-10-27 06:00:00",4,285.00998,360,0,0.000393,98.9,0.89,-2.29,0.0089,96435.37
"2019-10-27 12:00:00",4,288.41998,378,0,0.001038,99.1,1.8299999,-0.77,0.0112,96036.586
"2019-10-27 18:00:00",4,292.6,401,30,0.000767,97.3,1.6899999,2.2,0.01432,95955.625
"2019-10-28 00:00:00",4,289.00998,371,125,1.2e-05,96.4,0.02,1.52,0.011299999,96074.48
"2019-10-28 06:00:00",4,285.66,325,0,0,97.5,-1.36,1.14,0.00919,96092.234
"2019-10-28 12:00:00",4,286,333,0,0.000162,96.4,0.089999996,-0.85999995,0.00926,96146.81
"2019-10-28 18:00:00",4,290.30002,378,60,0.000352,98.1,1.7099999,-1.14,0.01253,95821.31
"2019-10-29 00:00:00",4,292.13998,396,36,0.001141,98.8,3.28,1.66,0.01423,95470.375
"2019-10-29 06:00:00",4,287.82,379,0,0.000192,94.8,-2.11,2.07,0.01033,95699.38
"2019-10-29 12:00:00",4,283.21,316,0,0,94.8,-1.9799999,2.03,0.0076099997,95845.27
"2019-10-29 18:00:00",4,287.7,305,390,1e-06,64.3,-2.1499999,4.36,0.00695,96010.39
"2019-10-30 00:00:00",4,278.55,285,147,1e-06,71.6,-2.18,2.7,0.00416,96300.1
"2019-10-30 06:00:00",4,272.72998,227,0,0,65.3,-1.99,2.6699998,0.0024899999,96736.37
"2019-10-30 12:00:00",4,271.1,212,0,0,68.1,-1.3399999,2.49,0.00229,96989.27
"2019-10-30 18:00:00",4,276.7,211,480,0,33.9,-3.33,4.31,0.00171,97152.04
"2019-10-31 00:00:00",4,272.05,210,265,0,53.600002,-3.3899999,2.86,0.0019299999,97530.266
"2019-10-31 06:00:00",4,270.82,201,0,0,59.600002,-2.09,1.8299999,0.00195,97744.49
"2019-10-31 12:00:00",4,269.77,205,0,0,66.4,-1.17,1.5,0.0019999999,97994.06
"2019-10-31 18:00:00",4,282.4,221,470,0,26,1.35,0.11,0.00194,98119.27
"2019-11-01 00:00:00",4,274.41998,237,254,0,49.5,1.68,-0.48,0.00211,98063.65
"2019-11-01 06:00:00",4,272.32,231,0,0,55.4,1.42,0.89,0.0020299999,97981.48
"2019-11-01 12:00:00",4,271.43,230,0,0,58.2,-0.22,1.3399999,0.00199,97911.805
"2019-11-01 18:00:00",4,287.15,246,450,0,29.800001,0.25,-0.84,0.00305,97609.56
"2019-11-02 00:00:00",4,274.22998,257,247,0,81.4,0.89,-1.15,0.0034299998,97534.43
"2019-11-02 06:00:00",4,272.13998,240,0,0,75.1,1.0799999,0.65,0.00271,97448.3
"2019-11-02 12:00:00",4,272,241,0,0,72.9,0.56,0.01,0.00262,97326.92
"2019-11-02 18:00:00",4,285.43,286,320,0,56.4,1.5899999,-0.75,0.00519,97208.45
"2019-11-03 00:00:00",4,280.25,341,65,0.000117999996,97.3,-0.21,-1.31,0.0063199997,96915.71
"2019-11-03 06:00:00",4,281.94998,352,0,0.000331,99.4,0.17999999,-0.91999996,0.00728,96714.28
"2019-11-03 12:00:00",4,282.5,353,0,0.000203,99,-1.4,0.21,0.0075399997,96484.21
"2019-11-03 18:00:00",4,291.38998,335,350,1e-06,71.1,-0.93,1.0799999,0.00968,96438.12
"2019-11-04 00:00:00",4,283.28,323,197,1e-06,93.700005,-0.14999999,1.5699999,0.00751,96358.87
"2019-11-04 06:00:00",4,281.53,284,0,0,97.4,-0.90999997,2.12,0.0069199996,96573.58
"2019-11-04 12:00:00",4,279.91998,271,0,0,85.8,-1.8199999,2.3999999,0.0054599997,96749.086
"2019-11-04 18:00:00",4,286.18,256,440,0,47.3,-3.29,2.82,0.00456,97065.25
"2019-11-05 00:00:00",4,278.12,251,243,0,77.6,-1.41,1.29,0.00432,97304.96
"2019-11-05 06:00:00",4,274.86,234,0,0,89.3,-1.4,0.78999996,0.00393,97586.336
"2019-11-05 12:00:00",4,272.72998,231,0,0,79.5,-0.82,0.68,0.003,97745.67
"2019-11-05 18:00:00",4,288.00998,248,440,0,37.4,0.84,-0.53,0.00403,97754.336
"2019-11-06 00:00:00",4,276.13,263,237,0,86.4,0.82,-0.32999998,0.00417,97790.586
"2019-11-06 06:00:00",4,275.15,250,0,0,85.3,0.51,1.0799999,0.00384,97737.37
"2019-11-06 12:00:00",4,274.46,246,0,0,81.1,0.01,1.18,0.0034599998,97961.125
"2019-11-06 18:00:00",4,291.57,262,430,0,31.9,1.2099999,0.65,0.00432,97691.81
"2019-11-07 00:00:00",4,281.37,278,230,0,63.7,1.3199999,1.5,0.0044199997,97837.14
"2019-11-07 06:00:00",4,280.58,271,0,0,67,-0.94,1.6999999,0.0044199997,97503.586
"2019-11-07 12:00:00",4,279.33,269,0,0,73,-1.13,1.81,0.00441,97632.18
"2019-11-07 18:00:00",4,290.6,266,420,0,39.5,-2.34,1.75,0.00506,97424.23
"2019-11-08 00:00:00",4,281.97998,280,229,0,68.3,-1.13,1.5,0.00496,97535.14
"2019-11-08 06:00:00",4,279.97998,277,0,0,80,-1.16,1.4599999,0.00506,97524.96
"2019-11-08 12:00:00",4,279.33,280,0,0,85.3,-1.1999999,1.28,0.00517,97371.87
"2019-10-23 12:00:00",5,279.75,9.999e+20,9.999e+20,9.999e+20,90.8,-0.03,1.5899999,0.00572,96503.555
"2019-10-23 18:00:00",5,288.7,266,500,0,36.3,-2.3,2.54,0.00414,96727.125
"2019-10-24 00:00:00",5,280.22998,269,280,0,61,-1.4699999,1.12,0.00395,96974.13
"2019-10-24 06:00:00",5,276.8,257,0,0,73.5,-0.81,0.84999996,0.0037399998,97166.81
"2019-10-24 12:00:00",5,274.56,253,0,0,87.8,0.29,-0.22,0.0037999998,97287.74
"2019-10-24 18:00:00",5,289.80002,264,490,0,37.3,2.06,-0.52,0.00454,97275.42
"2019-10-25 00:00:00",5,279.3,275,277,0,88.3,1.53,0.049999997,0.0053499998,97274.18
"2019-10-25 06:00:00",5,280.44,272,0,0,73.3,0.64,1.68,0.0047999998,97227.82
"2019-10-25 12:00:00",5,280.68,300,0,0,73.1,-0.71999997,1.36,0.00487,97244.375
"2019-10-25 18:00:00",5,290.6,325,300,0,49.7,0.5,0.17,0.00636,97105.54
"2019-10-26 00:00:00",5,283.86,349,91,5e-06,81.6,0.62,0.90999997,0.0067499997,97063.83
"2019-10-26 06:00:00",5,281.79,321,0,0,91.1,0.03,0.85999995,0.0065699997,96969.54
"2019-10-26 12:00:00",5,282.75,339,0,0.000128,94.200005,-0.37,-1.3199999,0.0072399997,96926.73
"2019-10-26 18:00:00",5,284.63,349,70,0.000465,96,0.32,-2.6299999,0.00839,96846.99
"2019-10-27 00:00:00",5,283.87,354,35,0.000457,98.1,-0.049999997,-3.7099998,0.00816,96601
"2019-10-27 06:00:00",5,285.97,368,0,0.000703,99.3,1.51,-3.05,0.00955,96123.625
"2019-10-27 12:00:00",5,291.16,391,0,0.000589,98.9,3.46,-0.01,0.01335,95764.22
"2019-10-27 18:00:00",5,293.00998,401,160,4.8e-05,89.8,-0.37,2.84,0.01359,95841.83
"2019-10-28 00:00:00",5,285.19998,322,244,0,89.4,-1.63,1.5,0.00816,96199.46
"2019-10-28 06:00:00",5,282.13,283,0,0,96,-1.74,1.48,0.00713,96369.71
"2019-10-28 12:00:00",5,279.6,280,0,0,96.3,-1.05,0.14999999,0.006,96437.914
"2019-10-28 18:00:00",5,289.30002,331,280,3e-06,72.5,1.8299999,-0.64,0.00864,96305.29
"2019-10-29 00:00:00",5,286.07,369,78,6e-06,93.9,1.23,-0.97999996,0.00908,96210.81
"2019-10-29 06:00:00",5,283.8,326,0,0,97.5,1.18,1.48,0.008119999,96117.016
"2019-10-29 12:00:00",5,282.97,296,0,0,98,-1.04,1.8,0.00771,96177.86
"2019-10-29 18:00:00",5,290.80002,297,450,0,54.7,-1.91,2.11,0.0072,96124.42
"2019-10-30 00:00:00",5,283.63998,320,219,0,84.9,-1.64,1.1899999,0.0069899997,96216.08
"2019-10-30 06:00:00",5,280.74,335,0,1.6e-05,78.3,-3.6899998,3.4499998,0.00529,96162.68
"2019-10-30 12:00:00",5,274.22998,277,0,0,69.5,-4.3199997,4.18,0.00297,96366.195
"2019-10-30 18:00:00",5,279.2,238,420,0,41.8,-4.5099998,4.13,0.00253,96439.86
"2019-10-31 00:00:00",5,274.41998,230,261,0,59.5,-2.6299999,2.44,0.00256,96850.87
"2019-10-31 06:00:00",5,271.83,223,0,0,71.3,-1.9699999,1.8499999,0.00254,97065.35
"2019-10-31 12:00:00",5,270.77,217,0,0,69.3,-1.3399999,1.3199999,0.00227,97301.65
"2019-10-31 18:00:00",5,284.61,239,450,0,34.2,-0.31,1.36,0.00297,97452.77
"2019-11-01 00:00:00",5,274.58,258,246,0,85.1,1.02,0.14,0.00367,97488.73
"2019-11-01 06:00:00",5,272.37,245,0,0,89.1,0.61,0.7,0.00327,97782.33
"2019-11-01 12:00:00",5,271.63,240,0,0,91.9,-0.84,0.08,0.0032,97753.016
"2019-11-01 18:00:00",5,285.66998,251,450,0,44.2,0.81,-1.5799999,0.00409,97831.45
"2019-11-02 00:00:00",5,275.72998,259,247,0,90.700005,1.01,-1.29,0.0042499998,97804.78
"2019-11-02 06:00:00",5,271.09,241,0,0,94.8,0.56,-0.39,0.00317,97753.35
"2019-11-02 12:00:00",5,270.79,235,0,0,95,0.21,-0.29,0.00311,97517.82
"2019-11-02 18:00:00",5,286.2,249,450,0,41.2,1.25,-0.65999997,0.00399,97108.72
"2019-11-03 00:00:00",5,275.5,261,239,0,89.5,1.3399999,-0.65,0.00417,96925.27
"2019-11-03 06:00:00",5,273.83,247,0,0,90.9,-0.04,1.4499999,0.0037699998,96528.086
"2019-11-03 12:00:00",5,274.32,249,0,0,90.700005,-0.81,1.53,0.0038899998,96632.97
"2019-11-03 18:00:00",5,288.31403,271,430,0,50.3,-1.5,1.26,0.0056499997,96084.58
"2019-11-04 00:00:00",5,280.16998,313,152,2e-06,92.1,-1.4699999,1.1899999,0.0059599997,96399.555
"2019-11-04 06:00:00",5,276.91998,261,0,0,97,-1.16,1.36,0.0050399997,96240.15
"2019-11-04 12:00:00",5,275.02,248,0,0,96.200005,-0.91999996,1.49,0.00435,96502.98
"2019-11-04 18:00:00",5,287.16998,253,430,0,39.7,-0.57,1.76,0.00411,96546.62
"2019-11-05 00:00:00",5,277.85,271,235,0,86.700005,-0.19,1.31,0.00477,96678.93
"2019-11-05 06:00:00",5,277.50998,259,0,0,73.700005,-0.88,1.4399999,0.00395,97065.79
"2019-11-05 12:00:00",5,274.69,256,0,0,80.9,-1.1,0.12,0.0035299999,97112.1
"2019-11-05 18:00:00",5,288.69998,266,430,0,43.7,2.01,-0.41,0.00494,97534.56
"2019-11-06 00:00:00",5,280.12,281,230,0,90.5,1.5899999,-0.089999996,0.00581,97269.08
"2019-11-06 06:00:00",5,279.46,274,0,0,91.9,1.37,1.24,0.00562,97428.266
"2019-11-06 12:00:00",5,278.53,268,0,0,94.8,0.83,1.79,0.0054599997,97129.54
"2019-11-06 18:00:00",5,291.57,285,410,0,49.5,2,3.29,0.00677,96982.44
"2019-11-07 00:00:00",5,282.53,322,133,2e-06,69.200005,-3.32,3.4399998,0.00525,97385.78
"2019-11-07 06:00:00",5,275.27,237,0,0,80.4,-1.93,1.4399999,0.00366,97518.96
"2019-11-07 12:00:00",5,272.04,222,0,0,89.9,-1.26,0.89,0.0032199998,97852.5
"2019-11-07 18:00:00",5,285.41,231,440,0,34.4,0.7,-0.64,0.00314,97572.77
"2019-11-08 00:00:00",5,276.88,254,224,0,66.4,1.6899999,-0.44,0.00339,97618.43
"2019-11-08 06:00:00",5,274.72,245,0,0,78,1.4499999,0.93,0.00341,97570.6
"2019-11-08 12:00:00",5,274.50998,249,0,0,81.700005,-0.26,1.5699999,0.0035199998,97398.06
"2019-10-23 12:00:00",6,279.91,9.999e+20,9.999e+20,9.999e+20,89.200005,-0.52,1.66,0.00568,96469.64
"2019-10-23 18:00:00",6,288.9,267,490,0,40.2,-2.1299999,2.33,0.00465,96699.24
"2019-10-24 00:00:00",6,280.8,273,278,0,63.3,-1.5999999,1.09,0.00426,96981.95
"2019-10-24 06:00:00",6,276.94998,256,0,0,75,-0.90999997,0.9,0.0038599998,97164.15
"2019-10-24 12:00:00",6,274.5,252,0,0,88.4,-0.07,-0.38,0.00381,97312.586
"2019-10-24 18:00:00",6,289.6,265,490,0,40.600002,1.9799999,-0.78,0.00489,97306.69
"2019-10-25 00:00:00",6,279.6,278,275,0,88.9,1.49,-0.19,0.00549,97276.336
"2019-10-25 06:00:00",6,280.57,277,0,0,77.4,0.52,1.5899999,0.00511,97258.86
"2019-10-25 12:00:00",6,280.69,300,0,0,77.8,-0.66999996,1.4599999,0.00518,97310.23
"2019-10-25 18:00:00",6,292.80002,319,360,0,44.2,0.02,0.37,0.00652,97121.21
"2019-10-26 00:00:00",6,284.63,339,175,0,74.200005,1.29,0.58,0.00648,97065.21
"2019-10-26 06:00:00",6,281.22,305,0,0,92.6,-0.98999995,0.81,0.00641,97007.46
"2019-10-26 12:00:00",6,282.12,319,0,1.4e-05,87.5,-0.32,-1.1,0.0064399997,97001.97
"2019-10-26 18:00:00",6,284.55,350,90,0.00027,95.9,-0.42,-1.56,0.00832,96941.99
"2019-10-27 00:00:00",6,284.25998,357,45,0.000358,99.1,0.24,-1.8299999,0.00845,96784.734
"2019-10-27 06:00:00",6,285,363,0,0.000511,99,0.88,-2.18,0.0089,96444.78
"2019-10-27 12:00:00",6,286.13998,373,0,0.000477,99.3,0.66999996,-1.15,0.00966,96141.34
"2019-10-27 18:00:00",6,292.1,386,50,0.00052,98.200005,2,0.39999998,0.01402,95983.67
"2019-10-28 00:00:00",6,289.75998,392,21,0.000406,99.200005,0.68,0.96,0.012209999,95998.39
"2019-10-28 06:00:00",6,289.00998,377,0,2.9e-05,98.4,-0.22,1.24,0.01155,96006.18
"2019-10-28 12:00:00",6,289.30002,350,0,8e-06,98.8,1.5699999,-0.02,0.0117999995,96011.836
"2019-10-28 18:00:00",6,292.5,395,80,0.000231,96.8,2.6,0.25,0.01423,95720.11
"2019-10-29 00:00:00",6,291.58,387,149,7.9e-05,98,2.26,1.67,0.01361,95582.56
"2019-10-29 06:00:00",6,286.5,338,0,3e-06,90.8,-2.3999999,3,0.00908,95740.77
"2019-10-29 12:00:00",6,283.30002,286,0,0,91.6,-2.09,2.29,0.00738,96037.45
"2019-10-29 18:00:00",6,288.9,288,450,0,58.8,-2.73,2.7,0.00683,96125.914
"2019-10-30 00:00:00",6,283.05,316,214,0,70.9,-2.27,2.81,0.0056,96349.93
"2019-10-30 06:00:00",6,277.13,248,0,0,71.5,-3.6499999,4.17,0.00375,96463.98
"2019-10-30 12:00:00",6,271.1,222,0,0,46.2,-3.34,2.78,0.00156,96861.266
"2019-10-30 18:00:00",6,279.3,216,470,0,34.3,-4.04,2.6,0.00208,96997.93
"2019-10-31 00:00:00",6,273.91,222,264,0,56.2,-2,1.79,0.00232,97329.7
"2019-10-31 06:00:00",6,271.05,212,0,0,71.6,-1.49,1.38,0.00239,97531.75
"2019-10-31 12:00:00",6,270.18,214,0,0,68.200005,-1.0699999,0.28,0.0021199998,97721.94
"2019-10-31 18:00:00",6,283.38,230,460,0,30.800001,1.1,-0.64,0.00245,97813.61
"2019-11-01 00:00:00",6,274.72,246,251,0,66.6,1.0799999,-1.1999999,0.0029,97837.8
"2019-11-01 06:00:00",6,271.27,236,0,0,87,0.04,-0.59999996,0.0029499999,97755.7
"2019-11-01 12:00:00",6,271.56,231,0,0,84.1,-1.14,0.16,0.0029,97711.766
"2019-11-01 18:00:00",6,286.55,248,450,0,35.8,-0.45999998,-1.43,0.00351,97430.086
"2019-11-02 00:00:00",6,275.44,262,246,0,88.3,-0.11,-1.4599999,0.00409,97374.484
"2019-11-02 06:00:00",6,274.34,249,0,0,90.700005,-1.53,-0.44,0.0038899998,97204.336
"2019-11-02 12:00:00",6,273.87,246,0,0,92,-1.68,0.26999998,0.00381,97135.4
"2019-11-02 18:00:00",6,288.09,262,440,0,50.5,-1.02,-1.49,0.00554,96820.83
"2019-11-03 00:00:00",6,278.93,279,240,0,92.5,-1.18,-1.11,0.0055299997,96708.27
"2019-11-03 06:00:00",6,277.29,266,0,0,96.5,-1.52,0.21,0.0051599997,96748.95
"2019-11-03 12:00:00",6,276.50998,270,0,0,97.200005,-1.26,0.24,0.00493,96521.73
"2019-11-03 18:00:00",6,291.75998,292,390,0,56.100002,0.83,-0.049999997,0.00783,96500.6
"2019-11-04 00:00:00",6,280.22,309,198,0,92.200005,0.87,-0.13,0.0060099997,96418.4
"2019-11-04 06:00:00",6,280.82,288,0,0,92.3,-0.29,1.53,0.0062599997,96552.77
"2019-11-04 12:00:00",6,280.66,289,0,0,92.6,-1.1899999,1.26,0.0061999997,96598.98
"2019-11-04 18:00:00",6,293.71,304,410,0,50.9,-0.55,0.77,0.00799,96590.516
"2019-11-05 00:00:00",6,286.03,343,201,2e-06,80,-0.17,1.0799999,0.00769,96539.945
"2019-11-05 06:00:00",6,284.62,351,0,3.3e-05,93,-1.02,1.02,0.00814,96590.95
"2019-11-05 12:00:00",6,283.56,346,0,3.6e-05,94.8,-1.8,0.77,0.0077299997,96719.32
"2019-11-05 18:00:00",6,285.94,344,140,3.3e-05,76.6,-1.5699999,-0.12,0.00722,97051.4
"2019-11-06 00:00:00",6,279.79,307,138,5e-06,95.8,-0.37,-0.9,0.0060799997,96882.52
"2019-11-06 06:00:00",6,279.56,296,0,6e-06,95.1,0.34,-0.97999996,0.0058999998,97296.66
"2019-11-06 12:00:00",6,278.19998,307,0,6e-06,98.5,0.59999996,-0.71999997,0.00554,97162.52
"2019-11-06 18:00:00",6,286.37,323,210,6e-06,64.4,1,0.34,0.00627,97189.945
"2019-11-07 00:00:00",6,280.58,283,218,0,92.700005,1.5899999,-0.65999997,0.0061399997,97282.87
"2019-11-07 06:00:00",6,278.33,270,0,0,97.1,1.1999999,0.84999996,0.00551,97131.44
"2019-11-07 12:00:00",6,278.11,266,0,0,97.8,1.29,1.1999999,0.00545,97293.086
"2019-11-07 18:00:00",6,289.06,272,410,0,56.2,1.76,1.04,0.0065599997,96829.94
"2019-11-08 00:00:00",6,282.4,289,225,0,89.6,2.03,0.62,0.0067499997,96777.12
"2019-11-08 06:00:00",6,283.11,309,0,3e-06,86.8,1.4399999,2.47,0.00689,96291.67
"2019-11-08 12:00:00",6,278.34,310,0,1e-06,62.5,-3.6699998,4.52,0.0035899999,96461.93
"2019-10-23 12:00:00",7,279.94,9.999e+20,9.999e+20,9.999e+20,91,-0.31,1.74,0.00581,96467.56
"2019-10-23 18:00:00",7,288.80002,267,490,0,39.5,-2.12,2.5,0.00454,96654.68
"2019-10-24 00:00:00",7,280.9,273,278,0,62.600002,-1.65,1.06,0.0042399997,96964.055
"2019-10-24 06:00:00",7,276.78,257,0,0,75.9,-0.77,0.89,0.0038599998,97128.66
"2019-10-24 12:00:00",7,274.9,253,0,0,88.3,0.41,-0.22,0.00392,97297.914
"2019-10-24 18:00:00",7,289.9,267,490,0,40.600002,2.1599998,-0.39999998,0.0049799997,97293.375
"2019-10-25 00:00:00",7,279.91,279,275,0,88.6,1.5699999,-0.08,0.0056,97287.9
"2019-10-25 06:00:00",7,280.8,281,0,0,75.9,0.55,1.5799999,0.0050899996,97319.086
"2019-10-25 12:00:00",7,281.1,303,0,0,76.4,-0.45999998,1.52,0.00523,97315.055
"2019-10-25 18:00:00",7,292,327,320,0,44.2,-0.76,0.96,0.00618,97218.44
"2019-10-26 00:00:00",7,282.78,344,130,0,84.5,-0.06,0.65999997,0.0064999997,97142.64
"2019-10-26 06:00:00",7,281.36,302,0,0,79.9,-1.35,0.93,0.0055799996,97159.16
"2019-10-26 12:00:00",7,279.61,280,0,0,86.8,-1.38,-1.16,0.00538,97134.08
"2019-10-26 18:00:00",7,289.59,302,420,0,61,1.28,-2.6,0.0073499996,97035.69
"2019-10-27 00:00:00",7,285.03,326,218,0,88.6,1.09,-2.3,0.007929999,96956.04
"2019-10-27 06:00:00",7,283.97998,331,0,3e-06,97.200005,1.11,-1.8199999,0.00814,96702.836
"2019-10-27 12:00:00",7,285.44998,370,0,8.7e-05,98.700005,1.31,-1.11,0.00914,96440.74
"2019-10-27 18:00:00",7,291.80002,388,60,0.000185,96.8,3.1899998,-0.64,0.013499999,96154.18
"2019-10-28 00:00:00",7,291.47,399,32,2.5e-05,99,1.88,0.08,0.01358,96073.99
"2019-10-28 06:00:00",7,290.62,387,0,1e-05,99.1,1.49,1.1,0.01289,95995.04
"2019-10-28 12:00:00",7,289.59,393,0,2.2e-05,98.700005,0.71999997,0.97999996,0.0120399995,95943.57
"2019-10-28 18:00:00",7,294.7,392,210,2.5e-05,83.5,2.1499999,2.03,0.014049999,95771.72
"2019-10-29 00:00:00",7,287.3,347,200,3.1e-05,73.700005,-3.06,3.3799999,0.0077299997,96127.12
"2019-10-29 06:00:00",7,282.79,287,0,0,84.8,-2.4199998,1.79,0.00659,96181.81
"2019-10-29 12:00:00",7,280.49,281,0,0,81.8,-2,1.65,0.00542,96448.086
"2019-10-29 18:00:00",7,286.7,271,450,0,46.8,-2.29,1.8,0.00471,96397.47
"2019-10-30 00:00:00",7,279.88998,261,259,0,65.700005,-2.25,2.31,0.0041799997,96545.35
"2019-10-30 06:00:00",7,275.82,231,0,0,72,-1.6999999,1.9499999,0.00344,96517.74
"2019-10-30 12:00:00",7,274.55,235,0,0,78.1,-2.47,2.29,0.0033999998,96669.4
"2019-10-30 18:00:00",7,278.4,229,470,0,38.600002,-4.67,3.85,0.0022,96868.04
"2019-10-31 00:00:00",7,272.62,217,263,0,58.8,-3.3799999,1.8399999,0.0022099998,97254.836
"2019-10-31 06:00:00",7,269.8,208,0,0,68.700005,-1.5699999,1.43,0.0020899998,97425.23
"2019-10-31 12:00:00",7,269.63998,208,0,0,63.7,-1.3,1.41,0.00191,97641.32
"2019-10-31 18:00:00",7,283.09,227,460,0,23.5,-0.91999996,-0.26,0.0018399999,97764.73
"2019-11-01 00:00:00",7,272.00998,254,231,0,53.8,0.26,-0.81,0.00192,97757.46
"2019-11-01 06:00:00",7,269.74,227,0,0,70.6,0.06,-0.71999997,0.0021199998,97874.17
"2019-11-01 12:00:00",7,269.94,223,0,0,72.700005,-0.96,-0.7,0.00222,97871.16
"2019-11-01 18:00:00",7,284.7,235,460,0,28.800001,-0.03,-1.8299999,0.0025,97769.98
"2019-11-02 00:00:00",7,273.25,245,251,0,84.4,0.42999998,-1.51,0.0033099998,97699.336
"2019-11-02 06:00:00",7,269.83,232,0,0,90.5,-0.41,-0.39,0.00275,97729.49
"2019-11-02 12:00:00",7,270.47,233,0,0,90.200005,-0.44,-0.59999996,0.00288,97603.74
"2019-11-02 18:00:00",7,285.83,262,370,0,40.100002,1.06,-0.81,0.00378,97386.945
"2019-11-03 00:00:00",7,274.68,277,192,0,89.200005,0.71,-0.65999997,0.0039,97367.52
"2019-11-03 06:00:00",7,272.03,260,0,0,92.200005,-0.06,0.85999995,0.00333,97124.875
"2019-11-03 12:00:00",7,275.18,249,0,0,82,-1.16,1.4,0.00372,97250.68
"2019-11-03 18:00:00",7,288.1,278,390,0,40.2,-1.6999999,1.11,0.0044,96878.52
"2019-11-04 00:00:00",7,278.41998,275,236,0,86.700005,-1.54,0.51,0.00494,97109.44
"2019-11-04 06:00:00",7,275.74,256,0,0,93.8,-1.2099999,0.89,0.00444,97028.73
"2019-11-04 12:00:00",7,274.85,254,0,0,94.3,-1.02,1.13,0.00419,97124.04
"2019-11-04 18:00:00",7,289.84,267,430,0,36.600002,-1.0699999,-0.19,0.0044799997,97099.83
"2019-11-05 00:00:00",7,277.35,281,232,0,85.6,0.38,-0.22,0.00452,97157.62
"2019-11-05 06:00:00",7,276.46,267,0,0,89.5,-0.14999999,1.02,0.00444,97419.98
"2019-11-05 12:00:00",7,274.81,265,0,0,91.4,-0.68,-0.24,0.00403,97434.93
"2019-11-05 18:00:00",7,290.9,278,420,0,46.2,0.52,-0.51,0.0060199997,97628.93
"2019-11-06 00:00:00",7,283.07,329,178,0,75.8,1.27,-0.87,0.00587,97626.4
"2019-11-06 06:00:00",7,276.31,278,0,0,94.8,0.22999999,-0.39,0.00465,97523.414
"2019-11-06 12:00:00",7,274.97998,265,0,0,96.1,-0.62,-0.13,0.00428,97634.336
"2019-11-06 18:00:00",7,291.32,280,420,0,46.100002,-0.71999997,0.95,0.00621,97167.24
"2019-11-07 00:00:00",7,280.72998,294,225,0,89.3,-0.47,1.1,0.00598,97263.29
"2019-11-07 06:00:00",7,279.74,273,0,0,95.3,-1.22,1.29,0.0059599997,97044.83
"2019-11-07 12:00:00",7,277.97998,263,0,0,96.4,-1.1899999,1.16,0.00533,97204.39
"2019-11-07 18:00:00",7,291.22998,272,410,0,35,-1.13,0.26,0.0046699997,97039.836
"2019-11-08 00:00:00",7,279.06,283,224,0,82.6,-0.35,0.13,0.0049199997,97036.4
"2019-11-08 06:00:00",7,277.27,268,0,0,80.9,-0.68,0.69,0.0042499998,97109.33
"2019-11-08 12:00:00",7,277.94,267,0,0,64.9,-1.02,1.3199999,0.0035899999,96923.04
"2019-10-23 12:00:00",8,279.94,9.999e+20,9.999e+20,9.999e+20,89.200005,-0.14999999,1.79,0.00569,96547.49
"2019-10-23 18:00:00",8,288.80002,268,490,0,39.4,-2.25,2.59,0.00453,96700.99
"2019-10-24 00:00:00",8,280.58,272,278,0,62.600002,-1.51,1.12,0.00415,96994.836
"2019-10-24 06:00:00",8,276.97,258,0,0,73.8,-0.89,0.84999996,0.0037999998,97175.25
"2019-10-24 12:00:00",8,274.85,254,0,0,87.700005,0.24,-0.21,0.00388,97324.695
"2019-10-24 18:00:00",8,289.9,267,490,0,39.7,2.03,-0.55,0.00487,97322.54
"2019-10-25 00:00:00",8,279.84,278,275,0,88.8,1.56,-0.25,0.0055799996,97340.75
"2019-10-25 06:00:00",8,280.13998,271,0,0,76.6,0.58,1.5699999,0.0049199997,97315.125
"2019-10-25 12:00:00",8,280.16998,298,0,0,77.6,-0.19999999,1.35,0.00499,97301.055
"2019-10-25 18:00:00",8,292.1,314,380,0,44.8,0.38,0.98999995,0.0063,97156.625
"2019-10-26 00:00:00",8,282.81,326,161,0,89.1,1.5699999,0.48999998,0.0068699997,97085.27
"2019-10-26 06:00:00",8,283.37,309,0,0,86.5,0.71999997,1.36,0.0069399998,97033.836
"2019-10-26 12:00:00",8,283.77,332,0,2.2e-05,92.3,-0.16,-1.11,0.0075999997,96990.516
"2019-10-26 18:00:00",8,286.68,357,120,0.000206,92.9,0.69,-2.24,0.0092899995,96916.69
"2019-10-27 00:00:00",8,285.49,359,39,0.000295,98.8,0.63,-1.89,0.009149999,96770.664
"2019-10-27 06:00:00",8,285.69,365,0,0.000129,98.5,0.96,-2.37,0.009269999,96455.24
"2019-10-27 12:00:00",8,289.18,379,0,0.000605,99.5,3.03,-0.59999996,0.0117999995,96133.98
"2019-10-27 18:00:00",8,293.96,399,100,0.000123,90.9,2.62,2.25,0.01457,96075.11
"2019-10-28 00:00:00",8,288.96,375,130,2.8e-05,98.200005,0.72999996,1.12,0.01146,96219.836
"2019-10-28 06:00:00",8,286.85,333,0,0,97.4,-1.4399999,0.79999995,0.00991,96326.48
"2019-10-28 12:00:00",8,286.25998,364,0,1.6e-05,97.4,-0.71,-1.28,0.00952,96412.836
"2019-10-28 18:00:00",8,289.65,384,80,4.7e-05,97.6,-0.14,-1.4599999,0.01189,96335.99
"2019-10-29 00:00:00",8,289.33,391,36,0.000211,99.4,0.69,-1.48,0.01188,96238.09
"2019-10-29 06:00:00",8,290.71,385,0,0.000464,99.3,2.9199998,-0.21,0.01301,95867.305
"2019-10-29 12:00:00",8,290.74,398,0,0.000845,97.700005,-0.90999997,2.1,0.01284,95787.875
"2019-10-29 18:00:00",8,289.08,345,240,7e-06,67,-2.85,3.4099998,0.0079,95953.914
"2019-10-30 00:00:00",8,283.96,317,126,0,79.3,-2.95,2.79,0.00666,96285.58
"2019-10-30 06:00:00",8,277.94998,259,0,0,78.1,-2.97,2.3799999,0.00434,96578.11
"2019-10-30 12:00:00",8,274.62,233,0,0,82.1,-1.75,1.4,0.0035899999,96863.37
"2019-10-30 18:00:00",8,286.72,242,470,0,39.8,-0.88,0.47,0.00398,96929.3
"2019-10-31 00:00:00",8,276.5,260,257,0,83.8,-0.45,0.84,0.0041799997,97044.49
"2019-10-31 06:00:00",8,276.00998,245,0,0,73.6,-3.05,2.79,0.00354,97215.15
"2019-10-31 12:00:00",8,272.29,228,0,0,72.5,-3.09,1.9599999,0.00266,97395.375
"2019-10-31 18:00:00",8,279.41,227,460,0,42.7,-4.2,1.39,0.0026,97600.62
"2019-11-01 00:00:00",8,274.06,225,254,0,57.4,-3.6799998,1.51,0.00239,97852.53
"2019-11-01 06:00:00",8,270.1,206,0,0,76,-1.1899999,1.26,0.00235,97965.54
"2019-11-01 12:00:00",8,270.13,211,0,0,74,-1.26,0.83,0.00229,98001.6
"2019-11-01 18:00:00",8,283.80002,221,470,0,26.4,-0.089999996,-0.42,0.00216,97821.95
"2019-11-02 00:00:00",8,273.56,234,256,0,55.7,1.76,-0.08,0.0022399998,97477.7
"2019-11-02 06:00:00",8,271.84,223,0,0,63.5,0.90999997,1.63,0.00225,97448.36
"2019-11-02 12:00:00",8,270.68,218,0,0,63.100002,-0.89,1.14,0.00205,97367.57
"2019-11-02 18:00:00",8,287.4,231,460,0,26.2,0.39,0.37,0.0027299998,97223.96
"2019-11-03 00:00:00",8,274.91998,250,250,0,70,1.56,-0.65999997,0.00309,97142.4
"2019-11-03 06:00:00",8,272.66,239,0,0,76.3,1.26,0.58,0.00288,97034.37
"2019-11-03 12:00:00",8,272.91,259,0,0,73.8,0.59,0.96999997,0.00284,96960.98
"2019-11-03 18:00:00",8,286.72,273,350,0,37.4,0.87,0.78,0.00375,96873.836
"2019-11-04 00:00:00",8,275.31,268,217,0,86,1.03,0.14,0.00396,96929.37
"2019-11-04 06:00:00",8,276.29,253,0,0,71.3,-1.37,1.18,0.0034999999,97128.33
"2019-11-04 12:00:00",8,274.58,246,0,0,80.6,-1.5799999,0.58,0.0034899998,97197.37
"2019-11-04 18:00:00",8,287.19998,257,440,0,45,0.34,-1.53,0.00462,97332.086
"2019-11-05 00:00:00",8,277.18,267,237,0,90.1,0.35999998,-1.3399999,0.0047,97413.875
"2019-11-05 06:00:00",8,273.47,251,0,0,92.3,0.34,0.14999999,0.00369,97389.68
"2019-11-05 12:00:00",8,272.75,247,0,0,92.700005,0.17,-0.24,0.0035199998,97409.87
"2019-11-05 18:00:00",8,288.78,264,430,0,47,1.3399999,-0.64,0.00536,97153.9
"2019-11-06 00:00:00",8,278.77,280,231,0,91.6,1.13,-0.78,0.0053499998,97269.68
"2019-11-06 06:00:00",8,277.66,280,0,0,94.3,0.9,-0.21,0.00512,96931.9
"2019-11-06 12:00:00",8,280.4,323,0,2e-06,94.1,1.1899999,-0.08,0.00618,97013.62
"2019-11-06 18:00:00",8,286.61,349,160,1.4e-05,84.1,1.8299999,-0.34,0.00839,96504.27
"2019-11-07 00:00:00",8,284.69,341,149,8e-06,98.200005,1.3199999,-0.76,0.00865,96387.055
"2019-11-07 06:00:00",8,285.31,367,0,5e-05,98.700005,1.8299999,-1.2099999,0.00913,95773.22
"2019-11-07 12:00:00",8,288.03,374,0,0.00034199998,97.200005,5.08,-1.2099999,0.0108199995,95047.914
"2019-11-07 18:00:00",8,288.47998,384,60,0.001207,92.6,4.0899997,4.25,0.01078,93946.7
"2019-11-08 00:00:00",8,275.93,324,32,0.000315,79.700005,-5.0499997,7.8199997,0.0039399997,94162.7
"2019-11-08 06:00:00",8,271.46,250,0,9e-06,71.5,-1.29,6.67,0.00253,95080.836
"2019-11-08 12:00:00",8,270.4,220,0,2e-06,66.4,0.31,4.56,0.00216,95221.55
"2019-10-23 12:00:00",9,280.11,9.999e+20,9.999e+20,9.999e+20,89.4,-0.39,1.8299999,0.0057699997,96475.4
"2019-10-23 18:00:00",9,288.7,266,490,0,38.100002,-2.1399999,2.61,0.0043599997,96619.85
"2019-10-24 00:00:00",9,280.69998,272,279,0,62.3,-1.56,1.14,0.00417,96919.56
"2019-10-24 06:00:00",9,277.27,256,0,0,75.1,-1.01,0.98999995,0.00395,97094.336
"2019-10-24 12:00:00",9,274.52,252,0,0,88.4,-0.12,-0.17,0.00382,97263.89
"2019-10-24 18:00:00",9,290,265,490,0,38.3,1.88,-0.59999996,0.0047299997,97241.42
"2019-10-25 00:00:00",9,279.63,276,276,0,84.4,1.5999999,-0.049999997,0.00523,97232.82
"2019-10-25 06:00:00",9,280.53,278,0,0,71.8,0.65,1.61,0.0047299997,97204.52
"2019-10-25 12:00:00",9,280.66998,296,0,0,71.700005,-0.41,1.62,0.00478,97235.73
"2019-10-25 18:00:00",9,292.1,311,380,0,43.100002,-0.66999996,0.57,0.0060699997,97088.49
"2019-10-26 00:00:00",9,283.44998,332,147,0,77.3,0.71,1.41,0.00623,97042.84
"2019-10-26 06:00:00",9,282.37,308,0,0,78.1,-1.43,1.06,0.00585,97041.05
"2019-10-26 12:00:00",9,280.03,288,0,0,84.5,-0.98999995,-1.23,0.00539,97029.24
"2019-10-26 18:00:00",9,285.47998,333,180,3.8e-05,80.6,-0.22,-2.12,0.00744,96978.29
"2019-10-27 00:00:00",9,283.44998,346,59,0.00022,98.8,0,-1.68,0.00797,96861.36
"2019-10-27 06:00:00",9,284.16998,353,0,0.000125,98.5,0.21,-2.6299999,0.00837,96473.086
"2019-10-27 12:00:00",9,285.59,367,0,0.001024,99.6,0.87,-1.73,0.00936,96013.65
"2019-10-27 18:00:00",9,293.06,397,40,0.0010929999,96.700005,4.2,1.5699999,0.01473,95688.99
"2019-10-28 00:00:00",9,291.69998,399,47,2.8e-05,98.700005,2.27,0.76,0.013789999,95722.17
"2019-10-28 06:00:00",9,290.99,388,0,1e-05,98.6,1.18,1.05,0.01316,95790.33
"2019-10-28 12:00:00",9,288.25998,364,0,9e-06,98.9,0.42,0.66999996,0.01108,95814.984
"2019-10-28 18:00:00",9,292.80002,384,200,1.3e-05,74.6,0.84,1.66,0.01119,95720.71
"2019-10-29 00:00:00",9,288.86,379,151,6e-06,90.200005,-0.93,1.42,0.0105,95868.21
"2019-10-29 06:00:00",9,282.87,303,0,0,89.9,-1.9599999,2.19,0.0070399996,96040.08
"2019-10-29 12:00:00",9,280.68,270,0,0,95.5,-1.22,1.62,0.00643,96217.805
"2019-10-29 18:00:00",9,285.27,292,400,0,50.7,-3.33,4.41,0.00464,96299.125
"2019-10-30 00:00:00",9,275.31,237,263,0,57.100002,-2.8799999,2.1399999,0.00263,96668.43
"2019-10-30 06:00:00",9,272.75998,217,0,0,69.6,-3.1599998,2.26,0.00266,96928.45
"2019-10-30 12:00:00",9,270.69,209,0,0,69.9,-1.81,1.56,0.00228,97066.47
"2019-10-30 18:00:00",9,281.1,218,480,0,31.800001,-2.1,1.4,0.0021799998,97091.24
"2019-10-31 00:00:00",9,275.58,235,260,0,53.4,-2.45,1.52,0.0024899999,97355.58
"2019-10-31 06:00:00",9,271.34,221,0,0,76.9,-1.26,1.5899999,0.00263,97527.266
"2019-10-31 12:00:00",9,270.79,215,0,0,72.8,-1.48,1.24,0.00238,97658.81
"2019-10-31 18:00:00",9,285.2,232,460,0,31.800001,-0.29999998,-0.75,0.0028499998,97806.25
"2019-11-01 00:00:00",9,273.68,243,255,0,72.1,0.87,-0.97999996,0.00289,97808.875
"2019-11-01 06:00:00",9,271.9,233,0,0,75.9,1.26,0.12,0.00269,97873.445
"2019-11-01 12:00:00",9,271.43,233,0,0,77.8,0.74,0.85999995,0.00266,97791.69
"2019-11-01 18:00:00",9,285.80002,245,460,0,32.600002,1.62,-0.12,0.00306,97538.19
"2019-11-02 00:00:00",9,275.88,257,248,0,74.200005,1.78,-0.21,0.0035299999,97248.836
"2019-11-02 06:00:00",9,274,246,0,0,77.3,0.5,1.5699999,0.00321,97190.11
"2019-11-02 12:00:00",9,273.62,244,0,0,82.6,-1.27,0.96,0.0033399998,97126.21
"2019-11-02 18:00:00",9,289.22998,257,450,0,38,0.41,-1.22,0.00447,97030.93
"2019-11-03 00:00:00",9,277.72,268,245,0,87.6,0.66999996,-1.41,0.00475,97114.65
"2019-11-03 06:00:00",9,273.19,250,0,0,91.700005,0.049999997,-0.78,0.00361,97126.01
"2019-11-03 12:00:00",9,273.69998,241,0,0,88.200005,-1.15,-0.57,0.00361,96991.74
"2019-11-03 18:00:00",9,287.3,272,400,0,58.100002,-0.32999998,-1.93,0.00604,96866.18
"2019-11-04 00:00:00",9,282.13,320,195,7.4999996e-05,94.700005,-1.54,-0.95,0.00702,96642.79
"2019-11-04 06:00:00",9,281.46,351,0,0.000351,97.200005,-2.36,-0.34,0.00689,96442.5
"2019-11-04 12:00:00",9,280.94,347,0,0.000439,97.3,-2.1299999,0.62,0.00667,96279.74
"2019-11-04 18:00:00",9,282.91998,339,80,0.000473,93.9,-1.9799999,0.59,0.0073599997,96222.82
"2019-11-05 00:00:00",9,281.22998,334,38,0.000364,98.1,-0.84,1.14,0.0068599996,96304.54
"2019-11-05 06:00:00",9,280.07,321,0,6.1e-05,97.700005,-0.97999996,1.4499999,0.0063099996,96182.57
"2019-11-05 12:00:00",9,278.11,268,0,0,96.9,-1.35,1.8299999,0.00544,96449.68
"2019-11-05 18:00:00",9,284.78,266,410,0,60.600002,-2.53,2.19,0.00537,96467.77
"2019-11-06 00:00:00",9,278.37,260,233,0,84.200005,-1.2099999,1.5799999,0.0047999998,96847.99
"2019-11-06 06:00:00",9,275.93,247,0,0,93,-1.13,1.4399999,0.00445,96932.7
"2019-11-06 12:00:00",9,275.02,245,0,0,90.9,-0.88,1.4499999,0.00408,97063.12
"2019-11-06 18:00:00",9,288.02,263,420,0,46.8,-0.099999994,1.63,0.0050999997,96942.9
"2019-11-07 00:00:00",9,281.84,289,219,0,77.9,1.2099999,1.65,0.0056499997,96801.46
"2019-11-07 06:00:00",9,279.5,286,0,0,83.5,-0.26,2.06,0.0051599997,96817.984
"2019-11-07 12:00:00",9,277.81,260,0,0,90.700005,-0.47,2.01,0.00499,96558.945
"2019-11-07 18:00:00",9,286.97998,265,410,0,58.7,-1.74,4.29,0.0060099997,96408.31
"2019-11-08 00:00:00",9,280.91998,271,228,0,81.6,-0.74,2.69,0.0056,96087.29
"2019-11-08 06:00:00",9,278.05,254,0,0,76.5,-1.0799999,3.03,0.0043099998,96108.266
"2019-11-08 12:00:00",9,273.78,234,0,0,78.4,-0.53,2.02,0.0032499998,96167.64
"2019-10-23 12:00:00",10,279.81,9.999e+20,9.999e+20,9.999e+20,88,-0.14999999,1.73,0.00556,96510.875
"2019-10-23 18:00:00",10,288.80002,266,500,0,37,-2.1699998,2.59,0.0042499998,96700.64
"2019-10-24 00:00:00",10,280.34,270,280,0,60.3,-1.49,1.14,0.00393,96964.87
"2019-10-24 06:00:00",10,276.93,256,0,0,66.1,-0.78,1.02,0.0033999998,97162.76
"2019-10-24 12:00:00",10,274.58,252,0,0,87,0.32,-0.26999998,0.00378,97280.266
"2019-10-24 18:00:00",10,289.80002,264,490,0,38.7,2.04,-0.69,0.0047,97276.086
"2019-10-25 00:00:00",10,279.71,277,276,0,88.5,1.55,-0.31,0.0055199997,97288.445
"2019-10-25 06:00:00",10,279.25,276,0,0,87.4,0.91999996,0.89,0.0052799997,97243.56
"2019-10-25 12:00:00",10,279.75,301,0,0,82.4,-0.19,0.96999997,0.00515,97262.14
"2019-10-25 18:00:00",10,292.30002,322,360,0,50.5,0.93,0.35999998,0.0072,97088.73
"2019-10-26 00:00:00",10,284.22998,344,167,4e-06,83.200005,0.35999998,-0.74,0.0070599997,97037.84
"2019-10-26 06:00:00",10,284.12,341,0,5.2e-05,94.200005,0.48,-0.48,0.00794,96964.016
"2019-10-26 12:00:00",10,284.35,355,0,0.00037,98.700005,-0.39999998,-1.5899999,0.00846,96880.35
"2019-10-26 18:00:00",10,285.94,365,60,0.000451,96.4,-0.089999996,-3.87,0.0092,96680.375
"2019-10-27 00:00:00",10,285.66,371,24,0.000477,97.9,-0.19999999,-3.82,0.0092,96419.94
"2019-10-27 06:00:00",10,289.02,378,0,0.000708,99.200005,3,-2.9199998,0.011659999,95960.58
"2019-10-27 12:00:00",10,291.56,397,0,0.000358,98.3,4.0299997,-0.68,0.01361,95695.65
"2019-10-27 18:00:00",10,294.4,399,170,0.000162,90.9,2.27,2.95,0.01505,95646.125
"2019-10-28 00:00:00",10,289.49,367,228,2.8e-05,92.1,-2.26,1.6999999,0.01115,95925.625
"2019-10-28 06:00:00",10,283.75,305,0,0,96.1,-1.4499999,1.92,0.00798,96035.305
"2019-10-28 12:00:00",10,282.15,290,0,0,97.3,-1.49,1.0699999,0.00725,96152.484
"2019-10-28 18:00:00",10,291.5,316,390,0,68.9,1.86,-1.14,0.00945,96027.43
"2019-10-29 00:00:00",10,288.54,367,169,8e-06,94.1,1.29,-0.78,0.01071,95954.15
"2019-10-29 06:00:00",10,287.69998,358,0,7e-06,98.1,1.4499999,1.1,0.010609999,95759.08
"2019-10-29 12:00:00",10,284.38998,328,0,2e-06,96,-1.51,2.23,0.00834,95859.664
"2019-10-29 18:00:00",10,289,287,450,0,56.5,-2.46,2.6399999,0.0066299997,95939.27
"2019-10-30 00:00:00",10,281.82,314,179,1e-06,86.3,-1.09,1.4499999,0.00629,96169.03
"2019-10-30 06:00:00",10,279.44,266,0,0,69.200005,-4.14,4.5,0.00427,96470.49
"2019-10-30 12:00:00",10,273.87,229,0,0,78.5,-0.71,1.89,0.00326,96667.48
"2019-10-30 18:00:00",10,285.47,230,480,0,33,-0.42999998,1.6999999,0.00305,96786.27
"2019-10-31 00:00:00",10,278.19,254,257,0,62.100002,-0.38,2.05,0.0034999999,96858.15
"2019-10-31 06:00:00",10,275.77,246,0,0,80.6,-2.76,1.65,0.00382,97103.375
"2019-10-31 12:00:00",10,271.12,224,0,0,81.4,-1.5899999,1.42,0.00274,97159.375
"2019-10-31 18:00:00",10,281.46,229,460,0,32.2,-1.04,2.04,0.00227,97175.414
"2019-11-01 00:00:00",10,275.25998,234,253,0,52.8,-2.21,1.74,0.00241,97261.125
"2019-11-01 06:00:00",10,270.85,217,0,0,65.5,-1.15,1.37,0.00216,97323.086
"2019-11-01 12:00:00",10,270.72998,217,0,0,65,-1.11,1.36,0.0021199998,97483.805
"2019-11-01 18:00:00",10,281.1,231,450,0,34.5,-2.6499999,2.1599998,0.00236,97277.14
"2019-11-02 00:00:00",10,275.06,238,249,0,57.100002,-2.1,0.90999997,0.00256,97531.15
"2019-11-02 06:00:00",10,270.86,221,0,0,70.9,-1.39,0.87,0.00233,97591.79
"2019-11-02 12:00:00",10,268.97,214,0,0,78,-0.95,0.59,0.0022099998,97739.79
"2019-11-02 18:00:00",10,284.44998,225,460,0,31,0.64,-0.35999998,0.00265,97814.2
"2019-11-03 00:00:00",10,273.66998,242,248,0,66.9,1.4499999,-1,0.00271,97575.65
"2019-11-03 06:00:00",10,271.15,230,0,0,78.5,1.35,0.72999996,0.0026399998,97812
"2019-11-03 12:00:00",10,271.22998,230,0,0,81.4,1.02,1.3299999,0.0027599998,97468.94
"2019-11-03 18:00:00",10,285.38998,274,360,0,40.9,1.62,0.59999996,0.00373,97573.32
"2019-11-04 00:00:00",10,276.56,291,176,0,78,1.8199999,0.39,0.0038899998,97143.46
"2019-11-04 06:00:00",10,275.55,265,0,0,74.8,1.31,1.4699999,0.00348,97192.35
"2019-11-04 12:00:00",10,274.86,259,0,0,78.3,0.53999996,1.63,0.0034699999,97176.45
"2019-11-04 18:00:00",10,288.65,276,410,0,45.9,2.04,0.71,0.0052,97049.62
"2019-11-05 00:00:00",10,282.13,297,223,0,74.8,1.74,0.71999997,0.00549,97361.83
"2019-11-05 06:00:00",10,280.04,298,0,0,84.700005,0.28,1.76,0.0053999997,97160.414
"2019-11-05 12:00:00",10,278.32,289,0,0,91.6,-0.52,0.90999997,0.0051599997,97726.43
"2019-11-05 18:00:00",10,292.97998,307,410,0,51.100002,1.4,-0.59,0.0075899996,97450.83
"2019-11-06 00:00:00",10,283.94998,315,220,0,92.8,1.27,-0.91999996,0.0076699997,97786.86
"2019-11-06 06:00:00",10,282.49,304,0,1e-06,95.5,0.82,-0.9,0.00719,97649.625
"2019-11-06 12:00:00",10,285.78,365,0,2.6e-05,98.4,1.42,-0.5,0.009219999,97536.68
"2019-11-06 18:00:00",10,290.1,378,100,2.2e-05,88.9,2.3899999,0.04,0.010989999,97523.49
"2019-11-07 00:00:00",10,287.55,365,81,5e-06,96.6,1.68,0.25,0.01019,97224.414
"2019-11-07 06:00:00",10,287.09,345,0,2e-06,98.6,1.86,0.85999995,0.010079999,97330.76
"2019-11-07 12:00:00",10,287.66,368,0,6e-06,96.9,1.77,1.64,0.01031,97042.5
"2019-11-07 18:00:00",10,294.00998,354,320,2e-06,65.5,0.9,2.23,0.01042,97073.69
"2019-11-08 00:00:00",10,288.94,365,164,3.2e-05,92.1,1.23,0.7,0.01064,96983.35
"2019-11-08 06:00:00",10,287.29,370,0,7.9e-05,97.8,0.65,0.7,0.01017,96908.02
"2019-11-08 12:00:00",10,286.68,356,0,3.9e-05,98.4,1.16,-0.26999998,0.00983,96946.68
"2019-10-23 12:00:00",11,279.80002,9.999e+20,9.999e+20,9.999e+20,91.3,-0.07,1.6999999,0.00575,96482.81
"2019-10-23 18:00:00",11,288.80002,267,490,0,39.3,-1.99,2.47,0.0045,96674.93
"2019-10-24 00:00:00",11,280.5,273,278,0,63,-1.54,1.02,0.00416,96983.664
"2019-10-24 06:00:00",11,276.55,257,0,0,76,-0.63,0.88,0.0037999998,97154.805
"2019-10-24 12:00:00",11,275.02,254,0,0,88,0.51,0.089999996,0.0039399997,97278.086
"2019-10-24 18:00:00",11,290.2,268,490,0,41.100002,2.1499999,-0.12,0.00513,97282.414
"2019-10-25 00:00:00",11,280.58,281,274,0,86.700005,1.74,0.01,0.00574,97269.77
"2019-10-25 06:00:00",11,280.85,276,0,0,76.6,0.44,1.79,0.0051599997,97306.375
"2019-10-25 12:00:00",11,281.21,301,0,0,74.4,-0.65,1.4599999,0.00514,97293.17
"2019-10-25 18:00:00",11,293,324,350,0,43,-0.14999999,0.7,0.00642,97171.83
"2019-10-26 00:00:00",11,283.79,346,142,0,73.200005,0.16,0.03,0.00603,97093.57
"2019-10-26 06:00:00",11,280.91,298,0,0,82.200005,-1.3299999,0.71,0.00557,97086.98
"2019-10-26 12:00:00",11,281.58,308,0,0,77.4,-1.24,-0.89,0.00549,97076.59
"2019-10-26 18:00:00",11,286.22,342,170,7.2e-05,82.700005,0.19999999,-1.91,0.00801,97003.58
"2019-10-27 00:00:00",11,283.96,347,54,0.000181,98.3,-0.04,-1.87,0.0082,96899.02
"2019-10-27 06:00:00",11,283.88998,349,0,0.000176,99.200005,-0.01,-2.09,0.00826,96639.43
"2019-10-27 12:00:00",11,285.15,368,0,0.000649,99.5,0.55,-1.48,0.0090499995,96241
"2019-10-27 18:00:00",11,292.66,390,60,0.000439,96.9,4.04,0.5,0.01435,95886.1
"2019-10-28 00:00:00",11,291.71,398,41,3.6e-05,98.8,2.1399999,1.02,0.01378,95923.484
"2019-10-28 06:00:00",11,290.71,390,0,0.000199,99.1,1.3199999,1.2099999,0.01298,95899.75
"2019-10-28 12:00:00",11,290.72,397,0,3.8e-05,99.3,1.93,0.03,0.01303,95747.31
"2019-10-28 18:00:00",11,294.6,394,200,2.5e-05,79.200005,2.23,2.98,0.01327,95705.29
"2019-10-29 00:00:00",11,289.09,353,202,3e-06,78,-1.62,3.28,0.00921,95937.79
"2019-10-29 06:00:00",11,283.81,295,0,0,75.6,-3.5,4.7999997,0.0063,96161.01
"2019-10-29 12:00:00",11,275.99,247,0,0,67.4,-3.4299998,3.11,0.00326,96608.766
"2019-10-29 18:00:00",11,283.80002,232,480,0,32.9,-3.78,2.44,0.00272,96808.71
"2019-10-30 00:00:00",11,277.34,244,263,0,60.2,-1.87,1.1999999,0.0031899998,97043.49
"2019-10-30 06:00:00",11,274.07,230,0,0,75,-1.39,1.53,0.00314,97181.945
"2019-10-30 12:00:00",11,272.71,227,0,0,75.5,-1.43,0.69,0.00286,97287.086
"2019-10-30 18:00:00",11,283.30002,238,460,0,40.4,0.90999997,-1.36,0.0032199998,97166.164
"2019-10-31 00:00:00",11,277.16998,264,253,0,69.5,0.02,-0.81,0.00363,97327.195
"2019-10-31 06:00:00",11,273.27,261,0,0,77.5,-1.63,0.81,0.00305,97476.48
"2019-10-31 12:00:00",11,271.50998,229,0,0,81.9,-1.7199999,1.13,0.00283,97660.23
"2019-10-31 18:00:00",11,282.41,235,460,0,40.8,-2.03,-0.85999995,0.0030399999,97743.84
"2019-11-01 00:00:00",11,275.33,245,251,0,66.1,-1.68,-0.82,0.00302,97718.87
"2019-11-01 06:00:00",11,272.50998,232,0,0,79.6,-1.73,0.19999999,0.00296,97898.5
"2019-11-01 12:00:00",11,271.41998,226,0,0,82.1,-1.7099999,0.21,0.00281,97949.47
"2019-11-01 18:00:00",11,282.52,236,450,0,41.5,-1.35,-2.29,0.00311,97900.945
"2019-11-02 00:00:00",11,274.29,245,250,0,80.700005,-0.26999998,-1.63,0.0033999998,97859.516
"2019-11-02 06:00:00",11,271.34,230,0,0,89.9,-1.15,-0.78999996,0.00305,97842.12
"2019-11-02 12:00:00",11,271.58,236,0,0,83.4,-1.09,-0.17,0.00289,97730.72
"2019-11-02 18:00:00",11,284.66998,263,400,0,53.4,0.59999996,-1.22,0.00464,97487.99
"2019-11-03 00:00:00",11,276.93,279,219,0,94,0.21,-1.28,0.00482,97414.93
"2019-11-03 06:00:00",11,276.03,287,0,1e-06,96.5,-0.65999997,-0.59,0.00468,97155.49
"2019-11-03 12:00:00",11,274.19998,286,0,1e-06,97.6,-0.45999998,-0.88,0.00416,97269.164
"2019-11-03 18:00:00",11,285.2,289,340,1e-06,65.1,0.96999997,-1.36,0.0058899997,96884.14
"2019-11-04 00:00:00",11,278.6,319,133,1e-06,94.6,0.02,-1.28,0.00548,97102.71
"2019-11-04 06:00:00",11,279.8,308,0,5e-06,91.6,-0.089999996,-0.78,0.00578,96667.02
"2019-11-04 12:00:00",11,279.55,328,0,1.3e-05,95.6,0.56,-0.08,0.00594,96619.8
"2019-11-04 18:00:00",11,285.74,337,170,4.6e-05,84,1.54,1.8299999,0.007929999,96444.37
"2019-11-05 00:00:00",11,281.83,339,105,3e-06,94.8,1.3299999,0.64,0.00689,96444.62
"2019-11-05 06:00:00",11,280.4,309,0,2e-06,96.700005,-0.31,1.54,0.00635,96796.805
"2019-11-05 12:00:00",11,278.57,282,0,1e-06,96.9,-1.23,1.17,0.00561,96713.586
"2019-11-05 18:00:00",11,289.5,268,430,0,40.4,0.52,1.63,0.00487,96950.94
"2019-11-06 00:00:00",11,281.35,281,232,0,80.5,1.4599999,1.12,0.00567,96540.6
"2019-11-06 06:00:00",11,280.29,275,0,0,82.4,0.08,2.1,0.00539,96704.016
"2019-11-06 12:00:00",11,280.94998,294,0,0,83.700005,-1.04,2.26,0.0057099997,96713.58
"2019-11-06 18:00:00",11,284.50998,274,400,0,49.600002,-3,3.62,0.00428,96903.484
"2019-11-07 00:00:00",11,277.63,253,231,0,74.5,-1.61,1.3,0.00401,97267.5
"2019-11-07 06:00:00",11,274.27,237,0,0,92,-1.11,1.22,0.0039,97123.01
"2019-11-07 12:00:00",11,273.05,234,0,0,93.6,-1,1.03,0.00363,97527.31
"2019-11-07 18:00:00",11,285.97998,255,420,0,43.2,1.29,0.63,0.00411,97133.98
"2019-11-08 00:00:00",11,277.49,268,225,0,81.1,1.42,-0.19,0.00429,97274.06
"2019-11-08 06:00:00",11,274.63998,258,0,0,92.200005,0.83,-0.45999998,0.00403,97279.77
"2019-11-08 12:00:00",11,273.33,251,0,0,95.3,0.65,-0.97999996,0.00378,97423.46
"2019-10-23 12:00:00",12,279.81,9.999e+20,9.999e+20,9.999e+20,90.700005,0.17999999,1.76,0.00574,96427.45
"2019-10-23 18:00:00",12,288.5,266,500,0,38,-2.29,2.53,0.0042999997,96615.52
"2019-10-24 00:00:00",12,280.55,271,279,0,62.9,-1.5,1.15,0.00416,96950.96
"2019-10-24 06:00:00",12,277.16998,257,0,0,75.5,-0.85999995,1.0699999,0.00395,97098.95
"2019-10-24 12:00:00",12,274.55,252,0,0,88.200005,0.24,-0.03,0.00382,97255.36
"2019-10-24 18:00:00",12,290,265,490,0,37.600002,2.04,-0.35999998,0.00464,97224.305
"2019-10-25 00:00:00",12,279.93,277,276,0,84.5,1.65,-0.04,0.0053499998,97253.82
"2019-10-25 06:00:00",12,280.83,282,0,0,70.700005,0.38,1.7199999,0.00476,97260.87
"2019-10-25 12:00:00",12,280.8,298,0,0,70.700005,-0.71999997,1.48,0.00475,97285.914
"2019-10-25 18:00:00",12,291.2,317,340,0,45,-0.39999998,-0.11,0.0060099997,97161.66
"2019-10-26 00:00:00",12,282.22,327,147,0,88,1.29,0.16,0.00652,97111.92
"2019-10-26 06:00:00",12,280.32,305,0,0,90.6,-0.19999999,0.19999999,0.0058999998,97053.766
"2019-10-26 12:00:00",12,281.97998,318,0,0,79.5,-0.5,-1.29,0.00579,97103.37
"2019-10-26 18:00:00",12,286.4,339,180,3.5e-05,77.200005,0,-2.03,0.00757,97020.22
"2019-10-27 00:00:00",12,283.31,344,55,0.000147,98.1,-0.65,-1.5799999,0.00783,96965.75
"2019-10-27 06:00:00",12,283.59,346,0,0.000159,99.3,0.48999998,-1.64,0.0081,96747.21
"2019-10-27 12:00:00",12,284.9,368,0,0.000146,99,0.32999998,-1.28,0.008839999,96503.89
"2019-10-27 18:00:00",12,288.94,374,50,0.000529,97.3,1.7199999,-0.42,0.01133,96323.87
"2019-10-28 00:00:00",12,290.38998,398,60,5.4e-05,99.1,1.26,-0.45999998,0.01267,96271.69
"2019-10-28 06:00:00",12,290.84,396,0,3.9e-05,98.6,1.4499999,0.64,0.01297,96244.49
"2019-10-28 12:00:00",12,290,392,0,7e-06,98.700005,1.4599999,0.19999999,0.01231,96203.02
"2019-10-28 18:00:00",12,292,395,60,0.000829,99.200005,1.93,-1.0799999,0.01407,96126.734
"2019-10-29 00:00:00",12,292.63998,397,73,0.000101,98.700005,2.1599998,0.13,0.01459,96030.625
"2019-10-29 06:00:00",12,292.22998,397,0,4e-05,98.4,1.93,1.39,0.014169999,95961.37
"2019-10-29 12:00:00",12,288.62,349,0,1e-06,97.8,-0.45999998,1.79,0.011179999,96111.93
"2019-10-29 18:00:00",12,292.30002,339,390,3e-06,68.4,-3.52,3.21,0.00986,96287.7
"2019-10-30 00:00:00",12,284.71,312,210,0,78.8,-2.83,2.02,0.0069399998,96612.95
"2019-10-30 06:00:00",12,281.56,299,0,0,74,-2,1.4,0.00526,96729.78
"2019-10-30 12:00:00",12,278.88,313,0,0,83.8,-1.73,0.81,0.00494,97083.24
"2019-10-30 18:00:00",12,287.6,269,450,0,51.3,-1.13,-1.63,0.00544,97005.51
"2019-10-31 00:00:00",12,281.91,296,215,0,81.700005,0.59,-1.76,0.00593,97042.414
"2019-10-31 06:00:00",12,277.13998,284,0,0,96.3,-0.71,-0.78999996,0.0050299997,97011.43
"2019-10-31 12:00:00",12,276.97,262,0,0,88.1,-1.61,0.77,0.00454,97066.92
"2019-10-31 18:00:00",12,285.5,267,440,0,51,-2.79,-0.14999999,0.00471,97193.766
"2019-11-01 00:00:00",12,278.44998,266,246,0,77.8,-1.5,-0.66999996,0.00444,97339.305
"2019-11-01 06:00:00",12,274.57,248,0,0,94.6,-0.19,-1.0799999,0.0041,97426.83
"2019-11-01 12:00:00",12,272.15,238,0,0,96.1,0,0.08,0.0034899998,97480.234
"2019-11-01 18:00:00",12,286.53,258,430,0,49.8,1.51,0.78,0.0049099997,97253.45
"2019-11-02 00:00:00",12,279.38998,276,242,0,83.5,1.38,0.89,0.00508,97234.14
"2019-11-02 06:00:00",12,277.68,269,0,0,93.9,-0.68,1.4499999,0.00507,97292.55
"2019-11-02 12:00:00",12,276.61,263,0,0,96,-1.0799999,1.12,0.00481,97360.31
"2019-11-02 18:00:00",12,288.69,285,390,3e-06,55.600002,0.32,0.66999996,0.00628,97308.62
"2019-11-03 00:00:00",12,281.32,321,149,1e-06,89,1.04,-0.94,0.0061999997,97045.34
"2019-11-03 06:00:00",12,280.16998,306,0,0,92.5,1.05,-0.91999996,0.0059499997,97157.664
"2019-11-03 12:00:00",12,279.82,307,0,0.000128,95.6,0.39999998,-0.84999996,0.0060099997,97168.9
"2019-11-03 18:00:00",12,286.22,315,310,4.2e-05,73,1.3299999,-1.76,0.0070499997,96904.39
"2019-11-04 00:00:00",12,282.38998,347,75,0.000665,97.5,-1.78,-3.24,0.0073599997,96536.68
"2019-11-04 06:00:00",12,283.9,357,0,0.001382,99.5,-0.32999998,-2.21,0.0084,95802.664
"2019-11-04 12:00:00",12,285.74,366,0,0.000455,98.200005,-0.19,2.4199998,0.00938,95543.37
"2019-11-04 18:00:00",12,287.6,314,380,0,68.4,-3.59,5.95,0.0072999997,96017.29
"2019-11-05 00:00:00",12,282.75998,302,197,0,80.8,-2.86,3.1799998,0.0062499996,96514.81
"2019-11-05 06:00:00",12,279.19,267,0,0,91.700005,-0.84,1.8,0.00554,96837
"2019-11-05 12:00:00",12,277.57,258,0,0,95.6,-1.15,1.28,0.00514,97107.85
"2019-11-05 18:00:00",12,289.63,272,400,0,49.600002,0.07,-0.14999999,0.00597,97246.95
"2019-11-06 00:00:00",12,280.8,282,230,0,85.200005,1.5699999,-0.38,0.00572,97340.516
"2019-11-06 06:00:00",12,279.03,276,0,0,94.9,1.48,0.61,0.0056399996,97311.555
"2019-11-06 12:00:00",12,278.22998,266,0,0,97.1,1.11,1.3299999,0.00545,97387.18
"2019-11-06 18:00:00",12,289.1,284,400,0,62.9,1.0799999,1.62,0.00734,97085.49
"2019-11-07 00:00:00",12,283.28,324,181,0,91.8,1.53,0.39999998,0.0072999997,97232
"2019-11-07 06:00:00",12,283.25,324,0,5e-06,90.200005,1.17,1.12,0.0071699996,97133.41
"2019-11-07 12:00:00",12,282.88998,339,0,0.000115,95.9,0.64,1.39,0.0074199997,97251.21
"2019-11-07 18:00:00",12,286.77,354,110,0.000316,92.9,1.7099999,1.8199999,0.00932,97076.37
"2019-11-08 00:00:00",12,284.94998,333,138,8e-06,97.700005,0.97999996,1.5899999,0.0087,97020.74
"2019-11-08 06:00:00",12,283.54,313,0,0,96.700005,0.56,1.54,0.00783,97086.53
"2019-11-08 12:00:00",12,284.13,332,0,0,94.200005,1.0799999,1.06,0.00796,96935.49
"2019-10-23 12:00:00",13,279.91,9.999e+20,9.999e+20,9.999e+20,92.4,-0.12,1.7199999,0.00588,96478.41
"2019-10-23 18:00:00",13,289,269,490,0,39.9,-2.06,2.55,0.00464,96683.29
"2019-10-24 00:00:00",13,280.97,273,278,0,62.3,-1.64,1.13,0.0042499998,96960.69
"2019-10-24 06:00:00",13,277.08,256,0,0,74.8,-0.84999996,1.01,0.00388,97152.14
"2019-10-24 12:00:00",13,274.85,253,0,0,88,0.37,-0.26999998,0.0038899998,97281.016
"2019-10-24 18:00:00",13,289.9,266,490,0,39.9,2.02,-0.63,0.00488,97268.7
"2019-10-25 00:00:00",13,279.82,278,275,0,88.8,1.56,-0.22,0.0055799996,97238.15
"2019-10-25 06:00:00",13,280.53,278,0,0,76.700005,0.84,1.3199999,0.00506,97195.14
"2019-10-25 12:00:00",13,280.77,306,0,0,78.4,-0.19999999,1.25,0.00526,97211.016
"2019-10-25 18:00:00",13,290.30002,329,290,0,58.100002,1.2099999,0.85999995,0.00732,97042.02
"2019-10-26 00:00:00",13,284.91998,349,89,5e-06,93.5,1.4499999,-0.06,0.0083099995,96964.84
"2019-10-26 06:00:00",13,284.5,346,0,0.000167,98.200005,-0.31,-1.17,0.00851,96790.125
"2019-10-26 12:00:00",13,284.61,360,0,0.000616,98.1,-0.81,-3.83,0.00858,96571.04
"2019-10-26 18:00:00",13,284.91,364,20,0.001053,98.3,-0.55,-2.6799998,0.0088,96250.26
"2019-10-27 00:00:00",13,283.88,367,9,0.000841,98.4,-1.4599999,-1.89,0.008239999,96002.62
"2019-10-27 06:00:00",13,284.38998,368,0,0.000194,98.6,-1.66,0.16,0.00856,95982.18
"2019-10-27 12:00:00",13,283.19,318,0,2e-06,97.9,-1.4499999,1.81,0.00782,96157.42
"2019-10-27 18:00:00",13,293.6,296,470,0,54.8,-1.13,0.28,0.00856,96262.07
"2019-10-28 00:00:00",13,285.18,313,252,0,94.200005,0.48999998,-1.77,0.00857,96419.71
"2019-10-28 06:00:00",13,285.91,326,0,1.1e-05,97.6,0.39999998,-1.31,0.00931,96583.24
"2019-10-28 12:00:00",13,285.1,371,0,2.8e-05,98.1,-0.14999999,-1.54,0.00887,96575.66
"2019-10-28 18:00:00",13,285.9509,367,90,0.000238,95.700005,0.21,-1.5799999,0.00912,96580.15
"2019-10-29 00:00:00",13,284.88,369,19,7.9e-05,98.700005,-0.089999996,-1.49,0.00881,96355.766
"2019-10-29 06:00:00",13,285.81,374,0,0.00026,98.700005,-0.07,-0.77,0.00942,95906.305
"2019-10-29 12:00:00",13,288.7,381,0,7.3e-05,98.6,-0.24,2.18,0.01136,95807.68
"2019-10-29 18:00:00",13,289.1,319,420,1e-06,59.9,-3.05,3.87,0.00707,95947.305
"2019-10-30 00:00:00",13,282.28,294,248,0,83,-1.8299999,1.7099999,0.00622,96414.81
"2019-10-30 06:00:00",13,277.08,252,0,0,83.4,-2.3,1.64,0.00435,96538.21
"2019-10-30 12:00:00",13,274.75998,239,0,0,88.3,-1.27,1.38,0.0039,96787.305
"2019-10-30 18:00:00",13,286.91998,247,470,0,39.9,1.0799999,0.61,0.0040599997,96585.4
"2019-10-31 00:00:00",13,279.63,265,254,0,75.8,1.63,1.3299999,0.0047299997,96621.836
"2019-10-31 06:00:00",13,276.54,251,0,0,75,-3.08,3.4399998,0.00376,96810
"2019-10-31 12:00:00",13,273.91998,231,0,0,73.4,-3.84,2.71,0.00305,96989.39
"2019-10-31 18:00:00",13,280.2,229,460,0,46.4,-4.63,2.5,0.003,97271.39
"2019-11-01 00:00:00",13,274.63998,229,255,0,66.9,-2.6699998,1.4499999,0.00291,97501.89
"2019-11-01 06:00:00",13,271.08,214,0,0,88.1,-1.04,1.4499999,0.00294,97795.31
"2019-11-01 12:00:00",13,270.41,211,0,0,86.700005,-1.41,0.95,0.00274,97959.2
"2019-11-01 18:00:00",13,281.88,221,470,0,31,-0.14,-2.07,0.00222,98009.33
"2019-11-02 00:00:00",13,272.72998,232,255,0,72.6,0.84,-1.26,0.00274,97884.37
"2019-11-02 06:00:00",13,271.22998,230,0,0,85.6,0.37,0.02,0.00289,97728.336
"2019-11-02 12:00:00",13,271.25998,234,0,0,80.3,-0.89,1.1,0.0027299998,97534.95
"2019-11-02 18:00:00",13,285.62,243,450,0,36.3,-1.12,1.62,0.0033699998,97190.52
"2019-11-03 00:00:00",13,276.69,261,241,0,83.3,-1.4,1.24,0.0042,97206.56
"2019-11-03 06:00:00",13,273.58,240,0,0,96.700005,-1.01,1.43,0.00392,96995.52
"2019-11-03 12:00:00",13,272.69998,235,0,0,96.5,-1.1999999,1.2099999,0.00366,97187.7
"2019-11-03 18:00:00",13,287.66998,251,440,0,38,1.43,-0.12,0.00404,96837.664
"2019-11-04 00:00:00",13,278.16998,267,240,0,80,1.62,0.71,0.0044799997,97039.61
"2019-11-04 06:00:00",13,276.05,255,0,0,84.8,-0.84,1.4699999,0.0041,97032.375
"2019-11-04 12:00:00",13,273.66,236,0,0,86.700005,-1.54,0.66999996,0.0035199998,97253
"2019-11-04 18:00:00",13,285.57,242,440,0,47.3,0.95,-1.8399999,0.0043699997,97376.805
"2019-11-05 00:00:00",13,277.33,263,238,0,91.5,0.75,-1.26,0.00482,97413.95
"2019-11-05 06:00:00",13,274.21,263,0,0,96,0.68,-0.56,0.00405,97550.75
"2019-11-05 12:00:00",13,272.16,243,0,0,97.1,0.14,-0.29999998,0.0035299999,97415.07
"2019-11-05 18:00:00",13,287.07,277,390,0,64.5,1.4499999,-0.84999996,0.00658,97285.914
"2019-11-06 00:00:00",13,280.43,332,142,1.2e-05,97.4,0.38,-1.02,0.0063899998,97016.62
"2019-11-06 06:00:00",13,281.31,328,0,1.8e-05,96.700005,-0.57,0.24,0.00677,96738.805
"2019-11-06 12:00:00",13,279.21,317,0,3e-06,97.1,-0.95,0.9,0.0058899997,96622.555
"2019-11-06 18:00:00",13,288.28,307,340,6e-06,61.9,-1.5699999,1.9499999,0.0069,96328.375
"2019-11-07 00:00:00",13,281.1,314,151,2e-06,90.6,-1.31,1.61,0.0062499996,96556.33
"2019-11-07 06:00:00",13,277.5,256,0,0,97.1,-1.11,1.41,0.00523,96502.43
"2019-11-07 12:00:00",13,275.75,249,0,0,96.1,-0.85999995,1.1999999,0.00457,96544.875
"2019-11-07 18:00:00",13,287.54,288,350,0,47.8,2.05,0.41,0.00508,96398.27
"2019-11-08 00:00:00",13,280.84,289,199,0,93.3,1.75,0.55,0.00635,96287.48
"2019-11-08 06:00:00",13,279.52,280,0,0,93.5,-0.01,1.75,0.00581,96328.664
"2019-11-08 12:00:00",13,278.35,276,0,0,95.4,-0.98999995,1.61,0.0054599997,96311.805
"2019-10-23 12:00:00",14,279.83,9.999e+20,9.999e+20,9.999e+20,89.5,0.14999999,1.65,0.00567,96526.01
"2019-10-23 18:00:00",14,289,268,490,0,39.5,-2.03,2.47,0.00459,96699.46
"2019-10-24 00:00:00",14,281,273,278,0,62,-1.65,1.17,0.00423,96978.66
"2019-10-24 06:00:00",14,276.94998,256,0,0,74.700005,-0.94,0.9,0.00384,97178.125
"2019-10-24 12:00:00",14,274.5,251,0,0,88.200005,0.14999999,-0.34,0.0037999998,97311.97
"2019-10-24 18:00:00",14,289.9,266,490,0,40.3,2.1499999,-0.35,0.00493,97298.56
"2019-10-25 00:00:00",14,280.19,279,275,0,85.8,1.6899999,0.08,0.0055299997,97276.12
"2019-10-25 06:00:00",14,280.82,278,0,0,74.6,0.38,1.79,0.00502,97260.055
"2019-10-25 12:00:00",14,280.94998,300,0,0,75.200005,-0.81,1.4499999,0.0050999997,97266.37
"2019-10-25 18:00:00",14,290.9,329,260,0,48.3,-0.049999997,0.78999996,0.0063099996,97151.67
"2019-10-26 00:00:00",14,283.31,343,137,0,74.4,-0.049999997,0.53,0.00593,97082.88
"2019-10-26 06:00:00",14,282.35,317,0,0,76.1,-1.4,1.18,0.00569,97091.87
"2019-10-26 12:00:00",14,280.18,295,0,0,84.3,-1.42,-0.96,0.00543,97108.96
"2019-10-26 18:00:00",14,287.82,321,310,1e-05,66.5,1.0799999,-2.02,0.00715,97046.38
"2019-10-27 00:00:00",14,283.78,351,72,0.000175,97.700005,0.56,-1.38,0.00806,96949.37
"2019-10-27 06:00:00",14,284.21,353,0,0.00021,99.3,0.89,-1.67,0.00845,96673.03
"2019-10-27 12:00:00",14,285.72998,370,0,0.000474,99.200005,1.3,-1.5999999,0.00938,96245.35
"2019-10-27 18:00:00",14,291.16998,386,30,0.000288,98.6,3.86,-0.38,0.013309999,95881.19
"2019-10-28 00:00:00",14,291.63998,399,48,2.4e-05,98.700005,2.1,1.18,0.01371,95883.99
"2019-10-28 06:00:00",14,290.16,387,0,4.9e-05,98.700005,-0.55,1.39,0.01248,95928.23
"2019-10-28 12:00:00",14,287.27,369,0,1.1e-05,97.5,-1.53,0.71,0.01024,95953.12
"2019-10-28 18:00:00",14,293.30002,368,280,8e-06,75.1,0.79999995,0.7,0.0116,95812.805
"2019-10-29 00:00:00",14,288.06,376,70,1e-05,87.4,-2.29,2.1499999,0.009649999,95938.99
"2019-10-29 06:00:00",14,283.91998,298,0,0,89.1,-2.04,2.6399999,0.0074799997,96117.664
"2019-10-29 12:00:00",14,279.78,273,0,0,73.9,-3.51,3.11,0.0046699997,96536.37
"2019-10-29 18:00:00",14,285,244,480,0,39.9,-2.26,1.38,0.0035899999,96743.516
"2019-10-30 00:00:00",14,279.28,252,264,0,62.600002,-1.81,1.43,0.00379,97025.484
"2019-10-30 06:00:00",14,275.96,238,0,0,74.200005,-1.8399999,1.38,0.0035599999,97205.12
"2019-10-30 12:00:00",14,274.3,238,0,0,79.3,-1.79,0.14,0.0033699998,97336.79
"2019-10-30 18:00:00",14,282.1,253,400,0,53.3,-0.78999996,-3.8799999,0.00392,97117.375
"2019-10-31 00:00:00",14,276.82,275,163,0,73.8,-1.1899999,-1.4699999,0.0037699998,96870.19
"2019-10-31 06:00:00",14,275.00998,276,0,0,71.5,-1.56,1.01,0.00323,96464.414
"2019-10-31 12:00:00",14,274.81,250,0,0,73.700005,-3.6599998,3.85,0.0032799998,96350.79
"2019-10-31 18:00:00",14,281.30002,242,450,0,49.4,-5.68,3.3999999,0.0034599998,96557.52
"2019-11-01 00:00:00",14,276.22998,256,243,0,65.3,-4.37,2.75,0.0032,97000.9
"2019-11-01 06:00:00",14,272.66998,227,0,0,77.700005,-1.99,2.06,0.00294,97151.86
"2019-11-01 12:00:00",14,270.18,213,0,0,82.9,-1.35,1.51,0.00259,97451.125
"2019-11-01 18:00:00",14,282.25,219,470,0,29.800001,-1.24,0.7,0.0022,97505.164
"2019-11-02 00:00:00",14,271.82,234,253,0,75.700005,-1.06,0.26999998,0.0026699998,97510.87
"2019-11-02 06:00:00",14,269.63998,217,0,0,77,-1,-0.39999998,0.00228,97567.31
"2019-11-02 12:00:00",14,268.37,210,0,0,86.5,0.049999997,-0.69,0.00233,97710.75
"2019-11-02 18:00:00",14,284.30002,224,460,0,31.1,1.27,-0.64,0.0026399998,97545.73
"2019-11-03 00:00:00",14,272.84,240,251,0,87.4,0.90999997,-1.2099999,0.0033399998,97435.68
"2019-11-03 06:00:00",14,269.97998,226,0,0,90.1,0.71,-0.19,0.00277,97564.99
"2019-11-03 12:00:00",14,269.56,229,0,0,91,0.34,-0.12,0.00272,97225.164
"2019-11-03 18:00:00",14,286.79,243,450,0,36.3,1.52,-0.17999999,0.00363,97216.29
"2019-11-04 00:00:00",14,275.50998,263,240,0,89.200005,1.5,-0.26,0.00416,96895.89
"2019-11-04 06:00:00",14,275.03,256,0,0,87,-0.14,1.6999999,0.00392,97007.21
"2019-11-04 12:00:00",14,275.96,264,0,0,69.700005,-1.0699999,1.35,0.00335,96899.766
"2019-11-04 18:00:00",14,285.21,319,220,2.6e-05,67.1,0.089999996,0.35,0.0060799997,96859.21
"2019-11-05 00:00:00",14,279.44,319,135,1.8e-05,95.200005,1.05,-0.01,0.00585,96955.805
"2019-11-05 06:00:00",14,278.4,325,0,6e-06,96.1,-0.39,0.39,0.0055,96823.016
"2019-11-05 12:00:00",14,278.59,307,0,1e-06,95.5,-0.26999998,-1.3399999,0.00551,97200.4
"2019-11-05 18:00:00",14,284.47998,330,170,1.1e-05,80.700005,0.77,-1.15,0.0069399998,97101.45
"2019-11-06 00:00:00",14,282.31,348,89,1.5e-05,93.4,0.65,-0.97999996,0.00695,97300.94
"2019-11-06 06:00:00",14,281.91,337,0,1.7e-05,96.1,0.59,-0.77,0.00697,97218.72
"2019-11-06 12:00:00",14,280.78,334,0,1.3e-05,98.4,0.75,-0.84999996,0.0066,97226.96
"2019-11-06 18:00:00",14,286.16,351,180,1e-05,83.200005,2.03,-0.29,0.007999999,97266.18
"2019-11-07 00:00:00",14,283.53,349,97,6.4e-05,97.1,1.27,-0.42,0.00785,97192.62
"2019-11-07 06:00:00",14,283.12,341,0,8.8e-05,97.200005,1.28,0.29999998,0.00764,97361.586
"2019-11-07 12:00:00",14,282.75998,339,0,1.1e-05,98.200005,0.88,-0.24,0.00752,97400.87
"2019-11-07 18:00:00",14,288.61,362,160,4.2e-05,90,1.52,-0.78,0.010129999,97445.625
"2019-11-08 00:00:00",14,287.04,378,70,1.8e-05,98.3,0.63,-1.13,0.010009999,97466.58
"2019-11-08 06:00:00",14,287.18,376,0,3.1e-05,99.1,0.89,-0.87,0.01021,97126.875
"2019-11-08 12:00:00",14,287.88998,372,0,3e-05,99.1,1.36,-0.47,0.01069,97132.4
"2019-10-23 12:00:00",15,279.81,9.999e+20,9.999e+20,9.999e+20,88.9,-0.14999999,1.75,0.00561,96567.71
"2019-10-23 18:00:00",15,288.80002,266,500,0,37.5,-2.1499999,2.54,0.0043099998,96723.6
"2019-10-24 00:00:00",15,280.53,271,279,0,61.4,-1.55,1.12,0.00405,97024.805
"2019-10-24 06:00:00",15,276.68,254,0,0,74.1,-0.82,0.94,0.0037399998,97183.586
"2019-10-24 12:00:00",15,274.44998,250,0,0,87.700005,0.21,-0.08,0.0037699998,97338.89
"2019-10-24 18:00:00",15,289.80002,265,490,0,39.100002,2.09,-0.59999996,0.00477,97317.3
"2019-10-25 00:00:00",15,279.65,278,275,0,88.6,1.54,-0.21,0.00549,97349.46
"2019-10-25 06:00:00",15,280.36,279,0,0,76.3,0.71999997,1.4699999,0.0049699997,97341.7
"2019-10-25 12:00:00",15,279.91998,289,0,0,78.8,-0.65999997,1.39,0.0049699997,97360.805
"2019-10-25 18:00:00",15,293.9,302,440,0,40.8,0.13,-0.22999999,0.0064499998,97210.625
"2019-10-26 00:00:00",15,285.35,346,168,0,65,1.5899999,-0.12,0.00594,97138.2
"2019-10-26 06:00:00",15,281.87,316,0,0,81.700005,0.75,0.29999998,0.00591,97082.51
"2019-10-26 12:00:00",15,280.61,295,0,0,91.8,-0.14999999,-1.5,0.00609,97096.56
"2019-10-26 18:00:00",15,288.99,332,250,3e-06,66.1,0.97999996,-2.44,0.0076699997,96986.195
"2019-10-27 00:00:00",15,286.62,353,128,1e-06,84.3,1.01,-2.12,0.0084,96867.336
"2019-10-27 06:00:00",15,285.54,368,0,0.000138,97.700005,1.4699999,-2.32,0.009099999,96517.35
"2019-10-27 12:00:00",15,288.94998,380,0,0.00051,99.5,2.9099998,-0.83,0.0116,96266.664
"2019-10-27 18:00:00",15,294.3,402,90,7.6e-05,91,3.35,2.05,0.014889999,96095.42
"2019-10-28 00:00:00",15,290.71,369,188,5e-06,96.8,0.96999997,1.5999999,0.01265,96175.48
"2019-10-28 06:00:00",15,285.6,317,0,0,97.8,-1.4699999,1.56,0.00916,96333.6
"2019-10-28 12:00:00",15,282.66,295,0,0,94.8,-1.3399999,1.03,0.00728,96467.65
"2019-10-28 18:00:00",15,291.56,341,290,5e-06,79,0.96999997,-1.36,0.01086,96410.24
"2019-10-29 00:00:00",15,288.79,360,177,5e-06,97.6,0.65,-1.51,0.01124,96410.48
"2019-10-29 06:00:00",15,287.15,375,0,1.6e-05,97.1,-0.14999999,-1.04,0.010059999,96347.39
"2019-10-29 12:00:00",15,286.19998,378,0,5.5e-05,98,0.26999998,-1.65,0.00954,96379.74
"2019-10-29 18:00:00",15,288,379,40,0.000128,96.9,0.64,-1.25,0.010629999,96310.89
"2019-10-30 00:00:00",15,288.69,386,37,4.4e-05,99.5,0.22,-1.02,0.01143,96132.64
"2019-10-30 06:00:00",15,289.38998,387,0,1.8e-05,98,-1.17,0.53,0.011779999,96008.99
"2019-10-30 12:00:00",15,285.66,335,0,0,92.6,-2.82,2.84,0.0087399995,95955.84
"2019-10-30 18:00:00",15,284.9,297,370,0,54.2,-5.02,4.18,0.0048599998,96237.086
"2019-10-31 00:00:00",15,276.78,261,202,0,65.200005,-3.4299998,2.72,0.00333,96771.46
"2019-10-31 06:00:00",15,273.12,222,0,0,67.3,-2.4199998,1.74,0.0026399998,96984.25
"2019-10-31 12:00:00",15,270.97,212,0,0,73.8,-1.29,1.25,0.00245,97325.164
"2019-10-31 18:00:00",15,284.19998,228,470,0,28.6,-0.08,1.0799999,0.00242,97457.23
"2019-11-01 00:00:00",15,274.54,267,210,0,63,0.71999997,0.59999996,0.00272,97424.875
"2019-11-01 06:00:00",15,273.53,236,0,0,69.8,-1.23,1.28,0.0028,97675.04
"2019-11-01 12:00:00",15,271.94,225,0,0,70,-1.56,1.01,0.0024899999,97892.14
"2019-11-01 18:00:00",15,283.93,237,460,0,36.9,-0.83,-1.8,0.0030399999,97905.414
"2019-11-02 00:00:00",15,276.08,248,249,0,74.5,1.36,-1.5699999,0.00358,97821.5
"2019-11-02 06:00:00",15,271.59,243,0,0,94.5,0.22999999,-0.84,0.0032799998,97875.02
"2019-11-02 12:00:00",15,270.16,234,0,0,95,-0.16,-0.71,0.00296,97701.83
"2019-11-02 18:00:00",15,284.71,242,440,0,38.600002,0.78999996,-1.11,0.0033699998,97479.92
"2019-11-03 00:00:00",15,274.61,258,232,0,86.6,1.09,-1.0799999,0.00375,97529.88
"2019-11-03 06:00:00",15,271.36,241,0,0,90.9,0.53999996,0.48,0.00312,97253.44
"2019-11-03 12:00:00",15,272.31,241,0,0,87.1,0.48999998,1.12,0.0032,97257.68
"2019-11-03 18:00:00",15,288.05,262,430,0,43.9,1.4,1.43,0.00481,96602.14
"2019-11-04 00:00:00",15,281.63,308,209,1.9e-05,90.8,-0.24,2.1499999,0.00649,96830.69
"2019-11-04 06:00:00",15,278.07,295,0,3e-06,90,-2.47,2.1299999,0.0050299997,96789.2
"2019-11-04 12:00:00",15,273.72,245,0,0,92.9,-1.17,1.7199999,0.0037999998,97077.68
"2019-11-04 18:00:00",15,282.02,229,450,0,40.7,-2.61,1.4499999,0.0029799999,97038.52
"2019-11-05 00:00:00",15,275.62,239,245,0,67.700005,-1.5799999,0.85999995,0.00317,97029.85
"2019-11-05 06:00:00",15,272.66998,227,0,0,82.9,-1.14,1.8299999,0.0031299999,97185.46
"2019-11-05 12:00:00",15,272.07,224,0,0,72,-1.4699999,1.4,0.0026099999,96882.81
"2019-11-05 18:00:00",15,288.4,243,440,0,25.6,-0.98999995,1.49,0.0028499998,97054.4
"2019-11-06 00:00:00",15,278.72998,265,235,0,61.7,-1.1999999,1.3199999,0.0036,96666.4
"2019-11-06 06:00:00",15,275.81,248,0,0,65.3,-1.15,1.3299999,0.00311,97010.59
"2019-11-06 12:00:00",15,274.97998,248,0,0,58.3,-1.18,1.3199999,0.00262,96850.25
"2019-11-06 18:00:00",15,292.19998,264,430,0,26.7,-0.08,1.11,0.0037999998,96890.37
"2019-11-07 00:00:00",15,279.21,283,230,0,78.9,0.08,0.9,0.00475,96892.125
"2019-11-07 06:00:00",15,278.22998,272,0,0,70.1,0.64,1.1999999,0.0039399997,96878.49
"2019-11-07 12:00:00",15,280.13,274,0,0,49.2,0.83,1.88,0.00317,97022.58
"2019-11-07 18:00:00",15,292.85,298,370,0,38.600002,1.53,1.5699999,0.00572,96786.74
"2019-11-08 00:00:00",15,285.03,305,222,0,74.4,1.43,1.66,0.00667,96952.016
"2019-11-08 06:00:00",15,283.06,296,0,0,78.6,0.83,1.81,0.0061899996,96725.62
"2019-11-08 12:00:00",15,281.84,284,0,0,78,0.59999996,1.8299999,0.00563,96837.48
"2019-10-23 12:00:00",16,279.94998,9.999e+20,9.999e+20,9.999e+20,91.4,-0.01,1.77,0.0058299997,96524.65
"2019-10-23 18:00:00",16,288.69998,267,490,0,39.3,-2.1699998,2.61,0.0044899997,96656.68
"2019-10-24 00:00:00",16,280.77,272,278,0,63.100002,-1.5699999,1.18,0.0042399997,96961.65
"2019-10-24 06:00:00",16,277.22998,257,0,0,71.3,-0.95,1.02,0.0037399998,97145.23
"2019-10-24 12:00:00",16,274.49,252,0,0,88.3,-0.01,-0.35,0.00381,97286.4
"2019-10-24 18:00:00",16,290.1,265,490,0,38,1.81,-0.56,0.00471,97260.08
"2019-10-25 00:00:00",16,279.61,277,275,0,88.200005,1.53,-0.28,0.0054599997,97288.21
"2019-10-25 06:00:00",16,279.63,273,0,0,75.700005,0.51,1.4,0.0047,97251.43
"2019-10-25 12:00:00",16,278.72,294,0,0,79.200005,-0.31,0.95,0.0046099997,97278.37
"2019-10-25 18:00:00",16,292.80002,310,400,0,42.600002,0.62,0.26,0.00628,97088.88
"2019-10-26 00:00:00",16,283.75998,350,105,2e-06,74.8,0.94,0.35999998,0.00615,97080.75
"2019-10-26 06:00:00",16,282.79,336,0,1.1e-05,84.4,-0.19999999,1.26,0.0065099997,96981.125
"2019-10-26 12:00:00",16,283.24,341,0,0.000161,93.200005,-0.62,-1.26,0.0074199997,96926.49
"2019-10-26 18:00:00",16,284.31,358,40,0.000566,97,-0.53999996,-1.9699999,0.008289999,96872.336
"2019-10-27 00:00:00",16,284.37,355,32,0.000553,98.6,-0.24,-3.1599998,0.00849,96577.664
"2019-10-27 06:00:00",16,286.44,371,0,0.000747,98.9,1.4399999,-3.1599998,0.00981,96188.375
"2019-10-27 12:00:00",16,290.93,390,0,0.000588,99,3.6699998,-0.45,0.01316,95833.15
"2019-10-27 18:00:00",16,294.85,398,230,4.9e-05,77.4,-0.53999996,3.5,0.01315,95850.15
"2019-10-28 00:00:00",16,285.55,315,249,0,75.3,-1.4699999,1.64,0.0070399996,96121.15
"2019-10-28 06:00:00",16,282.08,279,0,0,83.8,-1.62,0.91999996,0.0061999997,96328.695
"2019-10-28 12:00:00",16,278.71,279,0,0,94.4,-0.35,-0.5,0.00554,96375.05
"2019-10-28 18:00:00",16,291.9,316,420,0,69.5,2.75,-0.089999996,0.00978,96183.74
"2019-10-29 00:00:00",16,287.88,372,141,6e-06,98.9,1.55,0.35,0.01079,95965.47
"2019-10-29 06:00:00",16,286.13,348,0,2e-06,98.200005,-0.25,2.1499999,0.00957,95884.81
"2019-10-29 12:00:00",16,283.30002,296,0,0,88.1,-2.28,3.3,0.0071099997,96065.1
"2019-10-29 18:00:00",16,282.80002,265,460,0,32.8,-4.25,5.6299996,0.0025499999,96422.58
"2019-10-30 00:00:00",16,276.63,231,267,0,49.4,-2.32,2.44,0.0025,96753.75
"2019-10-30 06:00:00",16,272.91998,223,0,0,65.6,-0.96999997,1.63,0.00253,96960.93
"2019-10-30 12:00:00",16,271.66,224,0,0,64.8,-1.11,1.24,0.00227,97271.4
"2019-10-30 18:00:00",16,284.13,238,460,0,31.7,-0.34,2.4299998,0.0026699998,97237.99
"2019-10-31 00:00:00",16,275.04,255,254,0,69.8,0.76,0.93,0.0031299999,97310.15
"2019-10-31 06:00:00",16,273.94998,245,0,0,72,-1.43,1.06,0.0029799999,97456.65
"2019-10-31 12:00:00",16,272.18,235,0,0,81.1,-1.81,0.76,0.00294,97657.9
"2019-10-31 18:00:00",16,281.71,242,440,0,47.7,-1.02,-1.8299999,0.00339,97859.12
"2019-11-01 00:00:00",16,275.22998,279,180,0,79.5,0.26999998,-1.87,0.0036,97806.37
"2019-11-01 06:00:00",16,270.43,233,0,0,95.9,0.13,-0.48999998,0.00305,97828.7
"2019-11-01 12:00:00",16,270.56,228,0,0,95.700005,-0.14999999,0.51,0.0030699999,97745.71
"2019-11-01 18:00:00",16,285.63998,243,460,0,44.600002,1.7199999,0.45,0.00414,97489.2
"2019-11-02 00:00:00",16,277.32,258,250,0,85.6,1.93,-0.19,0.00452,97268.664
"2019-11-02 06:00:00",16,275.13,249,0,0,94,-0.11,1.67,0.0042499998,97228.22
"2019-11-02 12:00:00",16,274.1,245,0,0,92.6,-1.03,1.3,0.0038899998,97138.12
"2019-11-02 18:00:00",16,289.4,259,440,0,39.100002,-0.52,0,0.00465,96918.49
"2019-11-03 00:00:00",16,278.71,273,240,0,72.200005,1.3199999,-0.95,0.00419,96906.35
"2019-11-03 06:00:00",16,274.97,263,0,0,90.3,0.84,-0.32999998,0.0040599997,96618.75
"2019-11-03 12:00:00",16,273.93,255,0,0,92.4,0.74,0.56,0.00385,96727.64
"2019-11-03 18:00:00",16,289.32,268,430,0,42.8,0.76,1.16,0.00511,96431.18
"2019-11-04 00:00:00",16,279.6,284,233,0,88.200005,0.98999995,0.93,0.00551,96680.04
"2019-11-04 06:00:00",16,277.91998,272,0,0,92.8,-0.25,1.38,0.0051599997,96588.94
"2019-11-04 12:00:00",16,276.83,268,0,0,91.1,-0.13,1.3399999,0.0046699997,96879.77
"2019-11-04 18:00:00",16,290.84,284,420,0,53.600002,1.9399999,0.94,0.00701,96823.9
"2019-11-05 00:00:00",16,284.06,304,227,0,95,1.8199999,0.32,0.00798,97010.52
"2019-11-05 06:00:00",16,282.8,300,0,0,97.9,1.0799999,1.2099999,0.0075499997,97077.69
"2019-11-05 12:00:00",16,281.75998,299,0,0,97.8,0.9,1.18,0.00703,97139.02
"2019-11-05 18:00:00",16,292.16998,329,330,1e-06,68.3,1.99,-0.03,0.00966,97213.94
"2019-11-06 00:00:00",16,286.81,365,106,1.1e-05,94.6,1.0799999,-1.1999999,0.009509999,97180.15
"2019-11-06 06:00:00",16,285.4,347,0,2.8e-05,97.9,0.88,-0.78999996,0.00897,97287.93
"2019-11-06 12:00:00",16,286.63998,367,0,2.5e-05,98.9,0.84999996,-1.4599999,0.00985,97085.85
"2019-11-06 18:00:00",16,288.65,380,40,0.000124,96.6,1.76,-1.27,0.0109399995,97213.08
"2019-11-07 00:00:00",16,288.41998,384,22,6e-05,99,1.4599999,-0.97999996,0.01108,96830.27
"2019-11-07 06:00:00",16,288.72,380,0,6.5e-05,98.9,2.08,0.82,0.01129,96815.15
"2019-11-07 12:00:00",16,280.07,334,0,1.5e-05,84.700005,-2.21,2.05,0.0054699997,96930.414
"2019-11-07 18:00:00",16,284.53,250,430,0,41.600002,-2.24,0.94,0.0036,97238.74
"2019-11-08 00:00:00",16,278.41998,253,227,0,62.100002,-1.56,-0.08,0.0035299999,97458.9
"2019-11-08 06:00:00",16,274.38,245,0,0,79.4,-0.29999998,-0.9,0.0033699998,97371.68
"2019-11-08 12:00:00",16,273.93,249,0,0,73.8,0.01,-1.04,0.0030399999,97742.93
"2019-10-23 12:00:00",17,279.82,9.999e+20,9.999e+20,9.999e+20,90.4,-0.06,1.77,0.00572,96518.68
"2019-10-23 18:00:00",17,288.7,266,500,0,37.600002,-2.11,2.49,0.00429,96668.22
"2019-10-24 00:00:00",17,280.54,271,279,0,61.3,-1.55,1.13,0.00405,96959.055
"2019-10-24 06:00:00",17,276.94998,255,0,0,73.700005,-0.90999997,0.96,0.00379,97157.164
"2019-10-24 12:00:00",17,274.47,252,0,0,88.1,0.01,-0.48999998,0.00379,97306.27
"2019-10-24 18:00:00",17,289.80002,265,490,0,38.7,2.05,-0.45999998,0.00469,97306.516
"2019-10-25 00:00:00",17,279.47998,277,276,0,88.4,1.52,0.049999997,0.00542,97291.56
"2019-10-25 06:00:00",17,280.72998,279,0,0,73.8,0.44,1.7199999,0.00493,97291.1
"2019-10-25 12:00:00",17,280.85,299,0,0,72.700005,-0.68,1.36,0.0049,97290.375
"2019-10-25 18:00:00",17,291.1,321,330,0,45.3,-0.42999998,1.1,0.0060199997,97176.836
"2019-10-26 00:00:00",17,283.21,342,112,0,73.6,0.41,0.9,0.0058299997,97110.37
"2019-10-26 06:00:00",17,283.38,324,0,0,71.6,-1.39,0.96,0.00574,97099.17
"2019-10-26 12:00:00",17,281.13998,308,0,0,79.6,-1.37,-0.96,0.00548,97092.234
"2019-10-26 18:00:00",17,286.36,334,210,2.9e-05,76.9,-0.16,-2.07,0.00752,97078.46
"2019-10-27 00:00:00",17,283.52,345,77,6.6e-05,96.4,-0.65999997,-1.5999999,0.00781,96949.766
"2019-10-27 06:00:00",17,283.31,342,0,4.7e-05,98.5,-0.39,-1.41,0.00789,96774.555
"2019-10-27 12:00:00",17,284.12,365,0,0.000366,98.700005,-0.78,-2.08,0.00837,96416.24
"2019-10-27 18:00:00",17,287.58,377,30,0.000538,98.200005,-0.17999999,-0.79999995,0.0105,96028.625
"2019-10-28 00:00:00",17,289.82,387,91,5.1e-05,98.8,1.8499999,0.63,0.0122299995,95928.945
"2019-10-28 06:00:00",17,291.58,395,0,2.6e-05,98.4,2.22,1.3399999,0.01363,95833.28
"2019-10-28 12:00:00",17,289.66998,385,0,9e-06,98.9,0.57,1.5899999,0.01211,95926.664
"2019-10-28 18:00:00",17,296.9,372,320,1.3e-05,67.3,0.72999996,1.27,0.01292,95916.96
"2019-10-29 00:00:00",17,291.19,397,91,1.2e-05,96.4,1.3,0.22,0.012999999,96000.36
"2019-10-29 06:00:00",17,285.34,346,0,0,98.8,-0.25,0.81,0.00913,95952.15
"2019-10-29 12:00:00",17,287.69,325,0,3e-06,98.3,1.5899999,0.34,0.01062,95796.12
"2019-10-29 18:00:00",17,295.2,341,400,3e-06,48.100002,3.25,3.31,0.00835,95553.234
"2019-10-30 00:00:00",17,286.8,320,243,0,70.700005,-1.7099999,3.59,0.0072,95939.5
"2019-10-30 06:00:00",17,279.6,283,0,0,69.5,-3.54,3.85,0.00434,96428.44
"2019-10-30 12:00:00",17,274.13,240,0,0,66.8,-2.62,1.91,0.0028199998,96822.56
"2019-10-30 18:00:00",17,281.5,235,460,0,34.8,-2.6,2.59,0.00245,97057.65
"2019-10-31 00:00:00",17,276.03,242,256,0,56.100002,-2.76,1.3399999,0.0026999998,97211.56
"2019-10-31 06:00:00",17,272.63998,230,0,0,69.5,-1.86,1.68,0.00262,97350.375
"2019-10-31 12:00:00",17,270.63,228,0,0,69.6,-1.73,1.1999999,0.00225,97591.086
"2019-10-31 18:00:00",17,280.9,212,470,0,23.300001,-2.1299999,0.22,0.00157,97685.4
"2019-11-01 00:00:00",17,271.58,223,261,0,45.100002,-0.12,-1.2099999,0.00157,97761.99
"2019-11-01 06:00:00",17,269.66998,212,0,0,60.600002,1,-0.24,0.0018099999,97804.555
"2019-11-01 12:00:00",17,270.13998,216,0,0,60.5,0.51,1.13,0.00188,97793.016
"2019-11-01 18:00:00",17,286.12,236,460,0,24.6,0.98999995,1.14,0.00236,97413.74
"2019-11-02 00:00:00",17,274.94998,255,249,0,71.8,1.05,1.09,0.00315,97278.46
"2019-11-02 06:00:00",17,273.58,238,0,0,71.200005,-1,1.64,0.00288,97191.76
"2019-11-02 12:00:00",17,271.79,231,0,0,77.8,-1.3,1.39,0.00275,97188.91
"2019-11-02 18:00:00",17,283.9,240,450,0,38.7,-1.9799999,0.32,0.00321,97197.62
"2019-11-03 00:00:00",17,273.27,252,244,0,83.6,-0.14999999,-0.91999996,0.0033099998,97135.03
"2019-11-03 06:00:00",17,271.11,240,0,0,91,0.45999998,-0.76,0.0030699999,97231.88
"2019-11-03 12:00:00",17,270.9,235,0,0,93.8,0.94,-0.48,0.00311,97081.62
"2019-11-03 18:00:00",17,285.09,245,440,0,42.3,1.73,-0.17999999,0.0037999998,97004.28
"2019-11-04 00:00:00",17,275.59,258,240,0,88.3,1.6999999,-0.38,0.00414176,96744.81
"2019-11-04 06:00:00",17,274.33,246,0,0,87.8,1.12,1.54,0.00376,96698.664
"2019-11-04 12:00:00",17,274.18,250,0,0,94.5,-0.41,1.66,0.00402,96543.98
"2019-11-04 18:00:00",17,288.49,272,420,0,49.3,-0.59999996,1.81,0.00555,96397.52
"2019-11-05 00:00:00",17,282,327,148,1e-06,78.200005,-1.52,-0.26999998,0.00573,96565.52
"2019-11-05 06:00:00",17,280.52,337,0,1.6e-05,87.5,-1.31,0.06,0.00581,96408.5
"2019-11-05 12:00:00",17,279.44,332,0,3.8e-05,93.1,-1.35,-0.35999998,0.00573,96692.7
"2019-11-05 18:00:00",17,280.62,330,90,0.000111,90.4,-1.49,-0.59999996,0.00606,96272.414
"2019-11-06 00:00:00",17,278.97998,320,53,9.4e-05,96,-1.25,0.75,0.00573,96702.46
"2019-11-06 06:00:00",17,275.94998,281,0,9e-06,94.6,-1.77,1.79,0.00457,96402.234
"2019-11-06 12:00:00",17,274.30002,238,0,0,91.4,-2.37,2.34,0.0039,96668.82
"2019-11-06 18:00:00",17,280.6,241,420,0,51,-4.61,2.25,0.0033999998,96706.18
"2019-11-07 00:00:00",17,275.13,244,226,0,73.9,-1.76,1.66,0.00335,96769.87
"2019-11-07 06:00:00",17,272.1,230,0,0,91.4,-1.01,1.5899999,0.0033099998,97020.4
"2019-11-07 12:00:00",17,270.9,221,0,0,91.5,-1.1999999,1.5799999,0.00305,96758.81
"2019-11-07 18:00:00",17,282.62,222,440,0,33.2,-1.43,1.49,0.00253,97009
"2019-11-08 00:00:00",17,274.66,246,232,0,64.200005,-0.78,1.4,0.0028199998,96881.99
"2019-11-08 06:00:00",17,272.5,244,0,0,77.4,-0.65999997,1.2099999,0.00289,97076.4
"2019-11-08 12:00:00",17,272.68,240,0,0,69.3,-0.17,1.52,0.0026099999,97215.516
"2019-10-23 12:00:00",18,279.78,9.999e+20,9.999e+20,9.999e+20,91.4,-0.19999999,1.48,0.0057699997,96507.21
"2019-10-23 18:00:00",18,288.9,267,490,0,39.7,-1.9799999,2.5,0.0046,96669.66
"2019-10-24 00:00:00",18,280.91,274,278,0,62.2,-1.54,1.18,0.00422,96967.46
"2019-10-24 06:00:00",18,276.84,257,0,0,75.5,-0.84999996,0.88,0.0038599998,97144.05
"2019-10-24 12:00:00",18,274.86,252,0,0,88.3,0.41,0,0.00391,97298.64
"2019-10-24 18:00:00",18,290.39966,268,490,0,40.600002,2.1,-0.19999999,0.0050899996,97270.35
"2019-10-25 00:00:00",18,280.9,282,274,0,77.9,1.79,-0.12,0.00526,97322.68
"2019-10-25 06:00:00",18,280.88998,277,0,0,74.3,0.26999998,1.7199999,0.00502,97328.73
"2019-10-25 12:00:00",18,280.25998,295,0,0,76.1,-0.84,1.37,0.0049199997,97401
"2019-10-25 18:00:00",18,292.80002,316,370,0,42.7,-0.38,-0.29,0.00629,97285.586
"2019-10-26 00:00:00",18,283.61,337,170,0,70,1.38,-0.19999999,0.00569,97192.555
"2019-10-26 06:00:00",18,281.68,315,0,0,77.4,-1.1899999,0.11,0.0055299997,97216.68
"2019-10-26 12:00:00",18,280.65,295,0,0,83.9,-0.56,-1.37,0.0055799996,97192.74
"2019-10-26 18:00:00",18,286.58,327,240,3e-05,77,0.7,-1.9,0.00762,97181.68
"2019-10-27 00:00:00",18,283.46,348,51,0.000209,98.5,0.14999999,-1.51,0.007929999,97092.15
"2019-10-27 06:00:00",18,283.37,341,0,3.6e-05,98.8,1.28,-0.84999996,0.007929999,96876.055
"2019-10-27 12:00:00",18,285.50998,366,0,5.5e-05,98.5,2.12,0.22999999,0.00913,96692.55
"2019-10-27 18:00:00",18,289.64502,376,70,0.000321,96.1,2.18,1.29,0.01174,96632.65
"2019-10-28 00:00:00",18,288.91,373,75,5.7e-05,98.9,1.49,0.19999999,0.01145,96683.11
"2019-10-28 06:00:00",18,289.28,385,0,6.8e-05,99,1.25,0.59,0.01175,96579.05
"2019-10-28 12:00:00",18,290.16998,396,0,2.5e-05,99.3,1.6899999,-0.5,0.01248,96549.27
"2019-10-28 18:00:00",18,293.2,400,110,0.000117999996,93.9,1.9499999,-0.32,0.0143,96403.48
"2019-10-29 00:00:00",18,291.55,392,135,0.000613,98.9,1.41,-0.98999995,0.01361,96261.4
"2019-10-29 06:00:00",18,291.61,393,0,0.000481,98.4,2.86,0.34,0.01364,95946.87
"2019-10-29 12:00:00",18,290.82,383,0,2.1e-05,98.5,2.1699998,1.53,0.012999999,95799.234
"2019-10-29 18:00:00",18,295.7,369,370,7e-05,82.4,2.56,2.24,0.01474,95764.4
"2019-10-30 00:00:00",18,288.86,364,200,9.9e-05,93.8,-2.23,1.8299999,0.0109,95920.6
"2019-10-30 06:00:00",18,285.47,342,0,3e-06,89.9,-2.05,1.53,0.008359999,96144.266
"2019-10-30 12:00:00",18,282.47998,354,0,1.8e-05,88.200005,-1.9499999,1.2099999,0.00671,96353.85
"2019-10-30 18:00:00",18,281.38998,340,80,7e-06,65,-3.1899998,2.19,0.00458,96414.02
"2019-10-31 00:00:00",18,278.22998,318,53,2e-06,62.3,-3.57,2.53,0.0035199998,96710.05
"2019-10-31 06:00:00",18,273.00998,242,0,0,61.3,-3.9199998,3.06,0.00238,97039.305
"2019-10-31 12:00:00",18,270.13,202,0,0,57.8,-2.03,1.35,0.0018,97390.25
"2019-10-31 18:00:00",18,279.9,207,480,0,27,-2.19,0.58,0.0016999999,97593.23
"2019-11-01 00:00:00",18,272.08,228,258,0,53.5,0.13,-0.71,0.0019299999,97738.695
"2019-11-01 06:00:00",18,270.88,225,0,0,67.8,0.45999998,-0.84,0.00223,97802.65
"2019-11-01 12:00:00",18,270.08,223,0,0,75.5,-0.29,-0.45999998,0.00234,97784.164
"2019-11-01 18:00:00",18,285.78,237,460,0,29,0.14,-0.61,0.00271,97515.48
"2019-11-02 00:00:00",18,274.62,252,248,0,62.9,1.24,-0.97999996,0.00274,97314.766
"2019-11-02 06:00:00",18,272.96,242,0,0,71.8,0.74,1.29,0.0027599998,97293.49
"2019-11-02 12:00:00",18,272.81,241,0,0,72.4,-1.04,1.04,0.0027599998,97177.02
"2019-11-02 18:00:00",18,289.41,255,450,0,33.7,0.48999998,0.47,0.00402,97083.57
"2019-11-03 00:00:00",18,275.66998,269,243,0,82.8,0.87,-0.35,0.0038899998,96917.336
"2019-11-03 06:00:00",18,274.58,257,0,0,88.1,0.96,0.66999996,0.00384,97017.63
"2019-11-03 12:00:00",18,273,257,0,0,89.4,0,0.11,0.0034699999,97046.6
"2019-11-03 18:00:00",18,288.84,271,430,0,46.100002,1.3199999,-1.1899999,0.00527,97280.266
"2019-11-04 00:00:00",18,278.44,278,236,0,91.1,0.64,-1.3,0.0052,97237.81
"2019-11-04 06:00:00",18,276.06,260,0,0,94.6,-0.08,-1.23,0.00456,97404.62
"2019-11-04 12:00:00",18,275.38998,260,0,0,97.700005,-0.82,-0.69,0.00452,97466.37
"2019-11-04 18:00:00",18,286.9,312,280,9e-06,70.4,-0.08,-1.42,0.00703,97483.62
"2019-11-05 00:00:00",18,283.82,361,36,8.2e-05,94.6,-1.1,-1.16,0.00777,97558.98
"2019-11-05 06:00:00",18,284.74,367,0,0.00014,99.200005,-0.45999998,-1.54,0.00869,97353.48
"2019-11-05 12:00:00",18,286.11,375,0,0.000268,99.3,0.17999999,-1.3199999,0.0095,97544.4
"2019-11-05 18:00:00",18,289.83,380,80,8.4e-05,95,0.72999996,-0.78999996,0.011589999,97335.445
"2019-11-06 00:00:00",18,289.08,377,85,1.7e-05,98.6,0.77,-1.2099999,0.01146,97455.625
"2019-11-06 06:00:00",18,288.74,388,0,6e-05,99.200005,0.9,-0.88,0.011279999,97440.87
"2019-11-06 12:00:00",18,288.99,386,0,6.8e-05,99,1.28,-0.14999999,0.01144,97388.21
"2019-11-06 18:00:00",18,292.37,392,130,2e-05,91.200005,2.11,-0.08,0.01306,97397.555
"2019-11-07 00:00:00",18,290.33,379,129,1.2e-05,98.4,1.54,-0.65,0.01242,97165.02
"2019-11-07 06:00:00",18,289.88,390,0,3e-05,98.6,1.9399999,-0.22999999,0.012069999,97224.19
"2019-11-07 12:00:00",18,289.22,381,0,3.8e-05,98.5,1.91,-0.03,0.011609999,96930.22
"2019-11-07 18:00:00",18,292.29,382,180,8.4e-05,88.9,2.6699998,0.55,0.0127,96963.39
"2019-11-08 00:00:00",18,289.94,384,61,0.000248,97.200005,-0.68,1.3299999,0.01201,96880.055
"2019-11-08 06:00:00",18,283.91998,366,0,9e-05,90.700005,-2.3999999,1.6899999,0.0075999997,96938.14
"2019-11-08 12:00:00",18,281.1,327,0,1.7e-05,91.5,-1.9399999,0.11,0.00629,97392.1
"2019-10-23 12:00:00",19,279.84,9.999e+20,9.999e+20,9.999e+20,90.6,0.08,1.63,0.00574,96573.055
"2019-10-23 18:00:00",19,288.80002,267,500,0,38.5,-2.33,2.49,0.00444,96729.68
"2019-10-24 00:00:00",19,280.43,272,279,0,61.7,-1.53,1.03,0.00405,97030.04
"2019-10-24 06:00:00",19,276.62,257,0,0,74.5,-0.71,0.82,0.0037399998,97211.586
"2019-10-24 12:00:00",19,274.8,253,0,0,87.8,0.32,-0.17999999,0.00387,97359.4
"2019-10-24 18:00:00",19,289.9,266,490,0,39.3,2.05,-0.45,0.00482,97347.25
"2019-10-25 00:00:00",19,279.86,278,275,0,85.200005,1.61,-0.02,0.00536,97359.67
"2019-10-25 06:00:00",19,280.36,269,0,0,74.200005,0.42,1.78,0.00483,97311.04
"2019-10-25 12:00:00",19,280.84,300,0,0,72,-0.71,1.52,0.0048499997,97376.93
"2019-10-25 18:00:00",19,293.2,317,370,0,41.4,-0.39999998,0.76,0.0062599997,97207.54
"2019-10-26 00:00:00",19,283.63,339,188,0,70.3,0.01,0.21,0.00573,97159.93
"2019-10-26 06:00:00",19,282.96,329,0,0,72,-1.48,0.85999995,0.00561,97141.33
"2019-10-26 12:00:00",19,280.47998,297,0,0,80.9,-1.5999999,-0.81,0.00532,97187.5
"2019-10-26 18:00:00",19,288.4,326,280,8e-06,66,0.65999997,-2.19,0.0073599997,97082.19
"2019-10-27 00:00:00",19,284.66998,351,107,0.000113,96.6,0.84999996,-1.55,0.00845,97018.055
"2019-10-27 06:00:00",19,283.8,345,0,7.4e-05,99,0.59999996,-1.56,0.00818,96824.555
"2019-10-27 12:00:00",19,284.38998,360,0,0.000676,99,0.29999998,-1.25,0.00853,96547.055
"2019-10-27 18:00:00",19,290.04,379,40,0.000381,98.5,2.33,-0.31,0.01231,96236.68
"2019-10-28 00:00:00",19,291.66,398,56,1.8e-05,99.1,1.87,0.31,0.013739999,96147.664
"2019-10-28 06:00:00",19,290.69998,389,0,8.2e-05,98.8,0.84,1.42,0.01291,96093.58
"2019-10-28 12:00:00",19,288.03,388,0,2.1e-05,99.1,-0.12,0.59,0.010919999,96013.086
"2019-10-28 18:00:00",19,293,389,180,2.6e-05,87.3,-0.97999996,0.84,0.01322,95942.055
"2019-10-29 00:00:00",19,287.11,371,107,8e-06,79,-3.1,2.2,0.00818,96137.58
"2019-10-29 06:00:00",19,282.71,290,0,0,82.9,-2.55,1.5,0.0064,96280.92
"2019-10-29 12:00:00",19,280.16,276,0,0,86.1,-1.91,1.78,0.00557,96521.44
"2019-10-29 18:00:00",19,285.11,267,450,0,37.100002,-3.28,1.54,0.00335,96625.77
"2019-10-30 00:00:00",19,278.35,251,260,0,56.9,-1.8499999,1.27,0.00324,96711.74
"2019-10-30 06:00:00",19,277.84,272,0,0,61.2,-1.4,0.64,0.0033699998,96692.32
"2019-10-30 12:00:00",19,276.56,311,0,1.8e-05,69.5,-1.3199999,0.64,0.0034899998,96797.52
"2019-10-30 18:00:00",19,283.19998,261,430,0,41.600002,-2.37,1.39,0.0033099998,96701.22
"2019-10-31 00:00:00",19,276.63998,253,248,0,70.3,-1.91,1.76,0.00355,96945.33
"2019-10-31 06:00:00",19,273.38,236,0,0,77.5,-1.14,1.74,0.00309,96996.24
"2019-10-31 12:00:00",19,272.47998,231,0,0,80.3,-0.95,1.55,0.003,97064.7
"2019-10-31 18:00:00",19,283.96,242,460,0,37.8,0.96999997,2.75,0.00315,97071.625
"2019-11-01 00:00:00",19,277.38998,254,250,0,68.5,-1.04,1.8399999,0.00363,97155.086
"2019-11-01 06:00:00",19,273.09,238,0,0,89.5,-1.22,1.41,0.00348,97291.25
"2019-11-01 12:00:00",19,271.32,224,0,0,88.9,-1.4499999,1.54,0.0030399999,97267.836
"2019-11-01 18:00:00",19,279.22,229,450,0,42.9,-4.31,2.9299998,0.00259,97248.12
"2019-11-02 00:00:00",19,273.58,226,250,0,58.5,-3.1999998,2.07,0.00236,97400.805
"2019-11-02 06:00:00",19,270.22998,210,0,0,73.1,-1.23,1.86,0.0023,97380.43
"2019-11-02 12:00:00",19,269.3,209,0,0,82.200005,-1.26,1.38,0.0023999999,97486.91
"2019-11-02 18:00:00",19,282.29,218,460,0,24.9,-1.18,-0.62,0.0018399999,97373.72
"2019-11-03 00:00:00",19,271.52,231,249,0,63.4,0.95,-0.96999997,0.0021499998,97384.33
"2019-11-03 06:00:00",19,269.47,220,0,0,63,1.02,0.14999999,0.00186,97630.69
"2019-11-03 12:00:00",19,268.72,216,0,0,68.6,0.57,-0.32999998,0.00191,97709.29
"2019-11-03 18:00:00",19,283.66998,224,460,0,25.7,1.29,-0.62,0.0020899998,97586.516
"2019-11-04 00:00:00",19,272.55,234,250,0,62.4,1.28,-1.13,0.00233,97487.52
"2019-11-04 06:00:00",19,269.87,221,0,0,80.3,0.82,0.7,0.00245,97534.35
"2019-11-04 12:00:00",19,270.68,230,0,0,60.9,-0.97999996,0.68,0.00198,97369.37
"2019-11-04 18:00:00",19,286.65,267,380,0,38.2,0.97999996,-0.72999996,0.0037099998,97337.93
"2019-11-05 00:00:00",19,278.36,310,184,5e-06,91.6,0.91999996,-0.83,0.00519,97343.65
"2019-11-05 06:00:00",19,276.34,307,0,6e-06,97.8,0.16,-0.39999998,0.00483,97328.85
"2019-11-05 12:00:00",19,279.03,341,0,1.1e-05,96.8,-1.1,-0.42999998,0.0057699997,97308.305
"2019-11-05 18:00:00",19,286.13998,328,210,1.9e-05,79.3,0.26,-1.09,0.0075399997,97201.305
"2019-11-06 00:00:00",19,282.27,354,66,3.6e-05,98.700005,0.19,-0.87,0.00734,97164.805
"2019-11-06 06:00:00",19,282.50998,354,0,2.2e-05,98.4,-0.14999999,-0.31,0.00744,96955.195
"2019-11-06 12:00:00",19,281.41998,346,0,8e-06,97.700005,-1.0799999,-0.14,0.0069,97012.9
"2019-11-06 18:00:00",19,291.32,338,280,2e-06,73.200005,0.03,-1.22,0.00988,96578.48
"2019-11-07 00:00:00",19,285.75,349,149,1.7e-05,96.9,0,-1.28,0.00912,96881.555
"2019-11-07 06:00:00",19,285.75,355,0,4.6e-05,98.3,-0.55,-2.1599998,0.00926,96677.266
"2019-11-07 12:00:00",19,283.15,366,0,0.000105,94.4,-1.0799999,-3.03,0.00746,96980.71
"2019-11-07 18:00:00",19,281.44998,351,60,5.2e-05,90.8,-1.3,-2.26,0.00641,96670.66
"2019-11-08 00:00:00",19,281.05,348,15,0.000136,96.200005,-1.51,-1.02,0.0066199997,96658.73
"2019-11-08 06:00:00",19,279.13998,335,0,4.5e-05,98.1,-1.22,0.32999998,0.00594,96474.23
"2019-11-08 12:00:00",19,277.96,282,0,0,96.9,-0.39999998,0.88,0.0054099998,96235.984
"2019-10-23 12:00:00",20,279.65,9.999e+20,9.999e+20,9.999e+20,87.5,0.089999996,1.67,0.0054699997,96569.664
"2019-10-23 18:00:00",20,288.80002,265,500,0,37,-2.31,2.6,0.0042499998,96719.9
"2019-10-24 00:00:00",20,280.35,271,279,0,62.3,-1.39,1.1899999,0.00407,97025.98
"2019-10-24 06:00:00",20,277.44998,257,0,0,67.8,-1.01,1.03,0.00361,97160.82
"2019-10-24 12:00:00",20,274.81,253,0,0,87.9,0.39999998,-0.22,0.00388,97314.61
"2019-10-24 18:00:00",20,289.7,265,490,0,40.4,2.21,-0.77,0.00489,97290.79
"2019-10-25 00:00:00",20,279.69998,277,276,0,88.700005,1.5799999,-0.19,0.0055199997,97312.484
"2019-10-25 06:00:00",20,280.07,281,0,0,76.6,0.96,1.09,0.00489,97279.305
"2019-10-25 12:00:00",20,280.37,307,0,0,80.1,0.12,1.05,0.0052199997,97295.555
"2019-10-25 18:00:00",20,288.30002,331,200,6e-06,71.6,0.96,0.41,0.00791,97181.65
"2019-10-26 00:00:00",20,283.72998,350,85,1.3e-05,96.3,0.81,-0.14,0.00791,97034.95
"2019-10-26 06:00:00",20,284.31,345,0,0.000116,97.8,-0.11,-1.2099999,0.00835,96945.75
"2019-10-26 12:00:00",20,284.66,361,0,0.000375,98.6,0.02,-3.11,0.00864,96746.914
"2019-10-26 18:00:00",20,286.19,369,20,0.00085,98.1,0.63,-3.23,0.00955,96415.336
"2019-10-27 00:00:00",20,287.72,379,12,0.00135,99.4,0.089999996,-1.41,0.010729999,96096.766
"2019-10-27 06:00:00",20,290.82,389,0,0.00065,98.700005,3.06,-0.06,0.0130199995,95816.45
"2019-10-27 12:00:00",20,289.53,391,0,0.00026,97.700005,-1.2099999,2.12,0.01187,95925.516
"2019-10-27 18:00:00",20,291.78,308,460,0,62.8,-2.21,1.8499999,0.00878,96091.1
"2019-10-28 00:00:00",20,284.99,304,257,0,90.9,-1.55,1.22,0.00818,96339.43
"2019-10-28 06:00:00",20,281.49,291,0,0,96.200005,-0.95,0.63,0.00683,96425.49
"2019-10-28 12:00:00",20,279.99,289,0,0,98.1,0.089999996,-0.94,0.00628,96450.24
"2019-10-28 18:00:00",20,288.87,329,300,5e-05,86.4,0.95,-1.4499999,0.01003,96202.79
"2019-10-29 00:00:00",20,286.71,377,26,0.001239,99.200005,-1.12,-1.1,0.01004,95899.74
"2019-10-29 06:00:00",20,288.55,383,0,0.000101,98.9,1.3199999,0.96999997,0.01134,95382.19
"2019-10-29 12:00:00",20,286.37,347,0,3e-06,94.6,-1.26,3.75,0.009389999,95540.42
"2019-10-29 18:00:00",20,288.9,291,460,0,58.8,-2.31,5.25,0.0069,95656.46
"2019-10-30 00:00:00",20,279.43,267,257,0,67.700005,-1,2.6399999,0.00419,96089.9
"2019-10-30 06:00:00",20,273.77,231,0,0,61.2,-2.04,3.56,0.0025199999,96582.63
"2019-10-30 12:00:00",20,270.66,209,0,0,48.4,-2.26,1.8399999,0.0015799999,96956.61
"2019-10-30 18:00:00",20,282.72,216,480,0,22.4,-0.84999996,1.0699999,0.00172,97101.07
"2019-10-31 00:00:00",20,273.97998,230,261,0,50.2,-0.94,1.62,0.0020899998,97217.34
"2019-10-31 06:00:00",20,272.11,217,0,0,64.4,-3.27,2.28,0.00233,97484.02
"2019-10-31 12:00:00",20,269.07,201,0,0,63.8,-2.29,1.54,0.00182,97687.85
"2019-10-31 18:00:00",20,278.7,205,480,0,30,-2.34,-0.12,0.00174,97798.445
"2019-11-01 00:00:00",20,270.97,218,260,0,50.100002,-0.84999996,-0.22999999,0.00165,97895.305
"2019-11-01 06:00:00",20,269.47998,214,0,0,59.2,0.24,-0.56,0.0017499999,97941.74
"2019-11-01 12:00:00",20,268.96,215,0,0,62.3,-0.06,0.14,0.0017599999,97951.31
"2019-11-01 18:00:00",20,285.4497,232,460,0,24.1,0.25,0.38,0.00222,97659.74
"2019-11-02 00:00:00",20,273.13,252,248,0,64,1.04,0.29999998,0.0024599999,97514.695
"2019-11-02 06:00:00",20,272.97,241,0,0,55.2,-1.06,1.1,0.00213,97474.68
"2019-11-02 12:00:00",20,272.46,237,0,0,56.5,-1.5999999,0.47,0.0021,97517.445
"2019-11-02 18:00:00",20,286.80002,246,450,0,35.2,0.29,-1.26,0.0035199998,97466.27
"2019-11-03 00:00:00",20,274.4,256,246,0,88.5,0.98999995,-1.02,0.00379,97358.74
"2019-11-03 06:00:00",20,270.88,240,0,0,90,-0.04,-0.38,0.00297,97366.266
"2019-11-03 12:00:00",20,270.8,236,0,0,90.3,0.47,-0.32999998,0.00296,97336.77
"2019-11-03 18:00:00",20,286.56,246,450,0,40,0.59,-1.2099999,0.0039399997,97453.77
"2019-11-04 00:00:00",20,275.06,255,243,0,87.6,-0.03,-1.4699999,0.00393,97408.99
"2019-11-04 06:00:00",20,272.36,240,0,0,91,-0.51,-0.77,0.00336,97483.72
"2019-11-04 12:00:00",20,273.53,248,0,0,88,-1.1899999,-0.07,0.0035299999,97546.46
"2019-11-04 18:00:00",20,287.91998,291,360,0,64.8,0.14999999,-1.38,0.00696,97509.766
"2019-11-05 00:00:00",20,281.97998,328,180,1e-06,96.9,-0.45999998,-1.36,0.00703,97611.62
"2019-11-05 06:00:00",20,281.4,334,0,9.3e-05,98.700005,-0.98999995,-1.11,0.00688,97605.04
"2019-11-05 12:00:00",20,280.44,331,0,2.1e-05,98.6,-1.1899999,-0.82,0.0064499998,97495.914
"2019-11-05 18:00:00",20,288.9,299,390,0,61.100002,-0.45999998,-1.28,0.00703,97245.21
"2019-11-06 00:00:00",20,282.24,312,204,0,91.3,-0.099999994,-1.29,0.00677,97200.805
"2019-11-06 06:00:00",20,279.13998,324,0,0,96.5,0.17999999,-0.65,0.0058,96908.96
"2019-11-06 12:00:00",20,279.05,295,0,0,97.700005,0.72999996,-0.31,0.00585,96790.92
"2019-11-06 18:00:00",20,287.63,347,190,1.1e-05,82.9,1.55,-0.7,0.0088599995,96373.375
"2019-11-07 00:00:00",20,285.49,370,76,3.6e-05,98.200005,1.06,-1.15,0.009149999,96221.68
"2019-11-07 06:00:00",20,286.85,374,0,0.000375,99.4,1.53,-1.14,0.010179999,95717.28
"2019-11-07 12:00:00",20,289.33,385,0,0.000213,97.8,3.47,-0.37,0.01179,95418.016
"2019-11-07 18:00:00",20,291.43,382,160,0.000214,87.5,4.11,1.5799999,0.012089999,95107.375
"2019-11-08 00:00:00",20,285.00998,335,142,2e-06,93.6,0.57,1.79,0.008549999,94965.016
"2019-11-08 06:00:00",20,280.19,309,0,4e-06,77.700005,-2.08,2.27,0.00512,95265.19
"2019-11-08 12:00:00",20,276.6,255,0,0,84,-0.78,1.5699999,0.00429,95265.9
"2019-10-23 12:00:00",21,279.69,9.999e+20,9.999e+20,9.999e+20,87.200005,-0.11,1.7099999,0.0054699997,96511.73
"2019-10-23 18:00:00",21,288.78,266,490,0,37.9,-2.3,2.6399999,0.00435,96686.086
"2019-10-24 00:00:00",21,280.68,272,279,0,62.4,-1.5799999,1.11,0.00417,96953.83
"2019-10-24 06:00:00",21,277.07,256,0,0,75,-0.85999995,1.01,0.0038899998,97149.46
"2019-10-24 12:00:00",21,274.59,252,0,0,88.3,0.17999999,-0.12,0.0038299998,97302.71
"2019-10-24 18:00:00",21,290,266,490,0,39,2.02,-0.59,0.0047999998,97317.24
"2019-10-25 00:00:00",21,279.63998,277,275,0,88.5,1.5699999,-0.12,0.00549,97297.22
"2019-10-25 06:00:00",21,280.35,274,0,0,73.3,0.58,1.5899999,0.00477,97257.98
"2019-10-25 12:00:00",21,280.19998,297,0,0,73.1,-0.58,1.1999999,0.00471,97276.4
"2019-10-25 18:00:00",21,293.1,312,400,0,41.4,0.78999996,0.5,0.00621,97126.49
"2019-10-26 00:00:00",21,285.84,344,170,0,71,1.4699999,0.95,0.0067,97065.4
"2019-10-26 06:00:00",21,282.22,319,0,0,92.8,0.14999999,0.95,0.00689,96951.08
"2019-10-26 12:00:00",21,283.34,338,0,3.2e-05,89.5,0.12,-1.14,0.0071699996,96896.74
"2019-10-26 18:00:00",21,286.1,350,90,0.000271,95,0.07,-1.8399999,0.009149999,96799.18
"2019-10-27 00:00:00",21,285.68,362,37,4e-04,98.4,0.44,-3.28,0.00925,96535.664
"2019-10-27 06:00:00",21,287.25,372,0,0.000771,99.700005,1.56,-2.07,0.01043,96132.836
"2019-10-27 12:00:00",21,291.18,392,0,0.00045999998,98.9,3.76,-0.42,0.01335,95818.625
"2019-10-27 18:00:00",21,293.5,407,60,0.000113,95.200005,3.73,1.4699999,0.01488,95757.73
"2019-10-28 00:00:00",21,291.12,388,92,0.000141,98.4,0.37,1.4699999,0.013239999,95864.17
"2019-10-28 06:00:00",21,287.94,375,0,1e-05,98.1,-1.61,0.61,0.010749999,95942.586
"2019-10-28 12:00:00",21,285.72998,364,0,9e-06,96.200005,-1.41,-0.14,0.00913,95940.9
"2019-10-28 18:00:00",21,291.57,354,240,1.3e-05,74.4,1.73,0.5,0.0103,95765.79
"2019-10-29 00:00:00",21,287.37,364,106,4e-06,87.1,-1.89,2.23,0.00918,96071.1
"2019-10-29 06:00:00",21,282.35,288,0,0,97,-1.06,1.68,0.00732,96142.92
"2019-10-29 12:00:00",21,281.24,280,0,0,95.5,-1.42,1.35,0.00666,96487.27
"2019-10-29 18:00:00",21,291.1,294,430,0,54.2,0.62,-0.71,0.0072299996,96274.96
"2019-10-30 00:00:00",21,285.33,356,95,1.7e-05,88,0.35999998,-0.94,0.00811,96217.37
"2019-10-30 06:00:00",21,283.12,348,0,2.5e-05,94.8,-1.03,1.24,0.0075299996,96196.234
"2019-10-30 12:00:00",21,276.11,297,0,8e-06,80.4,-3.84,4.48,0.00393,96458.91
"2019-10-30 18:00:00",21,278.80002,228,470,0,40.5,-4.49,4.37,0.00238,96553.836
"2019-10-31 00:00:00",21,273.41998,225,261,0,67,-2.3,2.34,0.00268,96986.414
"2019-10-31 06:00:00",21,271.05,211,0,0,64.3,-1.79,2.21,0.0021499998,97141.81
"2019-10-31 12:00:00",21,270.3,205,0,0,63.3,-1.6999999,2.18,0.0019999999,97302.34
"2019-10-31 18:00:00",21,278.63,206,470,0,30.1,-3.1699998,2.75,0.00174,97470.94
"2019-11-01 00:00:00",21,273.88,222,258,0,48.100002,-2.21,1.54,0.00198,97618.48
"2019-11-01 06:00:00",21,270.03,211,0,0,64.8,-1.52,1.25,0.00199,97772.33
"2019-11-01 12:00:00",21,268.55,202,0,0,66.1,-1.3,0.78,0.0018099999,98057.75
"2019-11-01 18:00:00",21,281.38998,214,470,0,24.2,-0.39999998,-1.24,0.0016699999,97927.49
"2019-11-02 00:00:00",21,272.12,227,255,0,51.600002,0.71,-1.5699999,0.0018699999,97933.586
"2019-11-02 06:00:00",21,268.52,217,0,0,68,-0.21,-0.65999997,0.00186,97866.37
"2019-11-02 12:00:00",21,269.04,218,0,0,63.3,-1.1999999,0.22999999,0.0018,97734.49
"2019-11-02 18:00:00",21,285.09,240,410,0,23.1,0.13,-0.77,0.00207,97466.14
"2019-11-03 00:00:00",21,271.13998,248,230,0,81.4,0.68,-0.91999996,0.00275,97153.25
"2019-11-03 06:00:00",21,271.03,238,0,0,71.700005,-0.07,0.95,0.00239,97179.18
"2019-11-03 12:00:00",21,273.69,249,0,0,48.5,-1.42,1.16,0.00199,96651.64
"2019-11-03 18:00:00",21,287.88,259,440,0,33.8,-1.4699999,0.7,0.00364,96831.18
"2019-11-04 00:00:00",21,276.6,280,232,0,87.8,-1.02,0.45999998,0.00445,96499.78
"2019-11-04 06:00:00",21,275.54,263,0,0,93.3,-1.24,1.42,0.00435,96788.336
"2019-11-04 12:00:00",21,273.99,252,0,0,95.8,-1.5999999,1.02,0.00401,96763.586
"2019-11-04 18:00:00",21,284.72998,251,420,0,39.5,-1.2099999,0.29,0.00348,96843.15
"2019-11-05 00:00:00",21,274.72,255,237,0,85.4,-0.90999997,-0.29999998,0.0037399998,97204.68
"2019-11-05 06:00:00",21,273.61,244,0,0,88.1,-1.4499999,-0.41,0.00357,97137.29
"2019-11-05 12:00:00",21,271.84,240,0,0,93.8,-0.84,-0.7,0.00332,97728.805
"2019-11-05 18:00:00",21,285.87,253,430,0,45.4,-0.19,-1.4399999,0.00428,97362.56
"2019-11-06 00:00:00",21,275.94,264,232,0,89.5,0.12,-1.4,0.00426,97648.9
"2019-11-06 06:00:00",21,273.08,247,0,0,93.700005,-0.91999996,-0.44,0.0036499999,97517.35
"2019-11-06 12:00:00",21,272.96,246,0,0,93.4,-0.90999997,-0.74,0.00361,97438.32
"2019-11-06 18:00:00",21,287.66998,264,390,0,43.2,-0.25,-0.7,0.00457,97409.15
"2019-11-07 00:00:00",21,275.83,272,225,0,88.9,0.099999994,-0.84,0.0042499998,96925.22
"2019-11-07 06:00:00",21,276.15,258,0,0,89.200005,-1.0799999,1.1899999,0.00434,97215.016
"2019-11-07 12:00:00",21,275.94,258,0,0,96.4,-1.15,1.4499999,0.00463,96826.23
"2019-11-07 18:00:00",21,287.46,281,390,0,56.100002,-2.81,2.04,0.00588,96977.42
"2019-11-08 00:00:00",21,280.4,283,212,0,73.8,-3.12,2.57,0.00484,97014.766
"2019-11-08 06:00:00",21,274.55,241,0,0,79.9,-1.93,1.86,0.0034699999,97039.74
"2019-11-08 12:00:00",21,271.00998,213,0,0,77.200005,-1.63,1.56,0.0025799999,97404.1
