forecast.date,ensembles,tmp2m,dlwrfsfc,dswrfsfc,pratesfc,rh2m,vgrd10m,ugrd10m,spfh2m,pressfc
2018-09-18 06:00:00,1,292.1,9999e17,9999e17,9999e17,97.1,0.25,2.58,0.013909999,95960.984
2018-09-18 12:00:00,1,292.80002,379,5,5e-6,95.9,-1.5,3.32,0.0143,95884.7
2018-09-18 18:00:00,1,299.2,389,488,1e-6,59.9,-4.49,3.4099998,0.01325,96013.98
2018-09-19 00:00:00,1,295,369,393,0,76,-2.35,2.02,0.0130199995,96010.586
2018-09-19 06:00:00,1,291.1,347,0,0,94.8,-1.31,1.87,0.01273,96157.87
2018-09-19 12:00:00,1,290.80002,337,7,0,94.1,-1.24,1.81,0.012329999,96285.38
2018-09-19 18:00:00,1,303,357,602,0,41.9,-1.9799999,-0.5,0.01155,96400.7
2018-09-20 00:00:00,1,292.6,377,394,0,89.700005,0.19,-1.22,0.0132,96393.13
2018-09-20 06:00:00,1,288.7,353,0,0,94.700005,0.29,-0.95,0.01078,96702.17
2018-09-20 12:00:00,1,290.4,338,7,0,94.200005,0.93,0.19,0.01194,96889.086
2018-09-20 18:00:00,1,301.2,358,593,0,53.100002,2.4199998,-0.45,0.01304,96941.086
2018-09-21 00:00:00,1,293.9,373,388,0,89.1,2.04,-0.55,0.014099999,96887.93
2018-09-21 06:00:00,1,290.2,345,0,0,98.1,1.42,1.14,0.012279999,96996.77
2018-09-21 12:00:00,1,289.30002,328,7,0,97.6,1.09,1.53,0.01156,97043.54
2018-09-21 18:00:00,1,300.4,339,603,0,50.3,3.07,1.1999999,0.0117999995,96864.92
2018-09-22 00:00:00,1,293.30002,357,392,0,89.6,2.27,0.65,0.013719999,96732.625
2018-09-22 06:00:00,1,290.7,340,0,0,98,1.06,2.1599998,0.0127,96753.29
2018-09-22 12:00:00,1,290.2,340,6,0,90.5,-0.26999998,1.9599999,0.011399999,96763.45
2018-09-22 18:00:00,1,299.7,374,568,5.1e-5,70.700005,-0.82,0.91999996,0.01601,96644.08
2018-09-23 00:00:00,1,293,392,351,1.92e-4,94.8,-0.19,0.39999998,0.01425,96616.95
2018-09-23 06:00:00,1,291.80002,372,0,6.14e-4,98.5,-1.51,0.76,0.013669999,96626.52
2018-09-23 12:00:00,1,292.1,383,4,4.4e-5,98,-1,-0.52,0.01387,96700.39
2018-09-23 18:00:00,1,295.30002,401,279,2.18e-4,94.3,0.39999998,-1.1999999,0.01637,96661.93
2018-09-24 00:00:00,1,292.7,404,70,0.001323,98.9,-0.17,-1.65,0.014599999,96652.516
2018-09-24 06:00:00,1,292.1,405,0,0.002011,99.4,0.34,-1.29,0.01409,96679.164
2018-09-24 12:00:00,1,291.6,400,0,0.001152,99.5,0.58,0.28,0.013669999,96802.4
2018-09-24 18:00:00,1,295,396,139,2.31e-4,95.700005,-0.39,-0.29,0.01623,96878.56
2018-09-25 00:00:00,1,293.30002,400,110,2.68e-4,98.9,0.02,-1.26,0.01505,96903.45
2018-09-25 06:00:00,1,291.4,391,0,2.77e-4,99.3,0.39,-0.62,0.01344,97003.27
2018-09-25 12:00:00,1,292.80002,390,3,2.8e-5,99.200005,0.44,-0.03,0.014629999,97102.414
2018-09-25 18:00:00,1,297.6,411,304,3.2e-5,82.5,0.95,-0.78,0.01636,97028.6
2018-09-26 00:00:00,1,293,379,345,3.43e-4,98.3,0.58,-1.2099999,0.01473,97005.39
2018-09-26 06:00:00,1,290,364,0,2.6e-5,99.4,0.16,-0.84,0.01234,97040.15
2018-09-26 12:00:00,1,292,393,2,1.7e-5,98.9,-0.32999998,-1.27,0.01389,97291.33
2018-09-26 18:00:00,1,295.7,405,226,2.8e-5,87.6,0.07,-1.68,0.0154099995,97317.25
2018-09-27 00:00:00,1,293.4,392,268,1e-5,95.4,0.25,-1.4,0.014649999,97174.69
2018-09-27 06:00:00,1,292.6,404,0,4.5e-5,98.8,0.48,-1,0.01442,97137.82
2018-09-27 12:00:00,1,292.1,399,3,2.5e-5,98.9,0.91999996,-0.5,0.01395,97076.164
2018-09-27 18:00:00,1,296.7,410,190,1.8e-5,82.700005,1.16,0.31,0.01552,97053.4
2018-09-28 00:00:00,1,292.80002,399,229,5e-6,95.200005,1.1999999,-0.32,0.01409,96870.984
2018-09-28 06:00:00,1,292.1,368,0,0,98.3,1.3,0.95,0.0139,96787.805
2018-09-28 12:00:00,1,292.2,370,4,1e-6,98.5,-0.099999994,1.5999999,0.01401,96768.15
2018-09-28 18:00:00,1,301.6,378,543,3e-6,55.7,-0.45999998,1.9499999,0.01407,96587.87
2018-09-29 00:00:00,1,294.30002,389,320,9.5e-5,90.200005,-0.45,1.75,0.0146699995,96530.305
2018-09-29 06:00:00,1,291.80002,375,0,8e-6,97.4,-0.96,1.56,0.013549999,96530.32
2018-09-29 12:00:00,1,290.2,379,1,1.77e-4,97.9,-1.61,0.45999998,0.012279999,96754.27
2018-09-29 18:00:00,1,291.30002,378,171,1.34e-4,83.3,-1.43,-1.26,0.01115,96921.52
2018-09-30 00:00:00,1,286.2,355,157,5e-6,92.8,-0.26999998,-1.1999999,0.008959999,96993.7
2018-09-30 06:00:00,1,282.7,297,0,0,95,-1.56,-0.31,0.00725,97121.31
2018-09-30 12:00:00,1,280.7,276,4,0,95.4,-1.43,-0.52,0.0063799997,97147.586
2018-09-30 18:00:00,1,293,287,573,0,51.100002,-0.31,-1.09,0.0076599997,96952.86
2018-10-01 00:00:00,1,284.9,315,351,0,83,0.79999995,-1.04,0.00734,96773.695
2018-10-01 06:00:00,1,280.6,305,0,0,94.5,-0.84,-0.19,0.00627,96779.97
2018-10-01 12:00:00,1,280.9,286,4,0,94.5,-1.42,0.82,0.0064,96920.02
2018-10-01 18:00:00,1,291,286,571,0,47.9,-1.9499999,-0.28,0.00635,96924.414
2018-10-02 00:00:00,1,282.5,294,355,0,87.6,-1.3,-0.59999996,0.00661,96957.25
2018-10-02 06:00:00,1,279,274,0,0,94.200005,-1.23,-0.71999997,0.00561,97128.586
2018-10-02 12:00:00,1,278.1,269,4,0,95.700005,-0.31,-0.19999999,0.00532,97265.63
2018-10-02 18:00:00,1,294,286,567,0,48.9,0.52,-0.07,0.00777,97160.32
2018-10-03 00:00:00,1,284,304,348,0,86.6,1.3399999,-1.02,0.00722,97086.87
2018-10-03 06:00:00,1,280.6,289,0,0,94.200005,1.09,0.79999995,0.0062499996,97220.13
2018-10-03 12:00:00,1,281,285,4,0,94.1,0.01,1.27,0.00641,97271.58
2018-10-03 18:00:00,1,295.6,309,550,0,49.2,1.02,0.47,0.00864,97126.43
2018-10-04 00:00:00,1,286.2,330,334,0,87.1,1.3399999,-0.91999996,0.00839,97039.31
2018-10-04 06:00:00,1,283.5,310,0,0,93.9,1.12,1.09,0.00756,97085.93
2018-09-18 06:00:00,2,292,9999e17,9999e17,9999e17,97.700005,0.42,1.81,0.0138799995,95981.15
2018-09-18 12:00:00,2,292.4,384,5,2.8e-5,97.8,-0.55,2.6499999,0.014289999,95951.39
2018-09-18 18:00:00,2,298.9,391,471,3e-6,61.600002,-4.39,3.37,0.01339,96027.93
2018-09-19 00:00:00,2,294.6,374,373,0,79.200005,-2.1,1.77,0.013259999,96028.555
2018-09-19 06:00:00,2,290.80002,346,0,0,95.5,-1.4,1.79,0.012569999,96152.08
2018-09-19 12:00:00,2,290.30002,334,7,0,94.200005,-1.31,1.6999999,0.011969999,96289.26
2018-09-19 18:00:00,2,303.1,358,600,0,42.8,-1.56,-0.37,0.01181,96380.305
2018-09-20 00:00:00,2,292.2,374,395,0,88.9,0.35999998,-1.11,0.01272,96368.45
2018-09-20 06:00:00,2,289.2,352,0,0,94.200005,0.38,-1.12,0.0111299995,96663.43
2018-09-20 12:00:00,2,290.6,340,7,0,95.4,0.77,0.38,0.01225,96874.23
2018-09-20 18:00:00,2,301.5,361,592,0,53.7,2.48,-0.61,0.013409999,96935.414
2018-09-21 00:00:00,2,294.1,377,386,0,91.9,2,-0.34,0.01473,96842.96
2018-09-21 06:00:00,2,290.80002,351,0,0,98.5,1.4,1.22,0.01287,96926.17
2018-09-21 12:00:00,2,289.9,335,7,0,98.4,0.84999996,1.66,0.01212,96966.76
2018-09-21 18:00:00,2,301,342,603,0,47,2.79,1.01,0.01146,96782.43
2018-09-22 00:00:00,2,293.1,352,396,0,83.200005,2.29,0.78,0.01253,96709.37
2018-09-22 06:00:00,2,289.7,331,0,0,90.8,0.42,2.21,0.01107,96717.24
2018-09-22 12:00:00,2,290.5,338,7,0,86.700005,-0.68,1.7199999,0.01114,96720.266
2018-09-22 18:00:00,2,304.7,373,583,3e-6,49.600002,0.66999996,0.07,0.01505,96565.2
2018-09-23 00:00:00,2,294.30002,392,358,5.8999998e-5,87.700005,1.5699999,0.98999995,0.01428,96529.71
2018-09-23 06:00:00,2,291.2,363,0,0,95,0.71999997,1.49,0.0127799995,96489.85
2018-09-23 12:00:00,2,290.2,344,6,0,98.3,0.69,-0.22,0.01236,96531.375
2018-09-23 18:00:00,2,299,364,533,1e-6,57.4,3.32,-0.07,0.01244,96395.96
2018-09-24 00:00:00,2,293,368,364,0,87.5,2.1499999,0.12,0.01318,96288.74
2018-09-24 06:00:00,2,291,358,0,0,97.700005,1.55,1.1999999,0.012949999,96384.69
2018-09-24 12:00:00,2,291,363,4,0,97.9,1.4499999,1.17,0.012949999,96398.24
2018-09-24 18:00:00,2,300.9,371,542,2e-6,58.100002,4,1.1,0.01411,96374.42
2018-09-25 00:00:00,2,294.32,385,355,9.4e-5,96.5,2.05,0.19,0.01577,96409.23
2018-09-25 06:00:00,2,293.79,388,0,3.95e-4,98.6,1.8299999,1.17,0.015559999,96663.85
2018-09-25 12:00:00,2,293.1,388,5,3e-6,99.3,0.97999996,1.29,0.01495,96696.77
2018-09-25 18:00:00,2,302.80002,386,534,4.9e-5,54.4,2.03,0.24,0.01475,96766.83
2018-09-26 00:00:00,2,295.1,396,344,2.21e-4,91.6,1.67,0.47,0.01565,96886.15
2018-09-26 06:00:00,2,293.6,381,0,1e-6,98.9,1.61,0.53,0.01536,96977.52
2018-09-26 12:00:00,2,292.6,388,4,7e-6,99.1,0.7,-0.06,0.01442,97443.664
2018-09-26 18:00:00,2,299.4,393,443,5.8999998e-5,77.5,1.74,-0.87,0.01704,97158.45
2018-09-27 00:00:00,2,294.5,388,329,1.92e-4,95.9,0.90999997,-1.24,0.01565,97347.75
2018-09-27 06:00:00,2,292.80002,394,0,9e-6,98.8,1.05,-0.07,0.014579999,97052.164
2018-09-27 12:00:00,2,293,387,3,6e-6,98.200005,1.1999999,0.07,0.01464,97345.74
2018-09-27 18:00:00,2,297.9,397,304,1.1e-5,73.1,2.33,0.59,0.01475,96996.79
2018-09-28 00:00:00,2,293.9,383,295,6e-6,92.1,1.89,-0.07,0.014599999,96737.62
2018-09-28 06:00:00,2,292,362,0,1e-6,98.9,1.6999999,0.47,0.013959999,96500.28
2018-09-28 12:00:00,2,292.7,397,2,9e-6,97.3,1.67,0.58,0.01445,96029.836
2018-09-28 18:00:00,2,298.7,401,346,2.5e-5,70.3,2.61,1.75,0.01499,96349.31
2018-09-29 00:00:00,2,292.9,396,274,7.67e-4,96,-0.32,2.04,0.01444,95774.414
2018-09-29 06:00:00,2,287.5,380,0,5.13e-4,95.4,-1.48,2.01,0.01012,96255.36
2018-09-29 12:00:00,2,285,361,1,1.29e-4,95.5,-1.87,1.15,0.00866,96140.125
2018-09-29 18:00:00,2,291.80002,313,502,2e-6,45.9,-1.8499999,0.22,0.00642,96453.13
2018-09-30 00:00:00,2,283.1,296,362,0,80.200005,-1.01,-0.17,0.00628,96717.445
2018-09-30 06:00:00,2,280.47998,274,0,0,85.700005,-1.36,0.66999996,0.00567,96652.27
2018-09-30 12:00:00,2,279.6,265,5,0,90.8,-1.3299999,0.48,0.00562,97140.18
2018-09-30 18:00:00,2,293.2,281,580,0,45.600002,0.06,-0.81,0.00689,96701.98
2018-10-01 00:00:00,2,283.94998,300,358,0,81.3,1.1999999,-1.1,0.00676,97007.53
2018-10-01 06:00:00,2,278.72998,285,0,0,94.200005,0.17,0.48999998,0.0055,96961.45
2018-10-01 12:00:00,2,280.30002,278,5,0,94.4,-1.12,0.45999998,0.00616,97075.414
2018-10-01 18:00:00,2,293.80002,292,576,0,43.2,-0.42,-1.5999999,0.0068099997,97039.18
2018-10-02 00:00:00,2,285,305,357,0,86.5,0.96999997,-1.55,0.0077299997,97017.78
2018-10-02 06:00:00,2,278.5,285,0,0,96.200005,0.34,-0.59999996,0.00554,97114.37
2018-10-02 12:00:00,2,279.6,270,5,0,96.200005,-1.09,-0.14999999,0.006,96980.15
2018-10-02 18:00:00,2,293.7,288,573,0,45.7,0.69,-1.4499999,0.00714,96882.58
2018-10-03 00:00:00,2,284.6,309,350,0,90.8,0.04,-1.4499999,0.00796,96659.77
2018-10-03 06:00:00,2,281.5,297,0,0,94.9,-1.03,0.089999996,0.00683,96568.36
2018-10-03 12:00:00,2,283.30002,296,4,0,93.700005,-1.4399999,0.72999996,0.0074799997,96831.95
2018-10-03 18:00:00,2,297.2,314,558,0,46.4,-0.95,-1.14,0.009,96579.125
2018-10-04 00:00:00,2,286.6,328,342,0,89.3,-0.29,-1.5,0.008979999,96665.195
2018-10-04 06:00:00,2,285.1,308,0,0,94.5,-1.73,-0.32999998,0.00854,96671.016
2018-09-18 06:00:00,3,292.5,9999e17,9999e17,9999e17,96.700005,0.35999998,3.3999999,0.0141199995,96065.23
2018-09-18 12:00:00,3,292.5,376,4,1.6e-5,97,-1.15,2.71,0.014219999,96089.6
2018-09-18 18:00:00,3,298.9,397,357,3.3e-5,61.7,-3.9399998,3.29,0.01337,96088.18
2018-09-19 00:00:00,3,294.9,374,389,0,76.3,-2.05,1.87,0.012929999,96063.19
2018-09-19 06:00:00,3,291.2,347,0,0,91.1,-1.43,1.91,0.01229,96189.86
2018-09-19 12:00:00,3,290.7,336,7,0,93.1,-1.23,1.8,0.01213,96317.555
2018-09-19 18:00:00,3,303.2,359,601,0,40.600002,-2.1299999,0.26,0.011279999,96376.15
2018-09-20 00:00:00,3,294.6,379,395,0,77.8,-1.5799999,-0.7,0.01291,96394.71
2018-09-20 06:00:00,3,288.9,356,0,0,96,-0.53999996,-0.87,0.0111,96715.73
2018-09-20 12:00:00,3,290.4,337,7,0,95.6,0.28,0.45999998,0.012139999,96876.65
2018-09-20 18:00:00,3,301.5,360,592,0,52.9,1.66,-1.04,0.01323,96962.6
2018-09-21 00:00:00,3,293.2,373,386,0,89.200005,1.64,-0.95,0.01353,96930.805
2018-09-21 06:00:00,3,289.9,345,0,0,98.1,1.5,0.63,0.01203,97095.49
2018-09-21 12:00:00,3,289.7,334,6,0,99.5,0.95,1.06,0.01205,97149.37
2018-09-21 18:00:00,3,300.6,349,592,0,51.3,2.4299998,0.099999994,0.012209999,96959.49
2018-09-22 00:00:00,3,293.2,365,387,0,92.200005,2.01,0.22999999,0.013959999,96795.766
2018-09-22 06:00:00,3,290.30002,343,0,0,97.9,0.65999997,1.8499999,0.012399999,96787.64
2018-09-22 12:00:00,3,289.80002,332,7,0,91.4,-1.15,1.54,0.01122,96833.95
2018-09-22 18:00:00,3,303.7,357,594,0,42.9,0.81,-0.83,0.01227,96664.71
2018-09-23 00:00:00,3,294.80002,374,382,0,76.8,2.2,0.14,0.01292,96573.56
2018-09-23 06:00:00,3,290.6,351,0,0,90.9,0.9,1.73,0.01174,96527.11
2018-09-23 12:00:00,3,289.9,332,6,0,89.700005,0.01,1.67,0.01109,96582.24
2018-09-23 18:00:00,3,302.6,360,582,0,46.9,1.62,-0.16,0.01261,96549.586
2018-09-24 00:00:00,3,294.30002,379,367,0,80.1,1.8299999,0,0.013049999,96572.89
2018-09-24 06:00:00,3,290,358,0,0,93.8,-0.58,1.0699999,0.011659999,96579.46
2018-09-24 12:00:00,3,291,348,6,0,89.8,-1.62,0.71,0.01189,96763.43
2018-09-24 18:00:00,3,301,366,564,0,52.8,0.42,-3.1299999,0.01286,96792.81
2018-09-25 00:00:00,3,294.1,375,350,0,87,-0.41,-2.1399999,0.01395,96878.2
2018-09-25 06:00:00,3,293,400,0,2e-5,97.700005,-0.82,-1.99,0.01462,96980.04
2018-09-25 12:00:00,3,292.2,408,0,1.08e-4,98.3,-1.56,-1.9399999,0.01399,97140.23
2018-09-25 18:00:00,3,294.30002,406,93,1.07e-4,94.3,-0.77,-2.61,0.015319999,97024.055
2018-09-26 00:00:00,3,292.80002,409,35,5.8e-5,97.700005,-1.24,-1.23,0.0144299995,97031.71
2018-09-26 06:00:00,3,292.4,407,0,6.9e-5,98.6,-0.65,-2.02,0.01421,96995.25
2018-09-26 12:00:00,3,292,404,1,6.7e-5,98.700005,-1.02,-0.84999996,0.0138799995,97155.555
2018-09-26 18:00:00,3,298.7,401,322,1e-5,70,0.68,-1.0799999,0.01471,97109.33
2018-09-27 00:00:00,3,292.9,388,287,4e-6,94.9,1.1899999,-0.64,0.01413,96948.43
2018-09-27 06:00:00,3,289.9,359,0,0,97.700005,0.89,0.57,0.01205,97077.87
2018-09-27 12:00:00,3,290.80002,351,5,0,98.1,-0.03,0.95,0.01272,97072.69
2018-09-27 18:00:00,3,302.9,373,550,0,52.4,1.18,-0.22999999,0.014149999,97141.06
2018-09-28 00:00:00,3,294.4,388,331,2e-6,92.6,1.76,-0.08,0.015129999,97053.09
2018-09-28 06:00:00,3,292.30002,362,0,0,98.5,1.27,1.13,0.01406,96964.695
2018-09-28 12:00:00,3,291.7,359,4,0,99.200005,0.48,1.4499999,0.013619999,97446.805
2018-09-28 18:00:00,3,302.30002,373,553,0,52.5,1.8299999,0.32999998,0.01378,96780.7
2018-09-29 00:00:00,3,294.38,385,334,5.7e-5,91.3,1.75,0.89,0.014880000000000001,96955.516
2018-09-29 06:00:00,3,291.9,362,0,4e-6,98.200005,0.76,1.67,0.013719999,96614.875
2018-09-29 12:00:00,3,291.2,354,4,0,97.700005,0.19,1.61,0.0131,96687.67
2018-09-29 18:00:00,3,301.30002,370,546,2.1e-5,54.7,1.22,1.8199999,0.013599999,96546.71
2018-09-30 00:00:00,3,294.4,388,324,4e-5,89.9,1.37,1.35,0.01481,96154.12
2018-09-30 06:00:00,3,292.6,380,0,3.6e-5,97.4,0.38,1.5699999,0.0143,96404.62
2018-09-30 12:00:00,3,291.9,379,2,4.6e-5,98.6,0.29,1.64,0.0139,95982.74
2018-09-30 18:00:00,3,297,382,424,6e-6,58.8,-2.71,3.47,0.01132,96549.15
2018-10-01 00:00:00,3,289.6,349,319,0,66.4,-2.28,1.39,0.0080699995,96628.73
2018-10-01 06:00:00,3,284.9,319,0,1e-6,83.8,-1.54,0.47,0.0074400000000000004,96736.98
2018-10-01 12:00:00,3,283.5,351,0,5.5e-5,93.5,-1.65,-0.7,0.00756,96964.38
2018-10-01 18:00:00,3,283.6,348,106,6.3e-5,84.200005,-1.56,-1.4699999,0.0068099997,96938.87
2018-10-02 00:00:00,3,281.80002,341,53,1.16e-4,96.700005,-0.94,-1.27,0.00695,97168.086
2018-10-02 06:00:00,3,280.7,329,0,8e-5,97.5,-1.11,-0.96,0.00654,96834.38
2018-10-02 12:00:00,3,279.7,327,2,6.9e-5,96.6,-0.59999996,-1.64,0.0060199997,97111.89
2018-10-02 18:00:00,3,284.1,318,306,5.2e-5,63.4,-0.48999998,-2.21,0.00518,96799.02
2018-10-03 00:00:00,3,279.80002,286,329,0,72.700005,0.19999999,-1.52,0.00458,96701.74
2018-10-03 06:00:00,3,278.1,277,0,0,73.200005,-0.96,-1.13,0.00409,96707.766
2018-10-03 12:00:00,3,279.4,310,2,0,66.5,-1.4599999,-0.84999996,0.00409,96633.46
2018-10-03 18:00:00,3,284,340,213,3.9e-5,84.6,-1.63,-1.8199999,0.0071,96289.836
2018-10-04 00:00:00,3,283,354,83,8.6e-5,97.4,-2.3,-0.65999997,0.0076499996,96262.766
2018-10-04 06:00:00,3,283.6,363,0,2.5e-5,98.3,-2.22,0.22,0.00809,96051.516
2018-09-18 06:00:00,4,291.80002,9999e17,9999e17,9999e17,96.200005,0.97999996,2.24,0.01349,96067.77
2018-09-18 12:00:00,4,292.5,377,6,1e-5,97.1,-1.01,2.9199998,0.014219999,96094.77
2018-09-18 18:00:00,4,298.80002,395,453,2e-6,62,-4.42,2.95,0.013379999,96109.375
2018-09-19 00:00:00,4,294.6,373,370,0,79.5,-1.88,1.79,0.013289999,96072.336
2018-09-19 06:00:00,4,291,346,0,0,94.200005,-1.3,1.86,0.01253,96190.37
2018-09-19 12:00:00,4,290.80002,338,7,0,94.4,-1.28,1.75,0.0123499995,96387.47
2018-09-19 18:00:00,4,303.7,359,601,0,42.3,-1.3199999,-0.57,0.012139999,96473.54
2018-09-20 00:00:00,4,292.4,383,393,0,88.4,0.71,-0.45999998,0.0127799995,96425.64
2018-09-20 06:00:00,4,291.2,359,0,0,91.200005,-0.59,-1.55,0.0122,96688.77
2018-09-20 12:00:00,4,290.7,348,7,0,99,0.19,-0.35,0.0128,96871.6
2018-09-20 18:00:00,4,301.4,363,588,0,55.8,2.12,-0.53,0.0139,96921.35
2018-09-21 00:00:00,4,294.5,380,384,0,90.9,1.86,-0.96,0.01492,96839.9
2018-09-21 06:00:00,4,290.7,354,0,0,98.1,1.27,1.16,0.01267,96917.58
2018-09-21 12:00:00,4,290.30002,343,6,0,98.4,0.69,1.4699999,0.01242,96965.74
2018-09-21 18:00:00,4,300.80002,351,594,0,51.3,2.9099998,0.68,0.01237,96775.31
2018-09-22 00:00:00,4,293.80002,365,388,0,88.6,2.21,0.63,0.01401,96643.12
2018-09-22 06:00:00,4,290.6,343,0,0,96.6,0.53999996,2.1299999,0.01242,96671.19
2018-09-22 12:00:00,4,290.7,344,6,0,88.700005,-0.58,1.92,0.0115,96672.43
2018-09-22 18:00:00,4,302.30002,378,544,8e-6,58.2,-0.22,-0.29999998,0.01531,96698.875
2018-09-23 00:00:00,4,293.5,392,314,3.25e-4,95.700005,0.02,-2.56,0.0148,96750.6
2018-09-23 06:00:00,4,289.4,388,0,1.81e-4,96.9,-0.68,-2.3899999,0.011589999,96867.43
2018-09-23 12:00:00,4,287.1,382,1,3.5e-5,96.700005,-0.26999998,-0.97999996,0.00997,96716.89
2018-09-23 18:00:00,4,292.7,381,181,1.29e-4,94.3,0.14,-0.26999998,0.0139,96632.49
2018-09-24 00:00:00,4,290.4,382,100,8.3e-5,98.700005,-1.3399999,-0.61,0.01256,96738.984
2018-09-24 06:00:00,4,287.9,351,0,0,98.700005,-1.3399999,-0.61,0.01066,96990.12
2018-09-24 12:00:00,4,286.9,346,4,2e-6,98,-1.5,-0.38,0.00987,97348.555
2018-09-24 18:00:00,4,295.9,326,569,1e-6,51.8,-0.87,-2.36,0.00926,97239.81
2018-09-25 00:00:00,4,288.6,326,382,0,88.5,0.17,-2.12,0.0099599995,97382.414
2018-09-25 06:00:00,4,286.7,320,0,3e-6,95.9,-0.96999997,-1.8199999,0.00956,97411.29
2018-09-25 12:00:00,4,286.5,371,3,9e-6,95.700005,-1.7099999,-0.02,0.00937,97489.1
2018-09-25 18:00:00,4,296.30002,348,517,0,64.8,0.25,-1.92,0.01186,97210.87
2018-09-26 00:00:00,4,289.80002,366,264,3e-6,97.1,0.39,-1.41,0.01182,97064.6
2018-09-26 06:00:00,4,290.2,375,0,7e-6,97.9,-0.32999998,-0.32,0.0123,96998.375
2018-09-26 12:00:00,4,287.6,355,5,2e-6,98.4,-0.81,0.45999998,0.010439999,97136.52
2018-09-26 18:00:00,4,299.87,352,560,0,55.4,1.3299999,-0.22999999,0.01261,96823.35
2018-09-27 00:00:00,4,292.02,368,334,0,94.200005,1.74,-0.03,0.013289999,96761.56
2018-09-27 06:00:00,4,289.72,342,0,0,98,0.96999997,1.48,0.011969999,96587.58
2018-09-27 12:00:00,4,289.1,333,5,0,97.5,0.42,1.76,0.01141,96774.4
2018-09-27 18:00:00,4,300.4,356,557,0,54.600002,1.27,2.46,0.01287,96390.98
2018-09-28 00:00:00,4,293,383,332,5.5e-5,92.3,-0.34,1.64,0.01392,96487.62
2018-09-28 06:00:00,4,289.30002,361,0,1e-6,96.4,-0.65,0.84,0.011469999,96571.02
2018-09-28 12:00:00,4,289.9,354,4,6.4e-5,98.700005,0.22999999,-1,0.01224,96342.35
2018-09-28 18:00:00,4,294.4,395,179,2.65e-4,95.700005,1.54,-0.53,0.01565,96833.87
2018-09-29 00:00:00,4,290.7,385,188,2.14e-4,97.700005,-0.91999996,0.29999998,0.01272,96384.69
2018-09-29 06:00:00,4,288.6,344,0,8e-6,98.3,-1.1999999,1.05,0.01112,96798.9
2018-09-29 12:00:00,4,285.30002,312,4,0,98.1,-1.5,1.05,0.00897,96570.64
2018-09-29 18:00:00,4,296.2,311,566,0,46.8,-1.5799999,-0.06,0.00853,96944.72
2018-09-30 00:00:00,4,285.7,324,357,0,86.9,-0.26,-0.90999997,0.00813,96991.67
2018-09-30 06:00:00,4,284.6,306,0,0,96,0.81,-1.0699999,0.00839,96867.43
2018-09-30 12:00:00,4,286.5,339,2,8e-6,97,0.28,-1.43,0.00955,97280.945
2018-09-30 18:00:00,4,293,335,451,2e-6,54.8,0.48999998,-1.9,0.00818,96591.55
2018-10-01 00:00:00,4,287.1,323,348,0,83.8,0.77,-1.62,0.00863,96918.625
2018-10-01 06:00:00,4,286.30002,327,0,6e-6,94.200005,0.34,-1.02,0.00924,96383.125
2018-10-01 12:00:00,4,288.1,374,1,2.5e-5,97.8,1.3299999,-0.57,0.01079,96315.7
2018-10-01 18:00:00,4,292.9,392,138,2.7e-5,89.200005,2.78,0.35,0.0134,95980.375
2018-10-02 00:00:00,4,292,403,86,6.7e-5,98.3,0.59999996,1.04,0.01395,95948.49
2018-10-02 06:00:00,4,288.44998,382,0,9.6e-5,96.9,-1.55,1.22,0.0109399995,96549.25
2018-10-02 12:00:00,4,285.1,345,3,5e-6,96,-1.66,1.15,0.00868,96466.62
2018-10-02 18:00:00,4,293.7,335,462,2e-6,54.2,-1.73,-0.12,0.00845,97209.37
2018-10-03 00:00:00,4,284.68,316,344,0,90.4,-0.7,-1.03,0.007929999,97091.44
2018-10-03 06:00:00,4,282.19998,294,0,0,96.8,-0.089999996,-1.28,0.00715,97377.25
2018-10-03 12:00:00,4,282,311,3,1e-6,95.700005,-0.53999996,-1.36,0.0069399998,97899.37
2018-10-03 18:00:00,4,290.30002,299,540,0,55.3,0.52,-2.29,0.0069199996,97734.97
2018-10-04 00:00:00,4,284.03,309,338,0,77.700005,0.22999999,-1.5899999,0.00646,97800.695
2018-10-04 06:00:00,4,280.4,298,0,0,88.6,-0.66999996,-0.34,0.0057699997,97399
2018-09-18 06:00:00,5,292.30002,9999e17,9999e17,9999e17,96.8,-1.41,3.56,0.0139999995,95715.14
2018-09-18 12:00:00,5,292.6,384,4,2.7e-5,95.4,-1.11,4.19,0.01414,95409.266
2018-09-18 18:00:00,5,298.6,397,326,0,62,-4.5899997,4.5499997,0.013259999,95701.2
2018-09-19 00:00:00,5,294.6,372,374,0,75.6,-2.03,1.92,0.01267,95790.46
2018-09-19 06:00:00,5,291.7,346,0,0,92.6,-1.5,2.18,0.012929999,95945.164
2018-09-19 12:00:00,5,291.4,339,7,0,96,-1.5799999,1.89,0.01315,96079.5
2018-09-19 18:00:00,5,301.5,343,612,0,39.7,-2.1599998,-0.29,0.01002,96219.1
2018-09-20 00:00:00,5,289.9,356,402,0,88.1,-0.51,-0.66999996,0.010869999,96326.98
2018-09-20 06:00:00,5,287.4,332,0,0,93.200005,-0.95,-0.77,0.00983,96625.26
2018-09-20 12:00:00,5,289.4,326,7,0,94.5,-0.29999998,0.62,0.01124,96877.08
2018-09-20 18:00:00,5,300.80002,349,599,0,49.2,2.3,-0.59,0.011829999,96916.664
2018-09-21 00:00:00,5,293,363,392,0,86.9,2.04,-0.26,0.01303,96900.766
2018-09-21 06:00:00,5,289.7,338,0,0,97.6,1.3199999,1.3199999,0.011829999,97029.45
2018-09-21 12:00:00,5,289.1,325,7,0,96.5,1.27,1.38,0.011229999,97094.68
2018-09-21 18:00:00,5,299.9,337,603,0,51,3.05,0.68,0.01164,96934.4
2018-09-22 00:00:00,5,292.80002,356,391,0,91.4,2.19,0.62,0.01354,96835.7
2018-09-22 06:00:00,5,290.2,338,0,0,98,0.84999996,2.1399999,0.012329999,96854.54
2018-09-22 12:00:00,5,290.80002,348,6,0,93.4,-0.39999998,1.8499999,0.0122,96827.305
2018-09-22 18:00:00,5,301.7,380,556,1.4e-5,57.3,-1.26,0.65,0.014599999,96691.56
2018-09-23 00:00:00,5,293.30002,386,369,1.4e-4,94.700005,-0.48999998,-1.42,0.014509999,96688.35
2018-09-23 06:00:00,5,292.2,377,0,2.76e-4,99.4,-0.14999999,-0.98999995,0.014149999,96704.83
2018-09-23 12:00:00,5,291.4,379,6,9e-6,100,1.0799999,0.90999997,0.01354,96678.4
2018-09-23 18:00:00,5,297.7,372,561,2.58e-4,83.6,1.24,1.31,0.01677,96564.586
2018-09-24 00:00:00,5,292.80002,388,331,6.53e-4,96.9,-0.55,-0.95,0.01438,96578.9
2018-09-24 06:00:00,5,291.30002,394,0,0.001084,99.3,-1.29,-1.2099999,0.01334,96742.43
2018-09-24 12:00:00,5,290.2,397,1,8.9799997e-4,98.6,-1.8299999,-1.28,0.0123499995,97010.016
2018-09-24 18:00:00,5,293.30002,396,146,2.2e-5,84.200005,-0.78999996,-2.3,0.012809999,97105.18
2018-09-25 00:00:00,5,289.9,360,307,1e-6,96.6,0.29999998,-1.62,0.01189,97180.914
2018-09-25 06:00:00,5,288.80002,336,0,2e-6,98.6,-0.56,-1.16,0.011229999,97376.33
2018-09-25 12:00:00,5,287.6,360,4,9e-6,99.1,-0.78999996,-1.35,0.01043,97457.914
2018-09-25 18:00:00,5,295.30002,330,553,1e-6,58.3,0.45,-2.52,0.00999,97468.44
2018-09-26 00:00:00,5,289.1,334,373,0,96.200005,0.28,-1.88,0.011229999,97244.99
2018-09-26 06:00:00,5,289.5,371,0,1.8e-5,97.3,0.11,-1.11,0.01163,97057.31
2018-09-26 12:00:00,5,289.5,385,2,3e-5,98.4,-0.25,-0.48,0.011729999,97243.61
2018-09-26 18:00:00,5,295.30002,389,266,1.5e-5,77.9,1.4499999,0.14,0.0133299995,96990.91
2018-09-27 00:00:00,5,291.2,384,185,3e-6,95.700005,1.4499999,0.39999998,0.0127799995,96863.99
2018-09-27 06:00:00,5,289.30002,342,0,0,98.200005,0.58,1.64,0.0117,96598.4
2018-09-27 12:00:00,5,289,336,5,0,97.6,0.03,1.6899999,0.01138,96646.945
2018-09-27 18:00:00,5,300,357,559,0,56.600002,1.05,3.1299999,0.013049999,96381.336
2018-09-28 00:00:00,5,294,375,344,0,84.5,1.14,1.92,0.0135699995,96247.89
2018-09-28 06:00:00,5,291.6,362,0,0,88.200005,-0.81,2.1499999,0.01215,96392.945
2018-09-28 12:00:00,5,286.2,330,5,0,83.9,-1.62,1.37,0.008169999,96507.234
2018-09-28 18:00:00,5,293,304,577,0,40.7,-2.71,1.17,0.00611,96860.43
2018-09-29 00:00:00,5,285.80002,299,369,0,63.7,-1.64,0.89,0.00603,96873.445
2018-09-29 06:00:00,5,281.1,279,0,0,79.9,-1.5899999,0.19999999,0.00549,97358.18
2018-09-29 12:00:00,5,279.6,272,5,0,89.5,-1.11,0.16,0.0055299997,97116.97
2018-09-29 18:00:00,5,292.9,282,581,0,43.2,-0.049999997,1.14,0.00642,97279.586
2018-09-30 00:00:00,5,282.7,295,362,0,77.3,-1.24,0,0.00586,97181.484
2018-09-30 06:00:00,5,279.6,271,0,0,80.8,-1.54,-0.45,0.0049699997,97428.16
2018-09-30 12:00:00,5,278.2,266,4,0,95.3,-0.56,-0.45,0.00533,97607.555
2018-09-30 18:00:00,5,291.6,286,563,0,49.5,1.5699999,-0.16,0.00673,97373.49
2018-10-01 00:00:00,5,284.80002,307,348,0,82.4,1.5799999,-0.88,0.0072299996,97423.766
2018-10-01 06:00:00,5,281.30002,294,0,0,95,1.3299999,0.89,0.00661,97046.664
2018-10-01 12:00:00,5,282.7,311,3,0,90.200005,1.3299999,1.01,0.0069,97408.9
2018-10-01 18:00:00,5,292,351,312,1e-5,68.6,2.1499999,1.64,0.0095999995,96734.19
2018-10-02 00:00:00,5,289.30002,364,203,4e-6,90.1,1.78,0.71,0.01067,96637.086
2018-10-02 06:00:00,5,287.1,341,0,1e-6,93.6,1.6899999,1.89,0.00968,96510.94
2018-10-02 12:00:00,5,288.2,349,2,2e-6,85.4,2.1699998,2.53,0.009529999,96080.336
2018-10-02 18:00:00,5,294.6,377,298,1.11e-4,80.5,0,3.58,0.013169999,96272.74
2018-10-03 00:00:00,5,290.5,381,164,4.7e-5,93.9,-0.53999996,1.37,0.01212,95874.96
2018-10-03 06:00:00,5,288.1,359,0,0,96.5,0.07,1.48,0.0106,96417.266
2018-10-03 12:00:00,5,288,354,3,3e-5,97.5,0.52,0.08,0.01074,95923.43
2018-10-03 18:00:00,5,295.9,374,370,1.35e-4,80.700005,2.48,2.01,0.0145,95838.18
2018-10-04 00:00:00,5,289.6,385,182,4.65e-4,94.3,-2.47,1.86,0.01156,96031.62
2018-10-04 06:00:00,5,282.9,341,0,3.1e-5,94.4,-1.75,1.74,0.0074,96080.945
2018-09-18 06:00:00,6,292.4,9999e17,9999e17,9999e17,97.4,0.90999997,3.03,0.014219999,95995.77
2018-09-18 12:00:00,6,292.80002,384,5,9e-6,96.3,-1.35,3.06,0.014359999,95924.305
2018-09-18 18:00:00,6,299.1,395,461,2e-6,60.9,-4.31,2.75,0.0134,96031.54
2018-09-19 00:00:00,6,294.6,376,376,0,79.8,-1.78,1.6899999,0.0133299995,96031.85
2018-09-19 06:00:00,6,291.2,349,0,0,93.1,-1.3399999,1.93,0.01253,96141.81
2018-09-19 12:00:00,6,290.9,339,7,0,94.4,-1.27,1.68,0.012449999,96283.12
2018-09-19 18:00:00,6,303.1,358,601,0,42.8,-1.54,-0.59999996,0.01182,96377.89
2018-09-20 00:00:00,6,292.30002,376,394,0,88.9,0.79999995,-0.84,0.01284,96368.516
2018-09-20 06:00:00,6,289.5,353,0,0,93.9,-0.13,-1.27,0.01127,96662.04
2018-09-20 12:00:00,6,290.2,340,7,0,96.700005,0.5,-0.08,0.01215,96819.266
2018-09-20 18:00:00,6,300.9,359,591,0,55.600002,2.3899999,-0.59999996,0.01347,96889.016
2018-09-21 00:00:00,6,294,377,385,0,91,1.92,-0.77,0.01454,96796.14
2018-09-21 06:00:00,6,290.4,349,0,0,98.200005,1.4499999,1.12,0.012449999,96883.18
2018-09-21 12:00:00,6,289.6,332,7,0,98,0.85999995,1.53,0.011849999,96963.664
2018-09-21 18:00:00,6,300.4,342,601,0,50.8,2.87,0.90999997,0.01193,96769.49
2018-09-22 00:00:00,6,293.1,359,391,0,90.3,2.25,0.52,0.01366,96586.695
2018-09-22 06:00:00,6,290.1,337,0,0,97.6,1.0799999,2.1,0.012209999,96619.95
2018-09-22 12:00:00,6,290.30002,339,6,0,89.6,-0.58,1.88,0.01131,96654.65
2018-09-22 18:00:00,6,298.80002,372,571,1.08e-4,77.5,-1.06,-0.81,0.0166,96583.48
2018-09-23 00:00:00,6,293.30002,397,244,5.92e-4,97,-0.14,-2.34,0.014819999,96618.13
2018-09-23 06:00:00,6,290.6,401,0,0.001962,98.200005,-1.18,-2.87,0.01263,96658.1
2018-09-23 12:00:00,6,287.1,386,1,5.88e-4,98.200005,-1.5999999,-1.75,0.0101,96750.49
2018-09-23 18:00:00,6,292.30002,379,225,7.6e-5,88.4,0.03,-1.35,0.012739999,96603.88
2018-09-24 00:00:00,6,290.9,396,75,4.33e-4,99.200005,0.06,-0.75,0.01304,96651.06
2018-09-24 06:00:00,6,291.4,393,0,4.4e-5,98.6,-0.64,1.36,0.013429999,96644.516
2018-09-24 12:00:00,6,290.1,348,6,4e-6,98.6,-1.0699999,1.56,0.01229,96904.914
2018-09-24 18:00:00,6,299.7,351,584,0,51.7,-2.31,0.31,0.01163,96876.516
2018-09-25 00:00:00,6,290.7,362,374,0,91.1,-1.2099999,-0.48999998,0.01181,96974.79
2018-09-25 06:00:00,6,290.6,370,0,2.1e-5,96.4,-0.89,-3.02,0.01234,97312.15
2018-09-25 12:00:00,6,285.2,369,1,3e-5,95.4,-0.32,-2.6599998,0.008549999,97689.96
2018-09-25 18:00:00,6,289.4,332,418,6e-6,58.600002,-0.79999995,-2.56,0.0069299997,97729.75
2018-09-26 00:00:00,6,283.9,304,374,0,82,0.13,-1.8,0.00676,97680.12
2018-09-26 06:00:00,6,279.9,284,0,0,97.1,-0.39,-0.96,0.0061,97684.555
2018-09-26 12:00:00,6,283.30002,326,3,4e-6,91.8,0.02,-0.29999998,0.00726,97658.45
2018-09-26 18:00:00,6,291.2,356,303,5e-6,70.9,1.9699999,-0.29,0.00942,97613.805
2018-09-27 00:00:00,6,287.4,370,197,2e-6,95.700005,0.98999995,-0.45,0.00998,97422.875
2018-09-27 06:00:00,6,287.2,337,0,4e-6,97.700005,1.0799999,-0.38,0.01004,97455.66
2018-09-27 12:00:00,6,289.6,387,2,2.3e-5,99.200005,1.62,-0.24,0.0119199995,97268.555
2018-09-27 18:00:00,6,294.1,398,210,1.6e-5,85.9,2.34,0.22999999,0.01366,97213.48
2018-09-28 00:00:00,6,292.4,402,116,1e-5,96.5,1.4699999,-0.13,0.01385,96974.76
2018-09-28 06:00:00,6,292.2,401,0,2.3e-5,99.1,1.67,0.099999994,0.014079999,96826.51
2018-09-28 12:00:00,6,292,398,3,1.7e-5,99.3,1.52,0.53999996,0.0139999995,96883.75
2018-09-28 18:00:00,6,296.5,402,287,1.4e-5,81.3,2.8,0.65999997,0.01509,96506.43
2018-09-29 00:00:00,6,293.6,403,144,1e-5,96.9,1.91,0.049999997,0.01511,96554.69
2018-09-29 06:00:00,6,293.30002,401,0,1.5e-5,97.8,1.91,0.7,0.015009999,96285.85
2018-09-29 12:00:00,6,292.4,393,2,7.8e-5,99.1,0.5,1.52,0.01428,96621.38
2018-09-29 18:00:00,6,298,395,328,3.1e-5,70,-0.53,1.62,0.01432,96420.945
2018-09-30 00:00:00,6,292.4,388,259,1.45e-4,94.4,-1.4499999,-0.81,0.0136899995,96457.93
2018-09-30 06:00:00,6,290.80002,385,0,1.41e-4,98.200005,-0.57,-1.4,0.012809999,96719.25
2018-09-30 12:00:00,6,288.4,377,3,3.3e-5,99,-0.59,-0.72999996,0.0111299995,96503.484
2018-09-30 18:00:00,6,293.9,381,263,1.6e-5,75.1,-0.55,-1.7199999,0.01182,97142.94
2018-10-01 00:00:00,6,289.9,391,78,2.7e-5,94.8,-0.77,-1.35,0.01176,96498.48
2018-10-01 06:00:00,6,288,355,0,1.3e-5,98.200005,0.48,-1.62,0.01066,96987.016
2018-10-01 12:00:00,6,285.4,362,3,2.6e-5,97.1,-0.03,-1.4699999,0.008959999,96611.96
2018-10-01 18:00:00,6,291.80002,341,400,5e-6,66.9,1.4499999,-1.0799999,0.00933,96576.52
2018-10-02 00:00:00,6,287.5,365,192,4e-6,96.4,1,-0.96999997,0.01023,96167.945
2018-10-02 06:00:00,6,287.57,364,0,9e-5,98.700005,0.06,-0.65999997,0.01057,95840.5
2018-10-02 12:00:00,6,287.4,373,0,9.24e-4,98.3,-1.51,0.77,0.010439999,95701.055
2018-10-02 18:00:00,6,286,369,59,9.84e-4,95.5,-2.77,1.56,0.00923,95554.74
2018-10-03 00:00:00,6,284.41998,324,180,2.6e-5,83.3,-1.8199999,1.5799999,0.00726,95966.72
2018-10-03 06:00:00,6,278.71,264,0,0,90.1,-1.54,1.42,0.00533,95779.484
2018-10-03 12:00:00,6,276.6,246,4,0,92.700005,-1.26,1.18,0.00469,96206.04
2018-10-03 18:00:00,6,291.9,264,583,0,41.5,-0.04,1.12,0.00588,95783.96
2018-10-04 00:00:00,6,280.46,286,356,0,86.9,0.34,0.75,0.00579,95896.836
2018-10-04 06:00:00,6,280.08,269,0,0,81.9,-0.83,1.74,0.00532,95799.766
2018-09-18 06:00:00,7,292.1,9999e17,9999e17,9999e17,96.1,-1.56,3.6499999,0.01375,95783.98
2018-09-18 12:00:00,7,292.7,382,4,1.1e-5,92.700005,-1.79,4.56,0.01383,95416.836
2018-09-18 18:00:00,7,299.5,371,551,1e-6,56,-4.73,4.72,0.0126,95717.73
2018-09-19 00:00:00,7,294.30002,367,397,0,78.200005,-1.78,1.77,0.01284,95818.24
2018-09-19 06:00:00,7,291.4,346,0,0,97.4,-1.14,2.04,0.0133,95988.57
2018-09-19 12:00:00,7,291.5,340,7,0,94.8,-1.7199999,2.12,0.0130199995,96149.79
2018-09-19 18:00:00,7,302.5,358,600,0,46.5,-2.3,0.56,0.01244,96281.9
2018-09-20 00:00:00,7,294,380,393,0,86.700005,-1.55,0.25,0.0138799995,96368.9
2018-09-20 06:00:00,7,290.4,357,0,0,96,-0.85999995,-1.3399999,0.01227,96618.836
2018-09-20 12:00:00,7,290.4,341,7,0,96.8,0.08,0.04,0.012329999,96867.47
2018-09-20 18:00:00,7,301.4,365,587,0,56.2,2.32,-0.29,0.013979999,96878.555
2018-09-21 00:00:00,7,294.80002,384,376,3e-6,89.700005,2.1,-0.06,0.015059999,96791.15
2018-09-21 06:00:00,7,291.9,358,0,0,99.1,1.8499999,1.16,0.01389,96888.56
2018-09-21 12:00:00,7,291.1,351,6,0,98.8,1.15,1.75,0.0131399995,96814.14
2018-09-21 18:00:00,7,301.6,358,589,0,51.4,3.1299999,1.5999999,0.01298,96588.09
2018-09-22 00:00:00,7,295.80002,378,385,0,79.9,2.6599998,1.25,0.0143099995,96500.27
2018-09-22 06:00:00,7,292.2,364,0,0,94.6,0.64,2.12,0.013499999,96550.445
2018-09-22 12:00:00,7,292.30002,359,6,0,92.700005,-0.44,1.91,0.01334,96655.95
2018-09-22 18:00:00,7,299.2,383,557,1.8e-4,83.700005,-0.19999999,-0.53999996,0.01831,96651.305
2018-09-23 00:00:00,7,293.5,406,256,6.7e-4,97.4,0.48999998,-2.6399999,0.01511,96777.03
2018-09-23 06:00:00,7,288.80002,397,0,2.68e-4,97.3,-0.37,-2.02,0.011179999,96892.44
2018-09-23 12:00:00,7,288,383,2,2.7e-5,97.3,0.14,-0.91999996,0.01059,96988.19
2018-09-23 18:00:00,7,294.80002,393,209,1.4e-5,81.200005,1.54,-0.03,0.01361,96906.49
2018-09-24 00:00:00,7,292.5,406,143,3.9e-5,97.200005,0.93,-0.90999997,0.01413,96749.15
2018-09-24 06:00:00,7,292.2,400,0,0.00064899999999999995,99.3,1.61,-0.13,0.014149999,96788.74
2018-09-24 12:00:00,7,292,392,2,3.26e-4,99,0.51,1.3399999,0.01394,96883.19
2018-09-24 18:00:00,7,298,394,271,6.3e-5,77.3,-0.95,-0.31,0.01577,96966.39
2018-09-25 00:00:00,7,292.80002,397,197,6.7e-5,96.8,-0.38,-1.0699999,0.0143,96983.516
2018-09-25 06:00:00,7,290.2,376,0,4e-6,98.1,0.96999997,-0.11,0.01231,97098.94
2018-09-25 12:00:00,7,291.2,359,5,4e-6,99,0.94,0.93,0.01323,97157.97
2018-09-25 18:00:00,7,300.2,365,564,4e-6,58.9,3.22,-0.11,0.01364,97094.15
2018-09-26 00:00:00,7,294.13,382,356,7e-6,91.5,2.03,0.14,0.01466,97146.18
2018-09-26 06:00:00,7,291.53,364,0,0,98.4,1.42,1.13,0.01342,97035.75
2018-09-26 12:00:00,7,291.9,366,5,1e-6,98.4,0.72999996,1.4499999,0.01371,97389.7
2018-09-26 18:00:00,7,302.30002,379,536,1e-6,56.5,0.65999997,1.29,0.01476,97180.664
2018-09-27 00:00:00,7,295.46,393,340,1e-6,87.700005,1.9,0.45,0.01526,97157.37
2018-09-27 06:00:00,7,292.9,370,0,0,98.200005,0.61,1.64,0.014599999,97090.336
2018-09-27 12:00:00,7,292.4,366,5,0,97.4,0.06,1.66,0.0139999995,97301.96
2018-09-27 18:00:00,7,302.9,384,545,0,53.7,-0.87,1.5,0.014599999,96947.76
2018-09-28 00:00:00,7,294.80002,400,323,1e-6,89.1,0.29999998,1.18,0.0148599995,96854.21
2018-09-28 06:00:00,7,293.1,376,0,0,93.4,-0.19,1.43,0.01406,97103.86
2018-09-28 12:00:00,7,292.7,370,4,0,95.700005,-0.52,1.04,0.01406,96842.8
2018-09-28 18:00:00,7,302.30002,386,545,2.8e-5,58,2.21,0.58,0.015199999,97136.2
2018-09-29 00:00:00,7,295.1,395,330,1.4e-5,89.9,1.4399999,0.72999996,0.0154099995,96589.89
2018-09-29 06:00:00,7,293.1,373,0,0,98.200005,1.38,1.4,0.014769999,96785.26
2018-09-29 12:00:00,7,292.1,364,4,0,98.5,0.48999998,1.62,0.013909999,96814.04
2018-09-29 18:00:00,7,301.5,382,536,2e-5,61.7,0.55,1.7099999,0.01548,96648.2
2018-09-30 00:00:00,7,295.2,391,330,8e-5,92.8,1.18,1.35,0.01588,96781.85
2018-09-30 06:00:00,7,292.4,369,0,0,97.9,1.09,1.51,0.0142,96336.305
2018-09-30 12:00:00,7,291.2,353,4,0,98,0.96999997,1.55,0.013069999,96945.805
2018-09-30 18:00:00,7,300.80002,362,549,0,57.7,2.1699998,1.88,0.01394,96225.14
2018-10-01 00:00:00,7,294.6,384,337,2e-5,87.9,1.55,0.9,0.01452,96873.945
2018-10-01 06:00:00,7,291.7,368,0,5e-6,98.200005,1.1899999,1.1899999,0.01366,96214.37
2018-10-01 12:00:00,7,291.30002,356,4,8e-6,99,1.06,1.37,0.0133299995,96762.36
2018-10-01 18:00:00,7,298.4,382,465,6.5e-5,75.200005,1.7099999,0.01,0.01574,96509.31
2018-10-02 00:00:00,7,293,379,311,5.09e-4,94.700005,0.63,-1.68,0.01418,96736.48
2018-10-02 06:00:00,7,289.6,381,0,4.01e-4,97.6,-1.29,-2.9199998,0.011779999,96886.44
2018-10-02 12:00:00,7,286.4,380,1,2.18e-4,97.8,-1.55,-2.18,0.00963,96890.47
2018-10-02 18:00:00,7,288.6,378,125,9.4e-5,96.200005,-1.29,-2.1599998,0.01089,97099.75
2018-10-03 00:00:00,7,287.4,380,96,5.2e-5,97.5,-1.13,-1.64,0.01022,97026.016
2018-10-03 06:00:00,7,286.25,370,0,3.9e-5,98.6,-1.26,-0.97999996,0.00955,97189.83
2018-10-03 12:00:00,7,286.28,375,1,2.5e-5,98.6,-0.84999996,-0.68,0.0095999995,96926.6
2018-10-03 18:00:00,7,291.7,384,187,1.3e-5,85.700005,0.39999998,-0.65999997,0.0117999995,97008.555
2018-10-04 00:00:00,7,289.41,393,96,1.1e-5,94.6,0.45999998,-0.56,0.01132,96676.33
2018-10-04 06:00:00,7,285.74,368,0,3e-6,97.5,0.65,0.66999996,0.0091699995,96767.75
2018-09-18 06:00:00,8,292.4,9999e17,9999e17,9999e17,96.4,-1.62,4.74,0.014049999,95699.49
2018-09-18 12:00:00,8,292.9,387,2,2.1e-5,91.5,-2.6599998,5.1099997,0.013839999,95316.8
2018-09-18 18:00:00,8,299.4,383,516,0,58,-4.93,4.89,0.01297,95692.23
2018-09-19 00:00:00,8,294.2,366,396,0,78.3,-1.79,1.89,0.0127799995,95835.055
2018-09-19 06:00:00,8,291.2,345,0,0,96.200005,-1.0699999,2.19,0.01301,96009.74
2018-09-19 12:00:00,8,291.30002,336,7,0,95.200005,-1.8199999,2.04,0.01287,96191.086
2018-09-19 18:00:00,8,301.80002,336,618,0,34.8,-2.18,-0.58,0.00892,96385.23
2018-09-20 00:00:00,8,291,348,405,0,75.1,0.93,-1.31,0.009939999,96513.47
2018-09-20 06:00:00,8,285.4,326,0,0,93,0.37,-0.55,0.00856,96762.836
2018-09-20 12:00:00,8,288.30002,317,7,0,93.4,0.35999998,0.87,0.01038,96973.56
2018-09-20 18:00:00,8,300.1,336,603,0,43.9,2.35,-0.87,0.0101,96989.35
2018-09-21 00:00:00,8,291.2,345,396,0,83.700005,2.07,-0.32,0.01121,96957.25
2018-09-21 06:00:00,8,287.9,320,0,0,97.1,1.3,1.67,0.0105,97047.2
2018-09-21 12:00:00,8,287.1,305,7,0,93.3,0.58,1.93,0.0095999995,96996.99
2018-09-21 18:00:00,8,300.6,341,598,0,50.5,2.54,0.9,0.01206,96692.27
2018-09-22 00:00:00,8,294.30002,375,383,0,85.9,1.9599999,1.09,0.013979999,96626.375
2018-09-22 06:00:00,8,292,368,0,7e-6,97.1,0.22,2.1599998,0.0136899995,96722.75
2018-09-22 12:00:00,8,291.80002,361,6,0,96.1,-0.63,1.6899999,0.013359999,96752.516
2018-09-22 18:00:00,8,299.1,379,552,6.1e-5,71.200005,-1.4599999,-0.75,0.01548,96728.95
2018-09-23 00:00:00,8,292.9,389,343,3.48e-4,97.3,-0.07,-3,0.014529999,96805.96
2018-09-23 06:00:00,8,288,391,0,4.33e-4,96.9,-0.72999996,-1.91,0.01052,96928.51
2018-09-23 12:00:00,8,286.7,375,2,5.5e-5,97.9,-0.71,-1.05,0.00979,97005.77
2018-09-23 18:00:00,8,291.4,379,211,3.6e-5,89.700005,0.89,-1.17,0.012139999,96795.37
2018-09-24 00:00:00,8,291.4,399,76,1.03e-4,98.4,1.01,-1.39,0.013359999,96547.414
2018-09-24 06:00:00,8,291.6,397,0,3.43e-4,99.3,2.01,0.02,0.01371,96420.87
2018-09-24 12:00:00,8,291.6,391,1,1.68e-4,98.9,0.52,1.0699999,0.01359,96630.12
2018-09-24 18:00:00,8,295.30002,392,152,2.14e-4,91.6,-0.38,-0.90999997,0.015829999,96746.96
2018-09-25 00:00:00,8,292.9,391,197,8.6e-5,98.8,-0.77,-1.5699999,0.0146699995,96887.4
2018-09-25 06:00:00,8,291.4,408,0,4e-5,98.200005,-2.05,-1.05,0.0133299995,96968.48
2018-09-25 12:00:00,8,290.5,390,5,1.5e-5,98.6,-2.3899999,0.11,0.0125899995,97063.87
2018-09-25 18:00:00,8,295.6,389,329,7e-6,81.3,-3.1999998,-1.91,0.01426,97064.875
2018-09-26 00:00:00,8,291.93,402,120,1.9e-5,96.9,-2.1699998,-0.17,0.01353,97151.73
2018-09-26 06:00:00,8,291.6,397,0,3.4e-5,98.8,-1.77,0.21,0.01354,97139.51
2018-09-26 12:00:00,8,291.6,395,2,1.8e-5,97.8,-1.16,-0.25,0.013309999,97371.66
2018-09-26 18:00:00,8,299.5,397,330,1.4e-5,68.5,0.42,-1.09,0.015079999,97258.16
2018-09-27 00:00:00,8,292.81,387,306,1e-6,95.4,1.01,-0.85999995,0.014099999,97151.08
2018-09-27 06:00:00,8,291.7,364,0,0,97.9,0.78,1.35,0.01352,97006.555
2018-09-27 12:00:00,8,291.9,363,5,0,98.1,-0.48,1.51,0.01364,97075.336
2018-09-27 18:00:00,8,302.4,387,521,2e-6,57.9,-1.4599999,0.93,0.01528,96868.2
2018-09-28 00:00:00,8,295.24,403,320,3.4e-5,90.1,0.53,1.53,0.015509999,96813.51
2018-09-28 06:00:00,8,293.15,375,0,0,96.8,-0.48999998,1.61,0.014629999,96898.54
2018-09-28 12:00:00,8,292.5,364,4,0,96.8,-1.01,1.31,0.01411,96782.46
2018-09-28 18:00:00,8,305.1,380,552,0,47.9,-0.65,0.42,0.01474,96964.83
2018-09-29 00:00:00,8,294.08,399,334,6.8e-5,87.200005,0.85999995,-0.13,0.013979999,96710.65
2018-09-29 06:00:00,8,293.1,380,0,2.7e-4,97.200005,-1.03,-1.27,0.01461,97266.64
2018-09-29 12:00:00,8,292.80002,396,2,5e-5,97.8,-0.48,-2.05,0.01442,97237.23
2018-09-29 18:00:00,8,291.5,404,98,6.2e-5,95.4,-0.63,-2.44,0.0128999995,97499.66
2018-09-30 00:00:00,8,287.7,389,75,2.1e-5,94.9,-1.14,-1.73,0.01005,97681.77
2018-09-30 06:00:00,8,287.5,376,0,2.3e-5,96.9,-0.44,-0.90999997,0.010179999,97443.75
2018-09-30 12:00:00,8,288.6,385,2,1.9e-5,97,-0.06,-0.38,0.0109399995,97384.11
2018-09-30 18:00:00,8,299.9,375,442,1e-6,62.100002,-0.34,0.65,0.0141199995,97091.55
2018-10-01 00:00:00,8,290.9,388,293,1.5e-5,92.6,0.04,-0.7,0.01218,97043.96
2018-10-01 06:00:00,8,291.4,379,0,6.4e-5,97.5,-0.87,-1.17,0.013169999,96920.055
2018-10-01 12:00:00,8,290,394,0,1.33e-4,98.200005,-0.17,-2.22,0.0121,97189.12
2018-10-01 18:00:00,8,289.9,390,121,5.4e-5,93.8,-0.01,-1.38,0.01157,96877.56
2018-10-02 00:00:00,8,290.30002,391,117,2.2e-5,96,0.83,-0.78,0.012139999,96920.47
2018-10-02 06:00:00,8,289.4,388,0,1.9e-5,98.700005,1.23,0.29999998,0.01181,96445.336
2018-10-02 12:00:00,8,289.80002,377,2,9e-6,98.5,1.49,0.82,0.012089999,96563.66
2018-10-02 18:00:00,8,297.30002,387,389,2.4e-5,73.5,2.8999999,1.81,0.01447,96088.445
2018-10-03 00:00:00,8,293.1,390,210,1.12e-4,97.8,1.65,0.64,0.01485,95999.56
2018-10-03 06:00:00,8,291.9,391,0,5.37e-4,98.5,1.05,0.71,0.01389,96215.48
2018-10-03 12:00:00,8,290.2,384,3,7.9e-5,99,-0.74,1.11,0.01258,95901.914
2018-10-03 18:00:00,8,297.2,364,457,1.5e-5,66.200005,-0.65999997,-1.28,0.01289,96654.19
2018-10-04 00:00:00,8,289.9,364,272,5.3e-5,97.1,-0.19,-1.48,0.012089999,96038.55
2018-10-04 06:00:00,8,290.9,386,0,3.2e-5,98.9,0.22,-1.51,0.012929999,97052.336
2018-09-18 06:00:00,9,292,9999e17,9999e17,9999e17,97.9,0.17,1.88,0.013859999,95979.18
2018-09-18 12:00:00,9,292.9,377,6,5e-6,94.8,-2.35,3.51,0.01425,95972.49
2018-09-18 18:00:00,9,300,376,566,0,57,-4.75,3,0.01321,96099.58
2018-09-19 00:00:00,9,294.5,368,400,0,81.200005,-1.81,1.65,0.01347,96114.31
2018-09-19 06:00:00,9,291.1,351,0,0,95.4,-1.25,1.7199999,0.012739999,96223.516
2018-09-19 12:00:00,9,290.6,335,7,0,94.200005,-1.31,1.61,0.01218,96332.625
2018-09-19 18:00:00,9,303.4,357,602,0,42.8,-1.0799999,-0.93,0.0120399995,96449.27
2018-09-20 00:00:00,9,292.7,379,392,0,89.200005,0.84,-0.93,0.013189999,96413.44
2018-09-20 06:00:00,9,288.6,357,0,0,93.700005,0.48,-0.31,0.01064,96664.555
2018-09-20 12:00:00,9,291,345,7,0,93.8,0.95,-0.16,0.01241,96824.76
2018-09-20 18:00:00,9,302,365,588,0,52,2.22,-0.38,0.01339,96896.74
2018-09-21 00:00:00,9,294.80002,381,384,0,88.700005,2.03,-0.65999997,0.01485,96823.125
2018-09-21 06:00:00,9,291.30002,356,0,0,98.6,1.5,0.77,0.013239999,97011.14
2018-09-21 12:00:00,9,291.2,359,5,1e-6,97.700005,1.04,1.18,0.01306,97061.58
2018-09-21 18:00:00,9,300.30002,362,561,1e-6,54.4,2.9299998,0.37,0.012689999,96897.5
2018-09-22 00:00:00,9,293.30002,365,388,0,89.700005,2.1399999,0.34,0.01375,96741.336
2018-09-22 06:00:00,9,290.30002,339,0,0,97.8,0.87,2.1599998,0.01234,96701.8
2018-09-22 12:00:00,9,290.30002,337,7,0,91.3,-0.31,1.9499999,0.01157,96699.016
2018-09-22 18:00:00,9,301.5,368,582,2.4e-5,58.600002,-0.58,1.25,0.014699999,96602.42
2018-09-23 00:00:00,9,294.4,391,361,8.9e-5,89.4,-0.39,1.49,0.014629999,96573.33
2018-09-23 06:00:00,9,292.1,383,0,4.81e-4,98.9,-1.81,-1.1899999,0.014029999,96715.45
2018-09-23 12:00:00,9,288.1,394,1,3.46e-4,97,-1.26,-2.6699998,0.01065,97015.24
2018-09-23 18:00:00,9,287.80002,373,146,2.17e-4,92.8,-1.5699999,-1.8499999,0.009939999,97129.46
2018-09-24 00:00:00,9,287.5,364,146,1.7e-5,91.5,-1.11,-1.06,0.00963,97122.98
2018-09-24 06:00:00,9,287.2,381,0,3.5e-5,97.4,-1.13,-0.48,0.010059999,97089.38
2018-09-24 12:00:00,9,288,381,1,1.15e-4,98.6,-0.96,-0.65999997,0.010679999,97163.63
2018-09-24 18:00:00,9,291.7,393,97,6.5e-5,95.8,0.32999998,-0.83,0.01315,97187.14
2018-09-25 00:00:00,9,291,395,118,1.2e-5,98.5,1.26,-0.38,0.01297,97097.99
2018-09-25 06:00:00,9,291.30002,397,0,7e-6,98,1.23,0.5,0.013189999,97094.88
2018-09-25 12:00:00,9,291.30002,381,4,4e-6,98.6,0.96,0.90999997,0.013239999,97203.83
2018-09-25 18:00:00,9,297.5,404,256,1.1e-5,72.5,1.89,0.87,0.01428,97035.836
2018-09-26 00:00:00,9,293.4,393,258,1e-6,97.200005,1.8,0.17999999,0.01487,97012.836
2018-09-26 06:00:00,9,292.2,369,0,1e-6,99.1,1.24,1.63,0.014149999,96971.37
2018-09-26 12:00:00,9,291.4,361,5,0,98.9,0.03,1.53,0.013359999,97034.125
2018-09-26 18:00:00,9,303.4,380,550,8e-6,55.8,0.74,0.12,0.015559999,96987.87
2018-09-27 00:00:00,9,294.77,393,337,5.6e-5,94.4,1.5899999,0.59999996,0.015789999,96810.71
2018-09-27 06:00:00,9,292.6,370,0,0,98.5,1.3299999,1.14,0.01442,96813.586
2018-09-27 12:00:00,9,291.7,362,5,0,99,0.59999996,1.43,0.0137,96732.15
2018-09-27 18:00:00,9,301.4,377,547,4.2e-5,62.9,1.26,1.13,0.01568,96713.52
2018-09-28 00:00:00,9,295.00998,397,306,3.2e-5,94.6,1.8,0.11,0.016099999,96518.74
2018-09-28 06:00:00,9,292.68,371,0,0,99,1.22,1.16,0.01462,96418.33
2018-09-28 12:00:00,9,292.30002,378,4,2e-6,98.1,0.97999996,1.52,0.01409,96666.97
2018-09-28 18:00:00,9,300.2,391,475,1.3e-5,63.100002,1.66,1.86,0.01471,96275.02
2018-09-29 00:00:00,9,293.61,405,240,1.78e-4,94.9,-1.4399999,1.65,0.014839999,96571.45
2018-09-29 06:00:00,9,288.1,373,0,1.28e-4,96.6,-2,0.65,0.010679999,96697.61
2018-09-29 12:00:00,9,285,371,2,2.58e-4,96.8,-1.5799999,-2.74,0.008669999,96994.79
2018-09-29 18:00:00,9,286.1,361,168,3.1e-5,79,-0.89,-1.9799999,0.00758,97095.52
2018-09-30 00:00:00,9,285.7,365,163,3e-6,72.8,0.03,-1.09,0.00685,96738.32
2018-09-30 06:00:00,9,282.4,348,0,1e-6,80.8,-0.08,-0.62,0.0060699997,96924.46
2018-09-30 12:00:00,9,284.30002,342,1,3e-6,79.200005,0.12,0.79999995,0.00683,96171.66
2018-09-30 18:00:00,9,293.7,370,275,1.2e-5,67.8,-0.89,1.39,0.01066,96523.46
2018-10-01 00:00:00,9,289.1,372,214,2e-6,78.3,-1.61,1.09,0.00921,96243.21
2018-10-01 06:00:00,9,285.2,343,0,7e-6,81.8,-1.22,0.94,0.0075,96421.52
2018-10-01 12:00:00,9,283.9,358,1,1.6e-4,96.3,-1.11,0.72999996,0.0080699995,96641.43
2018-10-01 18:00:00,9,289.2,342,292,3.1e-5,64.1,-1.63,1.66,0.0075999997,96321.69
2018-10-02 00:00:00,9,284.30002,305,264,0,62.5,-2.7,1.87,0.00537,96693.97
2018-10-02 06:00:00,9,278.7,262,0,0,85.3,-1.4699999,1.48,0.00499,96533.31
2018-10-02 12:00:00,9,276.80002,248,5,0,91.9,-1.38,1.23,0.00469,96716.93
2018-10-02 18:00:00,9,289.7,260,580,0,39.5,-1.7099999,0.51,0.0047999998,96745.484
2018-10-03 00:00:00,9,278.07,280,358,0,87.3,-0.29,-0.35,0.0049099997,96214.55
2018-10-03 06:00:00,9,275.80002,264,0,0,89.6,0.089999996,-0.02,0.00427,96801.34
2018-10-03 12:00:00,9,276.77,258,4,0,92.1,0.57,0.53,0.00474,95999.19
2018-10-03 18:00:00,9,292.80002,276,578,0,40.8,1.5699999,0.17999999,0.0060799997,96493.14
2018-10-04 00:00:00,9,282.55,294,354,0,86,1.65,0.19,0.00661,95826.305
2018-10-04 06:00:00,9,281.02,277,0,0,79.200005,-0.63,1.89,0.0054699997,96001.12
2018-09-18 06:00:00,10,292.4,9999e17,9999e17,9999e17,98.200005,0.88,1.89,0.01426,95976.49
2018-09-18 12:00:00,10,292.7,383,5,1.6e-5,97,-1.03,2.97,0.014389999,95966.77
2018-09-18 18:00:00,10,298.80002,395,359,3.1e-5,63.4,-4.44,3.36,0.01368,96013.6
2018-09-19 00:00:00,10,294.7,375,370,0,79.4,-2.08,2.08,0.013379999,95977.97
2018-09-19 06:00:00,10,291.2,350,0,0,95.200005,-1.41,1.87,0.01286,96130.055
2018-09-19 12:00:00,10,290.7,337,7,0,94.4,-1.24,1.8299999,0.0123,96254.49
2018-09-19 18:00:00,10,303,358,601,0,42.3,-2.24,-0.08,0.01162,96356.35
2018-09-20 00:00:00,10,293.1,379,393,4e-6,90.1,-0.88,-0.85999995,0.01365,96328.31
2018-09-20 06:00:00,10,288.7,354,0,0,95.1,0.13,-1.03,0.01084,96669.836
2018-09-20 12:00:00,10,290.1,336,7,0,95.200005,0.48,-0.04,0.011899999,96833.35
2018-09-20 18:00:00,10,300.80002,358,591,0,54.8,2.25,-0.59,0.013189999,96929.99
2018-09-21 00:00:00,10,293.7,375,385,0,89.5,1.91,-0.65999997,0.01399,96857.31
2018-09-21 06:00:00,10,290.1,347,0,0,98.3,1.52,0.85999995,0.01227,96971.42
2018-09-21 12:00:00,10,289.4,330,7,0,98.8,1.05,1.4399999,0.0117999995,96996.164
2018-09-21 18:00:00,10,300.5,340,603,0,49.7,2.8,0.71,0.01174,96841.46
2018-09-22 00:00:00,10,292.9,353,395,0,86.5,2.22,0.7,0.01294,96679.87
2018-09-22 06:00:00,10,289.5,331,0,0,95.5,0.17,2.18,0.01148,96680.74
2018-09-22 12:00:00,10,289.6,325,7,0,85.6,-0.82,1.8199999,0.01034,96731.39
2018-09-22 18:00:00,10,303,361,578,0,48.600002,-0.32,1.29,0.013379999,96554.34
2018-09-23 00:00:00,10,293.2,392,358,4e-6,91.6,0.37,1.13,0.01394,96514.08
2018-09-23 06:00:00,10,292.2,370,0,1.6e-5,93.200005,-0.82,1.49,0.013309999,96518.7
2018-09-23 12:00:00,10,292,360,6,2.5e-5,97,-1.37,0.75,0.01373,96589.35
2018-09-23 18:00:00,10,299.30002,377,533,1.43e-4,75.3,0.48999998,-0.88,0.01666,96570.68
2018-09-24 00:00:00,10,291.80002,388,328,9.8e-5,94,0.35,-0.41,0.01309,96652.5
2018-09-24 06:00:00,10,290.2,371,0,1.1e-5,96.200005,0.90999997,-0.22,0.01213,96668.3
2018-09-24 12:00:00,10,292.2,362,4,0,95.6,0.29999998,0.91999996,0.013619999,96780.48
2018-09-24 18:00:00,10,300,389,439,2e-6,59.5,2.23,0.14999999,0.01371,96805.35
2018-09-25 00:00:00,10,293,396,187,2e-6,93.700005,1.31,-0.03,0.01402,96835.71
2018-09-25 06:00:00,10,290.7,352,0,0,96.5,0.96,1.4599999,0.01251,96894.016
2018-09-25 12:00:00,10,290.6,341,6,0,95.9,0.35,1.26,0.01232,97091.125
2018-09-25 18:00:00,10,301.1,361,569,0,51.600002,2.53,-0.22,0.012619999,96944.375
2018-09-26 00:00:00,10,294.1,377,360,0,86.8,2.01,-0.08,0.0139,96897.016
2018-09-26 06:00:00,10,291.30002,358,0,0,96.8,1.17,1.2099999,0.012999999,96978.21
2018-09-26 12:00:00,10,291.2,356,5,0,98.1,0.07,1.18,0.0131,97092.28
2018-09-26 18:00:00,10,303.9,379,554,0,52.100002,0.9,0.08,0.015,97061.414
2018-09-27 00:00:00,10,295.30002,396,333,0,89.700005,1.8399999,0.07,0.01552,96811.836
2018-09-27 06:00:00,10,292.9,368,0,0,97.5,1.11,1.36,0.01449,96993.02
2018-09-27 12:00:00,10,292.4,363,5,0,98.700005,0.47,1.38,0.014239999,96885.23
2018-09-27 18:00:00,10,302.80002,384,545,1e-6,55.8,1.6899999,1.18,0.0150999995,96822.914
2018-09-28 00:00:00,10,295.85,401,331,3e-6,89.3,1.41,1.16,0.01595,96790.89
2018-09-28 06:00:00,10,293.2,373,0,0,98.700005,1.4599999,1.25,0.01504,96558.9
2018-09-28 12:00:00,10,292.2,363,4,0,98.700005,0.97999996,1.8199999,0.014099999,96896.53
2018-09-28 18:00:00,10,301.80002,376,544,1e-6,53.8,1.0799999,3.3799999,0.013809999,96213.42
2018-09-29 00:00:00,10,295.86,392,334,1.3e-5,79.4,0.68,1.79,0.014219999,96665.914
2018-09-29 06:00:00,10,292.65,386,0,4.1e-5,96.8,-0.04,1.64,0.014269999,96228.64
2018-09-29 12:00:00,10,291.30002,386,2,1.56e-4,97.700005,-1.6999999,0.25,0.01315,96906.78
2018-09-29 18:00:00,10,290.1,386,107,5.7699997e-4,95.700005,-0.76,-2.57,0.011949999,96871.81
2018-09-30 00:00:00,10,287.36,380,94,5.4e-5,96.9,0.17999999,-1.79,0.0101499995,96755.33
2018-09-30 06:00:00,10,286.30002,377,0,4.5e-5,97.8,0.24,-1.54,0.009509999,97301.59
2018-09-30 12:00:00,10,285.4,372,1,3.2e-5,97.8,-0.07,-0.88,0.00904,96403.95
2018-09-30 18:00:00,10,293.4,374,217,1.7e-5,77.4,-0.06,-0.14,0.01184,97335.305
2018-10-01 00:00:00,10,289,387,159,2.9e-5,97,-0.55,-0.52,0.011399999,95988.24
2018-10-01 06:00:00,10,288.4,377,0,3.08e-4,97.3,-1.48,0.88,0.010869999,96761.44
2018-10-01 12:00:00,10,285.30002,363,2,2.31e-4,97.9,-1.36,0.83,0.009,96424.76
2018-10-01 18:00:00,10,292.5,309,545,2e-6,49,-1.9599999,1,0.00715,96552.29
2018-10-02 00:00:00,10,284.30002,296,358,0,73.9,-1.31,1.02,0.0063199997,96696.93
2018-10-02 06:00:00,10,281,276,0,0,79.3,-1.15,1.22,0.00545,96306.85
2018-10-02 12:00:00,10,279.9,266,5,0,83,-1.22,0.83,0.00527,96940.586
2018-10-02 18:00:00,10,293.80002,286,575,0,41.8,1.42,0.089999996,0.0066,96210.34
2018-10-03 00:00:00,10,285.7,305,352,0,75.8,1.7099999,-0.76,0.00707,96813.21
2018-10-03 06:00:00,10,280.4,292,0,0,92.8,-0.089999996,0.64,0.0061399997,96353.44
2018-10-03 12:00:00,10,282.2,297,4,0,91.200005,-0.35999998,0.59,0.00684,96189.71
2018-10-03 18:00:00,10,297.2,322,544,0,44.7,-1.0699999,-0.81,0.00868,96417.164
2018-10-04 00:00:00,10,286.2,345,264,0,92.4,0.65999997,-0.57,0.00904,95873.48
2018-10-04 06:00:00,10,286.30002,336,0,0,89.5,-1.66,0.01,0.00881,96261.9
2018-09-18 06:00:00,11,292.2,9999e17,9999e17,9999e17,97.4,0.79999995,2,0.01402,95868.28
2018-09-18 12:00:00,11,292.80002,382,6,3e-6,95.4,-2.06,3.29,0.0143099995,95704.625
2018-09-18 18:00:00,11,300.1,382,543,0,55.2,-4.2799997,3.53,0.0128999995,95855.44
2018-09-19 00:00:00,11,294.80002,368,400,0,78.1,-2.11,1.51,0.01318,95911.75
2018-09-19 06:00:00,11,291.30002,349,0,0,96.3,-0.97999996,1.9799999,0.01308,96055.99
2018-09-19 12:00:00,11,291.1,339,7,0,95.4,-1.38,1.9799999,0.0128,96220.42
2018-09-19 18:00:00,11,303,356,602,0,44.5,-2.03,0.04,0.0122299995,96370.836
2018-09-20 00:00:00,11,292,380,394,0,90,-0.53,-0.12,0.01275,96396.15
2018-09-20 06:00:00,11,289.4,359,0,0,94.3,-0.51,-0.84999996,0.01127,96614.46
2018-09-20 12:00:00,11,291.1,346,7,0,93.8,1.11,0.14,0.01251,96835.87
2018-09-20 18:00:00,11,301.9,367,589,0,53.3,2.9399998,0.28,0.013719999,96859.336
2018-09-21 00:00:00,11,295,382,385,0,88,2.22,0.08,0.014939999,96781.24
2018-09-21 06:00:00,11,291.5,353,0,0,98.6,1.8,1.36,0.0134499995,96866.08
2018-09-21 12:00:00,11,290.4,333,7,0,97.8,1.12,1.9499999,0.01246,96853.555
2018-09-21 18:00:00,11,302,352,598,0,47.4,2.9199998,1.4,0.01225,96631.15
2018-09-22 00:00:00,11,295,368,389,0,79.700005,2.98,1.04,0.01353,96502.81
2018-09-22 06:00:00,11,292.4,353,0,0,85,1.78,2.51,0.012279999,96476.82
2018-09-22 12:00:00,11,291.2,352,6,0,92,0.71999997,1.89,0.012379999,96414.12
2018-09-22 18:00:00,11,302.30002,383,547,5e-6,53.7,1.78,2.97,0.01423,96226.37
2018-09-23 00:00:00,11,294.80002,399,321,1.68e-4,92.8,0.29,2.2,0.01567,96328.7
2018-09-23 06:00:00,11,292.1,366,0,0,97.4,-1.05,2.05,0.01389,96404.93
2018-09-23 12:00:00,11,290.2,351,4,0,97.1,-1.63,1.5699999,0.012259999,96584.586
2018-09-23 18:00:00,11,298.4,355,468,0,46.9,-1.41,-0.53,0.0098,96702.305
2018-09-24 00:00:00,11,292,370,246,0,83.6,0.32,-1.93,0.011779999,96804.73
2018-09-24 06:00:00,11,288.7,369,0,1e-6,86.6,-0.22,-1.7199999,0.0098399995,97111.516
2018-09-24 12:00:00,11,285,319,6,0,91.700005,-1.3199999,-0.61,0.00816,97324.305
2018-09-24 18:00:00,11,296.1,319,590,0,51.7,1.36,-1.6999999,0.00938,97208.62
2018-09-25 00:00:00,11,290.30002,350,369,0,89.9,1.65,-0.78,0.01132,97149.44
2018-09-25 06:00:00,11,290.4,373,0,1.4e-5,96.1,1.3399999,0.12,0.012209999,97146.52
2018-09-25 12:00:00,11,290.6,378,3,5e-6,96.8,1.22,0.53,0.012399999,97191.05
2018-09-25 18:00:00,11,299.2,382,451,1e-6,63.4,1.3299999,0.34,0.01385,97114.87
2018-09-26 00:00:00,11,293.7,399,256,1e-5,93.6,1.89,-0.01,0.01459,97048.32
2018-09-26 06:00:00,11,291.5,366,0,0,98.700005,1.4,1.02,0.01344,97106.836
2018-09-26 12:00:00,11,291.2,361,5,0,99,0.85999995,1.1,0.01316,97412.41
2018-09-26 18:00:00,11,302.1,377,550,0,54.9,1.37,0.81,0.01418,97249.875
2018-09-27 00:00:00,11,294.9,399,299,1e-6,86.8,1.79,-0.06,0.01457,97226.664
2018-09-27 06:00:00,11,291.80002,366,0,0,98,1.1999999,1.16,0.0135699995,96967.6
2018-09-27 12:00:00,11,291.4,356,5,0,97.4,0.22999999,1.43,0.013119999,97358.67
2018-09-27 18:00:00,11,302.4,377,551,0,53.7,1.87,0.69,0.014169999,96950.02
2018-09-28 00:00:00,11,295.7,396,330,0,84.200005,1.76,0.62,0.0149,96989.18
2018-09-28 06:00:00,11,292.6,370,0,0,97.6,0.53999996,1.7099999,0.01423,97141.85
2018-09-28 12:00:00,11,291.80002,362,4,0,97.1,0.24,1.53,0.01351,96756.375
2018-09-28 18:00:00,11,301.5,377,546,2.5e-5,59.600002,0.79999995,1.68,0.01492,97087.88
2018-09-29 00:00:00,11,294.7,390,327,1.3e-5,88.700005,1.74,0.75,0.01483,96495.18
2018-09-29 06:00:00,11,292.11,363,0,0,98.700005,1.62,1.18,0.0139999995,96821.99
2018-09-29 12:00:00,11,291.4,357,4,0,97.3,1.5999999,1.9799999,0.01327,96139.555
2018-09-29 18:00:00,11,298.30002,380,488,2.7e-5,68,-0.59,4.91,0.014149999,96383.21
2018-09-30 00:00:00,11,288.6,375,208,7e-5,82.700005,-1.9399999,1.93,0.00937,96601.72
2018-09-30 06:00:00,11,285,346,0,9e-6,86.5,-1.54,1.1899999,0.00782,96320.61
2018-09-30 12:00:00,11,283.2,321,3,0,80.8,-1.48,0.76,0.00642,97439.78
2018-09-30 18:00:00,11,292.7,307,477,0,46,0.39,-0.78,0.0067499997,96142.61
2018-10-01 00:00:00,11,284,300,346,0,79.3,0.81,-1.4399999,0.0066,97403.016
2018-10-01 06:00:00,11,279.6,275,0,0,92.9,-0.58,-1.31,0.00581,96414.78
2018-10-01 12:00:00,11,280,280,4,0,85.700005,-1.38,-1.49,0.00542,97447.01
2018-10-01 18:00:00,11,288.30002,309,458,0,49.5,-0.71,-2.54,0.00549,96567.336
2018-10-02 00:00:00,11,283.6,339,226,2.4e-5,80.6,-0.74,-1.8,0.0065599997,96701.37
2018-10-02 06:00:00,11,281.6,355,0,5.6e-5,93.3,-2.35,-1.4399999,0.0066299997,96821.54
2018-10-02 12:00:00,11,281.6,355,0,1.05e-4,97.6,-3.1699998,-1.17,0.0069999998,95961.805
2018-10-02 18:00:00,11,286.30002,362,137,2e-5,89.700005,-3.47,-2.6599998,0.00881,96408.81
2018-10-03 00:00:00,11,286.1,372,77,2.9e-5,93.8,-3.25,-1.1999999,0.00913,95579.37
2018-10-03 06:00:00,11,286.30002,362,0,1.3e-5,95.9,-2.35,-0.34,0.0094,96061.47
2018-10-03 12:00:00,11,284.9,337,4,3e-6,98.5,-1.1999999,1.25,0.00885,95680.336
2018-10-03 18:00:00,11,299.30002,337,540,0,51.7,-0.65999997,0.82,0.01148,96044.414
2018-10-04 00:00:00,11,288.6,368,266,0,89.4,1.0699999,0.68,0.01021,95798.086
2018-10-04 06:00:00,11,287.9,334,0,0,91.5,-0.13,2.01,0.010009999,95882.41
2018-09-18 06:00:00,12,291.9,9999e17,9999e17,9999e17,97.9,0.24,1.55,0.0138,96011.375
2018-09-18 12:00:00,12,292.6,379,6,1.3e-5,96.8,-1.0799999,3.1599998,0.01423,96064.5
2018-09-18 18:00:00,12,299.1,400,373,3e-6,62.4,-4.25,3.3899999,0.0136899995,96106.305
2018-09-19 00:00:00,12,294.9,374,373,0,78.8,-2.25,2.1499999,0.01337,96122.84
2018-09-19 06:00:00,12,291.1,345,0,0,96.3,-1.48,1.79,0.01287,96255.68
2018-09-19 12:00:00,12,290.6,335,7,0,94.5,-1.1899999,1.7199999,0.01222,96333.305
2018-09-19 18:00:00,12,303.9,360,601,0,42.100002,-1.54,-0.24,0.01219,96415.78
2018-09-20 00:00:00,12,294.2,382,394,0,78.1,0.56,-1.49,0.01266,96402.4
2018-09-20 06:00:00,12,290.1,362,0,0,94.6,0.57,-0.90999997,0.011829999,96694.93
2018-09-20 12:00:00,12,291.5,349,7,0,96,0.84,-0.32999998,0.013069999,96873.086
2018-09-20 18:00:00,12,302.2,368,589,0,52.9,2.33,-0.03,0.013789999,96882.84
2018-09-21 00:00:00,12,294.9,384,385,8e-6,92.700005,2.08,-0.61,0.0156,96843.85
2018-09-21 06:00:00,12,292,364,0,0,98.9,1.51,0.78999996,0.01387,96992.414
2018-09-21 12:00:00,12,292.1,381,3,5e-6,96.3,1.42,1.27,0.01363,97065.18
2018-09-21 18:00:00,12,301.1,380,510,2e-6,54.8,2.8799999,0.88,0.013429999,96905.234
2018-09-22 00:00:00,12,294.1,372,386,0,92,2.19,0.29,0.014769999,96744.39
2018-09-22 06:00:00,12,291.30002,352,0,0,98,0.65,2.1,0.013169999,96765.54
2018-09-22 12:00:00,12,291.2,351,5,0,93.200005,-0.78999996,1.79,0.01244,96809.92
2018-09-22 18:00:00,12,301.1,380,523,0,48.9,-2.35,-0.099999994,0.012,96813.23
2018-09-23 00:00:00,12,292.7,381,332,0,84.9,0.83,-1.28,0.01251,96834
2018-09-23 06:00:00,12,292.5,384,0,5.8999998e-5,98.5,-0.17,-1.63,0.01426,96883.5
2018-09-23 12:00:00,12,290,401,1,1.17999996e-4,97.4,-0.34,-1.76,0.01208,97047.836
2018-09-23 18:00:00,12,293.1,392,178,3.3e-5,82,-0.53999996,-1.3199999,0.01237,97000.15
2018-09-24 00:00:00,12,290.7,394,175,7e-6,97.3,0.22999999,-1.05,0.01263,96929.56
2018-09-24 06:00:00,12,291.30002,391,0,4.5e-5,98.4,0.08,-0.55,0.01325,96884.24
2018-09-24 12:00:00,12,291.7,401,3,1.45e-4,98.200005,0.17999999,-0.83,0.013479999,97077.72
2018-09-24 18:00:00,12,298,409,264,1.6e-5,74.4,1.51,-0.04,0.01514,97018.96
2018-09-25 00:00:00,12,292.80002,383,329,3.21e-4,96.3,1.36,-0.64,0.01418,97050.836
2018-09-25 06:00:00,12,291,366,0,2.4e-5,98.4,0.7,1.06,0.01292,97173.84
2018-09-25 12:00:00,12,290.7,354,5,3e-6,99,0.049999997,-0.099999994,0.012809999,97307.27
2018-09-25 18:00:00,12,297.30002,385,461,9.3e-5,85.8,1.67,-1.05,0.01666,97252.1
2018-09-26 00:00:00,12,292.91,383,313,2.68e-4,96.5,0.16,-1.39,0.0143099995,97291.055
2018-09-26 06:00:00,12,292.4,381,0,7.7e-5,97.9,0.42,-1.14,0.01409,97284.69
2018-09-26 12:00:00,12,292.4,402,2,9.6e-5,99,0.03,-1.4499999,0.01416,97553.94
2018-09-26 18:00:00,12,296.4,404,220,4.2e-5,83,0.71999997,-1.51,0.01521,97514.98
2018-09-27 00:00:00,12,292.85,382,278,1.06e-4,97.1,0.28,-1.55,0.0143,97570.914
2018-09-27 06:00:00,12,292.47998,400,0,4.5e-5,99,0.35,-1.09,0.014269999,97437.71
2018-09-27 12:00:00,12,292.1,397,3,2.2e-5,98.4,0.78,-0.78999996,0.01389,97517.24
2018-09-27 18:00:00,12,296.1,407,207,2.1e-5,81.200005,1.43,-0.22999999,0.01461,97362.336
2018-09-28 00:00:00,12,292.9,397,207,6e-6,92.200005,1.26,-0.38,0.013669999,97208.49
2018-09-28 06:00:00,12,291.16,363,0,0,97.8,1.25,1,0.01301,97165.29
2018-09-28 12:00:00,12,291.4,366,3,3e-6,98.700005,1.13,0.53999996,0.01332,96972.78
2018-09-28 18:00:00,12,298.2,396,388,1.3e-5,66.6,2.53,1.22,0.01371,96808.69
2018-09-29 00:00:00,12,292.86,381,280,7e-6,95.4,1.79,0.25,0.01425,96224.16
2018-09-29 06:00:00,12,291.9,375,0,4e-6,98.200005,1.54,0.98999995,0.013789999,96288.47
2018-09-29 12:00:00,12,290.9,367,3,2e-6,96.5,2.01,2.06,0.01284,95909.055
2018-09-29 18:00:00,12,295,386,369,9e-5,85.9,-1.28,2.45,0.01471,95980.93
2018-09-30 00:00:00,12,287.99,373,84,1.6e-4,91,-1.8199999,1.41,0.01002,96159.984
2018-09-30 06:00:00,12,284.22998,321,0,0,94.1,-1.54,0.75,0.00806,96464.84
2018-09-30 12:00:00,12,281.88998,298,4,0,96.200005,-1.42,0.34,0.0070399996,96561.77
2018-09-30 18:00:00,12,293.00998,294,560,0,45.7,-1.09,-1.18,0.00682,96734.43
2018-10-01 00:00:00,12,284.05,303,360,0,82.9,0.64,-1.36,0.00697,96727.6
2018-10-01 06:00:00,12,279.75998,282,0,0,93.200005,-0.89,-0.78,0.00585,96976.68
2018-10-01 12:00:00,12,280.68,272,5,0,89.200005,-1.78,-0.03,0.0059499997,97062.99
2018-10-01 18:00:00,12,292.36,288,577,0,44.8,-0.48999998,-2.96,0.0064,97359.27
2018-10-02 00:00:00,12,284.44,302,355,0,84.4,-0.14,-1.77,0.0072399997,97118.87
2018-10-02 06:00:00,12,280.7,291,0,0,94.3,-0.87,-0.7,0.0063099996,97275.336
2018-10-02 12:00:00,12,282,297,4,0,92.200005,-0.96,-0.66999996,0.0067,97290.664
2018-10-02 18:00:00,12,293.2,335,473,2e-6,68,0.97999996,-1.5,0.01028,96797.73
2018-10-03 00:00:00,12,288,388,88,9.1e-5,97.6,0.78999996,-0.17,0.01064,96830.9
2018-10-03 06:00:00,12,288.30002,371,0,2.12e-4,98.8,0.68,1.65,0.01101,96527.76
2018-10-03 12:00:00,12,288.30002,366,3,4e-6,97.700005,-0.87,2.04,0.0109,96578.71
2018-10-03 18:00:00,12,292.80002,323,540,0,54.8,-4.89,3.6699998,0.00815,96614.336
2018-10-04 00:00:00,12,284.30002,293,343,0,68.6,-2.8,2.11,0.00586,96935.7
2018-10-04 06:00:00,12,278.9,260,0,0,92.700005,-1.27,1.31,0.0054599997,97111.54
2018-09-18 06:00:00,13,292,9999e17,9999e17,9999e17,97.200005,0.88,2.4299998,0.013839999,96013.516
2018-09-18 12:00:00,13,292.2,375,6,1e-6,97.6,-0.59999996,2.52,0.014079999,95973.08
2018-09-18 18:00:00,13,299.1,397,413,5e-6,62.4,-3.77,3.3999999,0.01371,96041.58
2018-09-19 00:00:00,13,294.80002,373,372,0,75.8,-2.79,1.89,0.012809999,96029.57
2018-09-19 06:00:00,13,291,344,0,0,97.5,-1.4599999,1.68,0.012929999,96165.43
2018-09-19 12:00:00,13,290.9,337,7,0,95.200005,-1.0699999,1.8499999,0.01256,96248.18
2018-09-19 18:00:00,13,303.2,362,598,0,41.9,-2.3,-0.22,0.0116799995,96334.65
2018-09-20 00:00:00,13,293.0846,382,392,7e-6,89.5,-0.84999996,-0.82,0.013669999,96353.914
2018-09-20 06:00:00,13,290.2,358,0,0,96.4,-0.29999998,-1.41,0.012139999,96682.47
2018-09-20 12:00:00,13,290.30002,340,7,0,97.3,0.26999998,0.22999999,0.012259999,96873.836
2018-09-20 18:00:00,13,301.1,363,586,0,55.9,1.78,-0.65,0.01366,96935.51
2018-09-21 00:00:00,13,293.7,386,338,9e-6,91.700005,1.64,-0.9,0.01438,96851.305
2018-09-21 06:00:00,13,290.80002,362,0,1e-6,98.9,1.43,-0.14999999,0.01287,97033.81
2018-09-21 12:00:00,13,291,385,5,7e-6,98.1,1.41,0.55,0.012929999,97083.44
2018-09-21 18:00:00,13,300.2,379,504,2e-6,57,2.6399999,-0.12,0.01325,96896.77
2018-09-22 00:00:00,13,293,366,385,0,89.1,2.1,0.16,0.0134,96740.54
2018-09-22 06:00:00,13,290,341,0,0,96.9,0.53,2.09,0.012,96648.26
2018-09-22 12:00:00,13,290.80002,341,6,0,88.200005,-0.78999996,1.78,0.0115,96720.24
2018-09-22 18:00:00,13,301.80002,378,538,5e-6,56.7,-1.36,0.21,0.014509999,96604.6
2018-09-23 00:00:00,13,292.5,398,321,1.15e-4,93.5,-0.11,0.089999996,0.01359,96586.734
2018-09-23 06:00:00,13,292,370,0,3.29e-4,98.1,-1.53,0.17,0.0138799995,96545.39
2018-09-23 12:00:00,13,292.4,367,5,0,98,-1.17,0.38,0.01413,96646.266
2018-09-23 18:00:00,13,300.6,387,510,1.6e-5,60.600002,-0.63,-1.4399999,0.01445,96620.31
2018-09-24 00:00:00,13,293.5,390,306,6e-6,93.3,0.85999995,-1.41,0.0144299995,96691.086
2018-09-24 06:00:00,13,292.7,384,0,1e-5,96.9,-0.61,-0.97999996,0.01423,96861.33
2018-09-24 12:00:00,13,291.5,405,1,2.4e-5,98.3,-0.58,-1.5699999,0.01342,96924.766
2018-09-24 18:00:00,13,294.9,400,200,2.3e-5,79.9,-0.34,-2,0.013409999,97095.1
2018-09-25 00:00:00,13,291.7,380,231,5e-6,89.5,-0.38,-1.93,0.0123499995,97148.414
2018-09-25 06:00:00,13,287.6,358,0,1e-6,98.4,-0.29999998,-1.01,0.01043,97241.77
2018-09-25 12:00:00,13,288.6,360,3,4e-6,95.6,-0.96,-0.64,0.01079,97286.89
2018-09-25 18:00:00,13,297.5,350,548,0,53.5,0.72999996,-2.1399999,0.01057,97140.62
2018-09-26 00:00:00,13,290.4,353,365,0,94.9,0.47,-1.63,0.01205,97120.12
2018-09-26 06:00:00,13,291.4,366,0,1.3e-5,98,0.22999999,-1.01,0.013239999,97045.02
2018-09-26 12:00:00,13,290.2,381,2,1.4e-5,98.4,-0.049999997,-0.44,0.0123499995,97249.414
2018-09-26 18:00:00,13,298.30002,381,429,5e-6,61.2,1.5899999,-0.76,0.01258,97119.734
2018-09-27 00:00:00,13,291.80002,376,317,0,95.4,1.4399999,-0.47,0.013239999,96922.82
2018-09-27 06:00:00,13,290.30002,349,0,0,98,1.0699999,1.38,0.0123499995,96924.87
2018-09-27 12:00:00,13,289.80002,345,5,0,97.9,-0.14999999,1.56,0.01196,96854.95
2018-09-27 18:00:00,13,302.9,366,557,0,49.5,0.31,1.06,0.01346,96827.305
2018-09-28 00:00:00,13,293.7,382,351,0,86.5,1.22,0.89,0.01351,96750.62
2018-09-28 06:00:00,13,292,371,0,0,92.9,0.28,1.49,0.0131,96927.68
2018-09-28 12:00:00,13,291,358,5,0,96.1,-0.39999998,0.9,0.012709999,96918.02
2018-09-28 18:00:00,13,301.4,374,551,1e-6,55.3,2.87,-0.76,0.013789999,96676.65
2018-09-29 00:00:00,13,294.5,386,319,7e-6,90.8,1.9599999,-0.19999999,0.01497,96848.516
2018-09-29 06:00:00,13,292.6,372,0,1.5e-5,98.700005,1.67,-0.14,0.01447,96672.37
2018-09-29 12:00:00,13,292.1,396,2,1.3e-5,99.1,1.5899999,-0.07,0.01407,96688.9
2018-09-29 18:00:00,13,297.30002,389,370,1.3e-5,67.6,3.27,1.1899999,0.01322,96392.24
2018-09-30 00:00:00,13,292.9,388,180,1e-5,89.5,1.99,0.31,0.013409999,96183.53
2018-09-30 06:00:00,13,289.30002,380,0,3.45e-4,93.9,-1.92,2.8,0.01126,96212.06
2018-09-30 12:00:00,13,283.6,319,5,1e-6,83.6,-2.3999999,1.75,0.00682,96618.836
2018-09-30 18:00:00,13,290.9,281,585,0,47.7,-3.12,0.39,0.0062599997,96768.24
2018-10-01 00:00:00,13,284.5,296,362,0,75.3,-1.6899999,-0.14,0.0064999997,96848.13
2018-10-01 06:00:00,13,282.2,300,0,0,87.6,-0.37,-1.5999999,0.00649,96969.22
2018-10-01 12:00:00,13,280.4,288,4,0,93.6,-0.53999996,-0.84,0.00612,96966.016
2018-10-01 18:00:00,13,293.4,288,568,0,47.7,0.83,-0.19999999,0.0073599997,96826.27
2018-10-02 00:00:00,13,285.1,307,353,0,82.700005,1.64,-0.63,0.00745,96556.49
2018-10-02 06:00:00,13,282.1,290,0,0,93.5,0.39,1.5699999,0.00691,96700.055
2018-10-02 12:00:00,13,282.1,284,4,0,94,-0.91999996,1.5899999,0.0069399998,96511.5
2018-10-02 18:00:00,13,292.4,300,556,0,46.8,-3.36,2.51,0.00679,96709.11
2018-10-03 00:00:00,13,285.1,295,349,0,56.3,-2.26,1.67,0.00508,96702.336
2018-10-03 06:00:00,13,277.9,255,0,0,75.8,-1.51,1.42,0.0041799997,96861.266
2018-10-03 12:00:00,13,275.7,238,5,0,76.8,-1.48,1.06,0.00361,97219.33
2018-10-03 18:00:00,13,290.2,258,580,0,31.6,-1.16,-0.71999997,0.00396,97040.95
2018-10-04 00:00:00,13,280.80002,277,354,0,72.3,0.76,-1.56,0.00482,97213.19
2018-10-04 06:00:00,13,275,259,0,0,90.200005,-0.35999998,-0.69,0.00404,96883.08
2018-09-18 06:00:00,14,292.1,9999e17,9999e17,9999e17,96.9,0.26999998,2.48,0.013809999,95995.08
2018-09-18 12:00:00,14,292.6,378,6,3e-6,96.200005,-1.42,3.1799998,0.014219999,95938.21
2018-09-18 18:00:00,14,299.30002,384,518,1e-6,60.100002,-4.2999997,3.1699998,0.01332,96063.6
2018-09-19 00:00:00,14,295,371,391,0,76.6,-2.04,1.9499999,0.013069999,96028.42
2018-09-19 06:00:00,14,291.1,348,0,0,92.6,-1.43,1.8299999,0.01237,96176.06
2018-09-19 12:00:00,14,290.5,335,7,0,93.4,-1.26,1.6899999,0.01201,96309.29
2018-09-19 18:00:00,14,302.6,353,606,0,39.8,-2.1,-0.57,0.010679999,96434.71
2018-09-20 00:00:00,14,292.5,366,398,0,77.9,0.55,-1.43,0.01134,96451.73
2018-09-20 06:00:00,14,287.6,344,0,0,95.200005,0.29999998,-0.79999995,0.01011,96772.31
2018-09-20 12:00:00,14,290,335,7,0,98.6,0.56,0,0.01222,96947.25
2018-09-20 18:00:00,14,300.5,359,590,0,54.4,2.28,-1.18,0.01286,97029.94
2018-09-21 00:00:00,14,293,370,386,0,90.200005,1.8199999,-0.75,0.0134499995,96995.89
2018-09-21 06:00:00,14,289.5,340,0,0,97.5,1.41,1.1,0.01164,97104.375
2018-09-21 12:00:00,14,288.80002,323,7,0,97.6,1.31,1.15,0.011179999,97202.22
2018-09-21 18:00:00,14,299.9,338,602,0,52.3,2.79,0.91999996,0.01194,97056.4
2018-09-22 00:00:00,14,293,358,391,0,90,2.25,0.56,0.01347,96887.48
2018-09-22 06:00:00,14,289.7,336,0,0,97.3,0.29,2.12,0.011849999,96970.586
2018-09-22 12:00:00,14,290.4,342,6,0,89.3,-0.64,1.7099999,0.01136,97022.89
2018-09-22 18:00:00,14,303.7,377,576,7e-6,52.7,0.84999996,-0.31,0.01502,96834.04
2018-09-23 00:00:00,14,294,395,354,3.29e-4,94,-0.049999997,-2.12,0.014959999,96957.13
2018-09-23 06:00:00,14,292.2,396,0,2.07e-4,99.1,0.17999999,-1.17,0.01414,96858.49
2018-09-23 12:00:00,14,292.30002,406,3,2.4e-5,98.6,1.5,0.34,0.01409,96855.39
2018-09-23 18:00:00,14,299.7,377,550,3.4e-5,68,2.51,1.09,0.015389999,96614.37
2018-09-24 00:00:00,14,295,393,338,5.3e-5,92.200005,1.86,1.14,0.01563,96636.94
2018-09-24 06:00:00,14,292.1,370,0,0,96,1.0799999,1.89,0.01368,96473.71
2018-09-24 12:00:00,14,292.80002,375,5,0,92,-0.06,2.6299999,0.01363,96597.7
2018-09-24 18:00:00,14,300.7,380,513,1e-6,55.4,-3.7099998,1.88,0.01325,96671.414
2018-09-25 00:00:00,14,294.80002,385,344,0,84,-0.87,-1.75,0.014029999,96864.96
2018-09-25 06:00:00,14,289.1,405,0,1.03e-4,95.8,-0.75,-3.6299999,0.01115,97069.33
2018-09-25 12:00:00,14,284.7,370,1,4.5e-5,95.4,-0.84999996,-0.39999998,0.0083099995,97309.68
2018-09-25 18:00:00,14,291.2,376,154,5.4e-5,86,0.79999995,-0.34,0.01148,96909.72
2018-09-26 00:00:00,14,290.7,357,337,0,97.700005,1.6899999,-0.48999998,0.012689999,96766.02
2018-09-26 06:00:00,14,291.7,369,0,2e-6,98.3,2.24,1.04,0.013599999,96724.93
2018-09-26 12:00:00,14,292.30002,391,2,7e-6,98.200005,1.5699999,0.9,0.01409,96619.86
2018-09-26 18:00:00,14,299.6,401,345,8e-6,64.9,2.9199998,1.41,0.0145,96865.62
2018-09-27 00:00:00,14,294.5,389,324,0,90.700005,1.9499999,0.48999998,0.01497,96326.48
2018-09-27 06:00:00,14,292.1,370,0,1.3e-4,97.8,0.57,1.61,0.01383,96991.57
2018-09-27 12:00:00,14,291.1,365,4,5e-6,99.1,0.01,0.56,0.01327,96480.33
2018-09-27 18:00:00,14,296.9,388,406,1.9e-4,89.9,1.42,-1,0.017129999,96923.54
2018-09-28 00:00:00,14,292.2,391,210,5.9999997e-4,96.700005,-0.11,-2.85,0.01378,96787.21
2018-09-28 06:00:00,14,289.2,391,0,2.33e-4,98.1,0.41,-2.1399999,0.01157,96534.05
2018-09-28 12:00:00,14,289.4,388,2,9.4e-5,99.4,0.84999996,-1.18,0.01189,96977.69
2018-09-28 18:00:00,14,295.1,406,183,1.2e-4,94.4,2.85,0.71999997,0.016339999,95774.81
2018-09-29 00:00:00,14,292.5,401,118,1.06e-4,94.4,-1.38,2.5,0.013809999,96817.46
2018-09-29 06:00:00,14,283.9,316,0,0,94.200005,-1.79,1.29,0.00791,96280.65
2018-09-29 12:00:00,14,282.30002,288,5,0,95.4,-1.4599999,0.52,0.00709,97372.77
2018-09-29 18:00:00,14,294.1,302,570,0,51.100002,-0.29999998,-1.3399999,0.00821,97017.836
2018-09-30 00:00:00,14,286.9,322,353,0,88.200005,1.3199999,-1.06,0.00892,96820.62
2018-09-30 06:00:00,14,283.7,312,0,0,96.8,0.62,-0.96999997,0.007929999,97626.12
2018-09-30 12:00:00,14,285.1,320,3,1e-6,96.1,-0.42999998,-1.04,0.00863,96801.85
2018-09-30 18:00:00,14,294.80002,339,494,0,58.2,1.16,-1.1999999,0.00966,97780.36
2018-10-01 00:00:00,14,288.2,367,236,1e-6,88.5,0.93,-1,0.00973,96691.43
2018-10-01 06:00:00,14,285.1,329,0,0,95.700005,1.3199999,0.68,0.008549999,97567.04
2018-10-01 12:00:00,14,284.30002,308,4,0,97.3,-0.42999998,0.91999996,0.00835,96859.05
2018-10-01 18:00:00,14,298.6,334,552,2e-6,55.5,1.14,-0.41,0.01162,97273.77
2018-10-02 00:00:00,14,290.05,364,273,3e-6,93,1.25,-1.13,0.01155,97000.43
2018-10-02 06:00:00,14,287.57,346,0,1e-6,97.1,1.37,0.28,0.01028,97042.77
2018-10-02 12:00:00,14,285.30002,322,4,0,98.200005,0.89,0.21,0.00893,97296.99
2018-10-02 18:00:00,14,296.30002,337,520,0,60.600002,1.9799999,-0.63,0.01112,97047.83
2018-10-03 00:00:00,14,288.7,349,290,0,93.8,1.68,-0.31,0.01065,97171.234
2018-10-03 06:00:00,14,285.66,308,0,0,95.3,1.27,1.35,0.00892,96818.37
2018-10-03 12:00:00,14,285.4,303,4,0,96.6,0.61,1.73,0.008839999,97219.74
2018-10-03 18:00:00,14,298.30002,341,539,0,57.5,1.7099999,1.4699999,0.01193,96637.86
2018-10-04 00:00:00,14,292.30002,372,295,0,89,1.88,0.78999996,0.012759999,96765.64
2018-10-04 06:00:00,14,289.19998,350,0,0,97.4,0.95,1.6999999,0.0114899995,96669.734
2018-09-18 06:00:00,15,292,9999e17,9999e17,9999e17,97.4,0.69,2.09,0.01385,96066.2
2018-09-18 12:00:00,15,292,367,6,1e-6,97.5,-0.82,2.7,0.01387,96028.32
2018-09-18 18:00:00,15,298.7,391,435,4e-6,61.8,-3.9299998,3.02,0.01327,96091.71
2018-09-19 00:00:00,15,294.5,371,375,0,79.700005,-2.1599998,1.88,0.01321,96068.086
2018-09-19 06:00:00,15,290.9,346,0,0,94.8,-1.35,1.7099999,0.01254,96244.77
2018-09-19 12:00:00,15,290.5,335,7,0,93.700005,-1.25,1.76,0.0120399995,96349.94
2018-09-19 18:00:00,15,303.1,357,602,0,42.3,-1.7199999,-0.89,0.011729999,96449.516
2018-09-20 00:00:00,15,294.1,381,393,0,81.3,0.31,-1.61,0.0131399995,96447.086
2018-09-20 06:00:00,15,288.9,358,0,0,95.9,0.48,-0.79999995,0.01109,96753.125
2018-09-20 12:00:00,15,290.5,340,7,0,95.5,0.84,-0.06,0.0122299995,96939.49
2018-09-20 18:00:00,15,301.2,360,591,0,53.8,1.75,-1.16,0.01325,96999.914
2018-09-21 00:00:00,15,293.30002,371,387,0,87.700005,1.79,-0.87,0.013379999,96953.21
2018-09-21 06:00:00,15,289.9,342,0,0,97.8,1.43,1,0.012,97077.75
2018-09-21 12:00:00,15,289.6,332,7,0,98.3,0.96,1.39,0.01188,97089.93
2018-09-21 18:00:00,15,300.5,354,591,0,54.9,3.36,1.03,0.012949999,96881.93
2018-09-22 00:00:00,15,293.5,368,386,0,90.4,2.23,0.57,0.014029999,96736.125
2018-09-22 06:00:00,15,290.2,342,0,0,98,0.74,2.02,0.01229,96765.9
2018-09-22 12:00:00,15,289.9,338,7,0,90,-0.64,1.79,0.01109,96821.63
2018-09-22 18:00:00,15,302.80002,369,569,1.3e-5,54.3,-0.44,-0.17,0.014699999,96721.055
2018-09-23 00:00:00,15,292.7,381,354,3.18e-4,96.6,-0.5,-1.92,0.014269999,96734.45
2018-09-23 06:00:00,15,291.6,383,0,3.58e-4,99.1,-0.08,-1.54,0.013599999,96718.33
2018-09-23 12:00:00,15,290.1,397,2,8.6e-5,98.700005,-0.53,-1.7099999,0.012329999,96798.25
2018-09-23 18:00:00,15,293.4,398,139,4.7e-5,92.4,0.42999998,-1.3,0.0142,96758.45
2018-09-24 00:00:00,15,292.5,398,131,1.1e-4,98.3,0.91999996,-1.02,0.01425,96740.69
2018-09-24 06:00:00,15,292.1,393,0,1.64e-4,99.1,1.02,-0.42,0.01406,96638.1
2018-09-24 12:00:00,15,292.1,389,3,8e-5,99.5,0.65,-0.42,0.01407,96872.43
2018-09-24 18:00:00,15,296,398,364,2.1e-4,92.3,0.87,-1.68,0.01661,96823.67
2018-09-25 00:00:00,15,292.5,377,331,6.8e-4,98.6,-0.32999998,-1.8399999,0.01426,96928.06
2018-09-25 06:00:00,15,292.2,396,0,1.2e-4,99.1,-0.06,-1.6999999,0.014099999,96898.836
2018-09-25 12:00:00,15,291.5,405,0,2.38e-4,99,-0.48,-1.56,0.01347,97106.5
2018-09-25 18:00:00,15,293,403,48,1.26e-4,97.6,0.01,-1.5699999,0.014579999,97046.9
2018-09-26 00:00:00,15,293,407,94,2.3e-5,99,-0.42999998,-1.38,0.0148,97089.64
2018-09-26 06:00:00,15,292.2,399,0,2.9e-5,99,0.28,-0.97999996,0.014049999,97015.74
2018-09-26 12:00:00,15,292.4,402,3,2.1e-5,98.5,0.7,-0.37,0.014219999,97056.86
2018-09-26 18:00:00,15,298.2,407,282,1.4e-5,74.700005,1.35,1.24,0.01533,97186.86
2018-09-27 00:00:00,15,293.80002,386,311,0,94.9,1.63,0.02,0.01499,96822.9
2018-09-27 06:00:00,15,292.47522,363,0,0,98,0.87,1.4599999,0.0141199995,97189.43
2018-09-27 12:00:00,15,291.80002,360,5,0,98.700005,0.25,1.55,0.01376,96879.375
2018-09-27 18:00:00,15,302.9,382,541,1e-6,55.600002,0.53,1.18,0.01512,97014.11
2018-09-28 00:00:00,15,295.7,400,327,2.4e-5,90.8,1.48,1.14,0.01605,96795.3
2018-09-28 06:00:00,15,293.1,374,0,0,97.3,0.19,1.67,0.0146699995,96887.69
2018-09-28 12:00:00,15,292.7,366,4,0,96,-0.39,1.48,0.014049999,97084.555
2018-09-28 18:00:00,15,305,387,546,3e-6,51.9,-0.32999998,0.02,0.01596,96897.05
2018-09-29 00:00:00,15,295.5,399,334,1.03e-4,88.9,0.51,1.5699999,0.01548,97074.77
2018-09-29 06:00:00,15,292,375,0,0,95.200005,0.03,1.1,0.0134499995,96742
2018-09-29 12:00:00,15,292.5,367,4,0,96.4,-0.77,0.32999998,0.013979999,97131.69
2018-09-29 18:00:00,15,299.4,383,534,1.92e-4,84.1,0.78999996,-0.74,0.01856,96936.67
2018-09-30 00:00:00,15,294.6,387,331,5.15e-4,95.9,-0.17999999,-1.65,0.01582,97127.31
2018-09-30 06:00:00,15,293.7,387,0,4.6e-5,99.3,-0.02,-1.04,0.01557,96966.64
2018-09-30 12:00:00,15,294,411,2,1.9e-5,98.5,0.35,-0.82,0.0156,97131.15
2018-09-30 18:00:00,15,299.9,413,296,2.9e-5,71.3,1.23,0.16,0.01622,96973.32
2018-10-01 00:00:00,15,294.5,403,262,3e-5,93.3,1.12,-0.44,0.015299999,96841.83
2018-10-01 06:00:00,15,293.4,395,0,5e-6,96.6,1.16,1.27,0.014880000000000001,96728.305
2018-10-01 12:00:00,15,291.7,363,4,0,98.3,0.34,1.67,0.013599999,96559.87
2018-10-01 18:00:00,15,300.7,371,531,1.2e-5,56.7,0.74,2.09,0.013619999,96472.414
2018-10-02 00:00:00,15,294.2,388,306,4.9e-5,88.4,0.47,1.61,0.014359999,96190.836
2018-10-02 06:00:00,15,290.6,372,0,8.9e-5,95.6,-1.4399999,1.77,0.01242,96192.14
2018-10-02 12:00:00,15,287,361,2,9.5e-5,95.6,-1.4399999,1.42,0.00981,96296.016
2018-10-02 18:00:00,15,291.5,324,505,0,53.2,-3.8999999,2.72,0.0072999997,96240.7
2018-10-03 00:00:00,15,284.30002,292,344,0,60,-3.4099998,2.85,0.00514,96566.234
2018-10-03 06:00:00,15,279.80002,260,0,0,72.9,-2.72,2.34,0.00459,96537.4
2018-10-03 12:00:00,15,279.30002,252,4,0,80.700005,-2.1699998,1.9,0.0049099997,96782.13
2018-10-03 18:00:00,15,288.4,269,573,0,48.100002,-3.9499998,1.89,0.00538,96641.625
2018-10-04 00:00:00,15,282.6,277,351,0,66.9,-2.71,1.55,0.0050899996,97000.93
2018-10-04 06:00:00,15,276.80002,251,0,0,92,-1.0799999,1.3399999,0.0047,97054.57
2018-09-18 06:00:00,16,292.2,9999e17,9999e17,9999e17,96.8,-0.26999998,3.1699998,0.01387,96074.68
2018-09-18 12:00:00,16,292.7,376,6,5e-6,96.1,-1.52,3.4099998,0.014239999,96068.89
2018-09-18 18:00:00,16,299.9,389,485,4e-6,57.4,-4.33,3.33,0.01321,96116.414
2018-09-19 00:00:00,16,294.6,371,398,0,78.700005,-1.86,1.6999999,0.01315,96098.46
2018-09-19 06:00:00,16,291.1,348,0,0,95.1,-1.1999999,1.89,0.012709999,96211.77
2018-09-19 12:00:00,16,290.80002,338,7,0,95.6,-1.3299999,1.7099999,0.01256,96340.21
2018-09-19 18:00:00,16,303.30002,357,600,0,40.600002,-1.6999999,-0.19,0.01138,96453.93
2018-09-20 00:00:00,16,292.2,374,394,0,88.200005,0.089999996,-1.17,0.01263,96450.18
2018-09-20 06:00:00,16,288.4,348,0,0,93.9,0.07,-1.05,0.0105099995,96720.586
2018-09-20 12:00:00,16,290.30002,336,7,0,95.3,0.55,0.29,0.01205,96906.414
2018-09-20 18:00:00,16,301.9,361,592,0,52.100002,2.6399999,-0.099999994,0.013379999,96915.24
2018-09-21 00:00:00,16,294.5,376,387,0,88.1,2.18,-0.28,0.01447,96850.93
2018-09-21 06:00:00,16,291.1,352,0,0,98.8,1.68,1.0699999,0.013069999,96994.19
2018-09-21 12:00:00,16,290.5,349,5,0,98.5,1.23,1.62,0.01254,97027.81
2018-09-21 18:00:00,16,301.1,359,576,0,51.5,2.6,1.0699999,0.01263,96827.86
2018-09-22 00:00:00,16,294.6,372,385,0,81.200005,2.49,0.81,0.01342,96737.555
2018-09-22 06:00:00,16,291.2,356,0,0,94.4,0.65,2.02,0.01268,96736.12
2018-09-22 12:00:00,16,291.6,352,6,0,91.700005,-0.35999998,1.9,0.012569999,96776.12
2018-09-22 18:00:00,16,300.80002,382,557,6e-5,70.3,0.089999996,1.22,0.016929999,96604.16
2018-09-23 00:00:00,16,294,397,328,2.23e-4,94,1.17,0.51,0.01504,96589.08
2018-09-23 06:00:00,16,291.30002,373,0,2.78e-4,97.8,-0.17999999,0.98999995,0.0132,96565.58
2018-09-23 12:00:00,16,292,363,6,4.17e-4,99.6,0.22999999,0.03,0.014079999,96614.914
2018-09-23 18:00:00,16,297.4,386,468,1e-4,86,1.4399999,0.90999997,0.01694,96558.75
2018-09-24 00:00:00,16,292.1,393,207,1.89e-4,96.6,-0.29,0.38,0.0137,96523.664
2018-09-24 06:00:00,16,291.88998,382,0,9.8e-5,95.700005,-0.48999998,1.28,0.01339,96692.164
2018-09-24 12:00:00,16,291.7,376,4,3.4e-5,96,-0.71999997,0.32,0.01328,96800.08
2018-09-24 18:00:00,16,296.7,385,345,6.9e-5,82.1,1.13,-0.97999996,0.01545,96916.41
2018-09-25 00:00:00,16,293.30002,399,149,4.83e-4,97.6,1.41,-0.56,0.014939999,96848.52
2018-09-25 06:00:00,16,292.80002,396,0,3.46e-4,99,1.76,0.48999998,0.01461,96992.195
2018-09-25 12:00:00,16,292.9,392,4,8e-6,99,1.38,0.08,0.014769999,96913.305
2018-09-25 18:00:00,16,297.30002,406,306,3.5e-5,82.3,2.33,0.13,0.01603,96929.58
2018-09-26 00:00:00,16,293.80002,395,221,2.1e-5,98.1,1.61,-0.089999996,0.01542,96827.62
2018-09-26 06:00:00,16,293.5,402,0,5e-6,98.200005,1.16,0.98999995,0.01516,96751.69
2018-09-26 12:00:00,16,292.4,380,5,1e-6,99,0.55,1.51,0.014289999,97065.25
2018-09-26 18:00:00,16,303.6,387,546,7e-6,56.5,0.19999999,0.79999995,0.015999999,96693.83
2018-09-27 00:00:00,16,296,404,326,2.1e-5,85.6,1.3399999,1.1899999,0.01542,96789.516
2018-09-27 06:00:00,16,293.2,377,0,0,97.1,-0.37,1.64,0.0148,96486.87
2018-09-27 12:00:00,16,292.7,366,5,0,94.9,-0.74,1.49,0.01395,96856.375
2018-09-27 18:00:00,16,303,387,530,0,54.600002,-0.63,1.3399999,0.014909999,96699.62
2018-09-28 00:00:00,16,294,406,304,9e-6,91.700005,-0.03,0.78999996,0.01459,96748.1
2018-09-28 06:00:00,16,292.7,381,0,0,93.6,-0.61,0.71999997,0.01373,96946.25
2018-09-28 12:00:00,16,292.5,371,4,2e-6,96.5,-0.96,-1.0799999,0.01406,96847.38
2018-09-28 18:00:00,16,300.80002,389,527,3.1e-5,70.700005,0.96999997,-1.8199999,0.01682,97725.94
2018-09-29 00:00:00,16,294.80002,400,305,1.17999996e-4,98.5,0.29,-1.4499999,0.01649,96932.99
2018-09-29 06:00:00,16,294.2,408,0,4.8e-5,98.9,0.53999996,-0.91999996,0.015789999,97625.99
2018-09-29 12:00:00,16,293.30002,408,2,2.2e-5,99.1,0.72999996,-0.63,0.0150999995,97138.03
2018-09-29 18:00:00,16,298.9,399,376,1.4e-5,66.9,1.8,-0.11,0.01433,97381.69
2018-09-30 00:00:00,16,293.5,385,288,3e-6,94.5,1.39,-0.39,0.01447,97360.73
2018-09-30 06:00:00,16,292.1,367,0,1e-6,98.4,1.0799999,0.84999996,0.01401,96725.945
2018-09-30 12:00:00,16,292.6,381,4,5e-6,98.6,1.18,0.74,0.0143,97648.055
2018-09-30 18:00:00,16,299.4,382,460,5e-6,63.600002,2.1,0.88,0.01421,96246.3
2018-10-01 00:00:00,16,294.80002,388,272,2e-6,88.700005,1.9699999,0.16,0.01471,97384.766
2018-10-01 06:00:00,16,292.5,375,0,1e-6,97.8,1.52,0.89,0.01433,96146.97
2018-10-01 12:00:00,16,292.5,383,3,7.9e-5,98.200005,1.54,1.68,0.01425,96702.375
2018-10-01 18:00:00,16,299.4,381,466,3.6e-5,63.9,1.0699999,1.89,0.01418,96185.016
2018-10-02 00:00:00,16,294.2,399,242,1.06e-4,96.1,1.53,0.96999997,0.015609999,96186.086
2018-10-02 06:00:00,16,292.2,379,0,1.5e-5,98.9,1.4699999,1.09,0.014219999,96020.61
2018-10-02 12:00:00,16,291.7,389,1,9.8e-5,98.1,0.72999996,1.8,0.01373,95819.83
2018-10-02 18:00:00,16,297.5,372,475,3.8e-5,65,-0.19999999,2.71,0.01297,96097.69
2018-10-03 00:00:00,16,289.7,359,296,2e-5,85.4,-0.37,1.28,0.010489999,95841.055
2018-10-03 06:00:00,16,287,318,0,0,87.8,-1.1,1.3199999,0.00911,96328.07
2018-10-03 12:00:00,16,284.6,296,4,0,84.8,-1.1899999,1.27,0.0074299998,96503.21
2018-10-03 18:00:00,16,299,310,562,0,40.100002,-0.87,-0.13,0.00871,96486.66
2018-10-04 00:00:00,16,289.4,332,342,0,71.6,1.12,-1.4499999,0.008549999,96653.02
2018-10-04 06:00:00,16,285.94998,322,0,0,94.1,-0.59,-0.55,0.00901,96909.9
2018-09-18 06:00:00,17,292.1,9999e17,9999e17,9999e17,97.4,0.17999999,2.4099998,0.01389,96038.445
2018-09-18 12:00:00,17,292.7,376,6,3e-6,95.9,-1.6999999,3.3,0.014219999,96025.625
2018-09-18 18:00:00,17,299.6,394,471,1e-6,60.2,-4.35,3.09,0.013549999,96150.586
2018-09-19 00:00:00,17,294.30002,371,395,0,81.6,-1.8,1.6899999,0.0133299995,96163.71
2018-09-19 06:00:00,17,290.80002,344,0,0,95,-1.25,1.89,0.01249,96304.41
2018-09-19 12:00:00,17,290.6,335,7,0,93.4,-1.43,1.75,0.01211,96373.87
2018-09-19 18:00:00,17,303.7,358,600,0,42.100002,-1.18,-0.57,0.012089999,96463.88
2018-09-20 00:00:00,17,292.6,380,393,0,75.6,1.01,-0.58,0.0111299995,96449.71
2018-09-20 06:00:00,17,289.9,357,0,0,94,-0.01,-1.3199999,0.0116,96715.48
2018-09-20 12:00:00,17,290.5,344,7,0,98.200005,0.26,-0.56,0.0125899995,96909.41
2018-09-20 18:00:00,17,301.4,362,590,0,54.2,2.59,-0.099999994,0.01353,96938.74
2018-09-21 00:00:00,17,294.6,379,386,0,92.1,2.11,-0.12,0.01524,96860.555
2018-09-21 06:00:00,17,291.6,353,0,0,98.9,1.53,1.24,0.01354,96930.35
2018-09-21 12:00:00,17,290.7,338,7,0,98.6,1.15,1.55,0.012759999,96986.37
2018-09-21 18:00:00,17,301.5,351,597,0,48.7,3.1899998,0.98999995,0.01224,96874.53
2018-09-22 00:00:00,17,293.9,365,388,0,86.700005,2.23,0.75,0.013739999,96771.23
2018-09-22 06:00:00,17,290.5,339,0,0,94.9,0.94,2.1499999,0.01218,96800.875
2018-09-22 12:00:00,17,291.1,347,6,0,87,-0.42999998,1.9399999,0.011589999,96848.805
2018-09-22 18:00:00,17,303.2,381,555,4e-6,52.3,-0.9,0.93,0.01447,96766.586
2018-09-23 00:00:00,17,293.6,397,344,1.03e-4,93.1,0.59,0.96999997,0.0144299995,96826.29
2018-09-23 06:00:00,17,291.80002,375,0,1.35e-4,96.9,-1.12,-0.25,0.01342,96900.08
2018-09-23 12:00:00,17,292.6,387,1,9.1e-5,98.9,-0.089999996,-1.41,0.01444,97033.89
2018-09-23 18:00:00,17,295.6,411,168,2.8e-5,88.1,0.74,-1.64,0.01545,96973.805
2018-09-24 00:00:00,17,293.30002,394,219,6.2e-5,96.1,0.79999995,-1.11,0.01468,96865.72
2018-09-24 06:00:00,17,292.4,379,0,2e-6,97.8,1.15,1.03,0.01411,96887.02
2018-09-24 12:00:00,17,292,374,5,8.6e-5,98,0.42,1.54,0.01376,97005.73
2018-09-24 18:00:00,17,300.2,390,499,6.9e-5,71.200005,0.44,1.22,0.01653,96863.85
2018-09-25 00:00:00,17,292.80002,408,203,3.3e-5,94.700005,0.64,0.61,0.014029999,96952.266
2018-09-25 06:00:00,17,292.30002,374,0,0,95.8,-0.19999999,1.4599999,0.013739999,96965.516
2018-09-25 12:00:00,17,292.7,372,5,4e-6,95.700005,-0.56,1.24,0.0139999995,97091.82
2018-09-25 18:00:00,17,301.5,389,536,5.4e-5,67.4,0.75,-0.64,0.01685,96999.98
2018-09-26 00:00:00,17,294.30002,396,338,1.76e-4,95.3,1.3299999,-0.77,0.015509999,96897
2018-09-26 06:00:00,17,292.30002,375,0,0,98.3,1.18,0.45,0.014079999,96916.39
2018-09-26 12:00:00,17,292.9,383,4,5e-6,98.4,1.1899999,0.91999996,0.01466,97086.58
2018-09-26 18:00:00,17,301.1,393,494,9e-6,62.7,1.86,1.41,0.01535,97042.04
2018-09-27 00:00:00,17,295.5,402,321,2.8e-5,90.9,1.63,0.65999997,0.01592,96806.805
2018-09-27 06:00:00,17,292.9,377,0,0,97.1,0.44,1.73,0.01445,96955.42
2018-09-27 12:00:00,17,292.1,364,5,0,95.3,-0.65999997,1.54,0.01352,97039.34
2018-09-27 18:00:00,17,303,383,541,1e-6,52,-1.35,1.04,0.014239999,97074.26
2018-09-28 00:00:00,17,294.6,402,327,6e-6,88.8,0.12,1.1,0.01461,97067.55
2018-09-28 06:00:00,17,293.30002,375,0,0,92.8,-0.93,1.22,0.01407,97135.766
2018-09-28 12:00:00,17,292.80002,366,4,0,94.6,-1.3299999,0.7,0.01395,97071.03
2018-09-28 18:00:00,17,304.2,385,538,3e-6,53.7,0.16,-0.58,0.01572,97294.04
2018-09-29 00:00:00,17,294.5,403,315,5.3e-5,89.1,0.75,-0.97999996,0.01468,96896.37
2018-09-29 06:00:00,17,293.80002,393,0,3.1e-5,97.8,0,-1.13,0.01536,97196.33
2018-09-29 12:00:00,17,294,403,3,2.6e-5,97.700005,0.12,0.84999996,0.0156,96875.586
2018-09-29 18:00:00,17,299.80002,389,521,3.07e-4,78.1,-0.14999999,-0.47,0.01771,96834.96
2018-09-30 00:00:00,17,293.30002,384,312,5.33e-4,96.5,-0.59,-1.64,0.014719999,96829.96
2018-09-30 06:00:00,17,291.4,388,0,2.6e-5,98.6,0.35,-0.96999997,0.0134,96476.305
2018-09-30 12:00:00,17,289.9,388,1,2.9e-5,98.1,0.45,-1.4499999,0.0120399995,97246.95
2018-09-30 18:00:00,17,290.5,389,116,3.6e-5,94.1,0.53999996,-1.3299999,0.012139999,96266.17
2018-10-01 00:00:00,17,289.7,380,134,1e-5,96.700005,0.79999995,-1.13,0.011709999,97257.27
2018-10-01 06:00:00,17,288.5,373,0,1.7e-5,97.6,0.62,-0.81,0.01102,96455.22
2018-10-01 12:00:00,17,287.9,368,2,1.1e-5,97.6,0.45,-0.93,0.01052,97222.74
2018-10-01 18:00:00,17,289.5,381,122,3.6e-5,92.6,0.26999998,-1.8299999,0.01112,96871.26
2018-10-02 00:00:00,17,287.9,374,148,1.1e-5,93.4,0.71,-0.76,0.01012,96900.76
2018-10-02 06:00:00,17,286.1,357,0,5e-6,95.8,1.4499999,-0.04,0.00923,96947.13
2018-10-02 12:00:00,17,285.5,325,3,1e-6,97.8,1.35,0.7,0.00914,96393.49
2018-10-02 18:00:00,17,297.30002,346,520,1e-6,63.2,2.32,0.96,0.0123499995,96678.71
2018-10-03 00:00:00,17,291.7,375,311,2e-6,94.200005,1.88,0.28,0.013119999,96159.305
2018-10-03 06:00:00,17,289.1,344,0,0,99,1.87,1.6899999,0.01165,96129.46
2018-10-03 12:00:00,17,289.5,372,2,6e-6,95,0.65,1.73,0.0115,96257.88
2018-10-03 18:00:00,17,299.30002,367,480,1e-6,57.9,2.1399999,0.96,0.012829999,96030.71
2018-10-04 00:00:00,17,292.7,364,333,0,95.6,1.9599999,0.26999998,0.01418,96281.586
2018-10-04 06:00:00,17,290.5,348,0,1e-6,99.1,1.64,1.24,0.01275,96042.02
2018-09-18 06:00:00,18,292.2,9999e17,9999e17,9999e17,96.700005,0.44,3.6699998,0.013859999,96033.65
2018-09-18 12:00:00,18,292.80002,381,6,1e-5,95.1,-2.1299999,3.53,0.01421,96038.914
2018-09-18 18:00:00,18,299.80002,388,498,1e-6,58.100002,-4.6,3.1,0.0133,96120.336
2018-09-19 00:00:00,18,294.80002,372,396,0,78.200005,-2.1499999,1.67,0.01318,96103.41
2018-09-19 06:00:00,18,290.80002,344,0,0,94.5,-1.24,1.8199999,0.01242,96200.89
2018-09-19 12:00:00,18,290.6,336,7,0,93.5,-1.1899999,1.66,0.012069999,96326.664
2018-09-19 18:00:00,18,303.1,356,603,0,40,-1.92,0.089999996,0.01105,96444.46
2018-09-20 00:00:00,18,293.5,369,398,0,75.4,0.37,-1.68,0.01167,96482.65
2018-09-20 06:00:00,18,287.7,345,0,0,94.5,0.63,-0.59,0.01009,96755.68
2018-09-20 12:00:00,18,290.30002,334,7,0,95,0.32,0.71999997,0.012019999,96911.52
2018-09-20 18:00:00,18,301.30002,359,593,0,52,2.46,-0.78,0.01289,96924.086
2018-09-21 00:00:00,18,293.6,372,387,0,89.8,2.01,-0.39,0.0139999995,96895.19
2018-09-21 06:00:00,18,290.2,343,0,0,98.1,1.39,1.3,0.012259999,97002.625
2018-09-21 12:00:00,18,289.30002,326,7,0,97.3,1.05,1.62,0.01153,96963.086
2018-09-21 18:00:00,18,300.30002,337,606,0,48.9,3.57,1.23,0.01146,96752.33
2018-09-22 00:00:00,18,293.6,355,394,0,84.6,2.54,0.78999996,0.01316,96681.18
2018-09-22 06:00:00,18,291.2,346,0,0,89.8,1.28,2.34,0.0120399995,96675.664
2018-09-22 12:00:00,18,291,353,6,0,90.1,-0.049999997,1.9499999,0.01196,96653.336
2018-09-22 18:00:00,18,302.1,379,571,3e-5,59.4,0.81,1.41,0.0155,96458.29
2018-09-23 00:00:00,18,294.9,394,349,1.32e-4,88.700005,1.17,1.3299999,0.015009999,96451.086
2018-09-23 06:00:00,18,292.7,380,0,1.4e-5,95.700005,0.26999998,1.88,0.014149999,96400.086
2018-09-23 12:00:00,18,292.4,372,4,2.8e-5,97.1,-0.5,1.75,0.01406,96505.23
2018-09-23 18:00:00,18,299.4,388,477,1.11e-4,71.3,-1.3299999,1.43,0.015829999,96500.99
2018-09-24 00:00:00,18,294.4,400,291,6e-5,88.3,-1.5,0.71,0.01447,96515.69
2018-09-24 06:00:00,18,291.7,384,0,1e-5,93.700005,-1.55,0.7,0.01294,96674.805
2018-09-24 12:00:00,18,290.5,389,2,1.15e-4,97.8,-0.53,-2,0.012519999,97063.15
2018-09-24 18:00:00,18,291.30002,381,160,1.39e-4,89.9,-1.1899999,-2.1,0.01203,97202.71
2018-09-25 00:00:00,18,290.2,382,164,1.1e-5,93.5,-0.56,-1.41,0.011709999,97194.53
2018-09-25 06:00:00,18,289.30002,390,0,7.1e-5,98.6,-1.15,-0.91999996,0.011659999,97248.88
2018-09-25 12:00:00,18,289.6,392,1,1.19e-4,98.700005,-0.52,-0.82,0.01187,97234.66
2018-09-25 18:00:00,18,295.4,404,146,3.5e-5,87.6,1.04,-0.58,0.015179999,97233.58
2018-09-26 00:00:00,18,292.9,395,248,4e-6,96.4,1.3199999,-0.81,0.014359999,97066.65
2018-09-26 06:00:00,18,291.4,366,0,0,98.5,1.3199999,0.83,0.01335,97059.36
2018-09-26 12:00:00,18,291.6,386,4,4e-6,98.1,0.79999995,0.91999996,0.01339,97201.945
2018-09-26 18:00:00,18,301.9,375,549,0,54.7,1.51,0.29,0.01401,97207.8
2018-09-27 00:00:00,18,294.2,381,354,0,90.4,1.8299999,0.099999994,0.014509999,97108.26
2018-09-27 06:00:00,18,291.5,358,0,0,98.200005,1.2099999,1.37,0.013309999,97118.74
2018-09-27 12:00:00,18,291,352,10,0,98.3,0.45999998,1.61,0.01294,96988.73
2018-09-27 18:00:00,18,302.80002,375,553,0,54.5,1.3199999,0.94,0.01469,96989.19
2018-09-28 00:00:00,18,295.30002,394,341,8e-6,89.8,1.5899999,0.90999997,0.015489999,96801.516
2018-09-28 06:00:00,18,292.9,372,0,0,98.3,1.28,1.31,0.014599999,96859.84
2018-09-28 12:00:00,18,292.2,365,4,0,98.4,0.47,1.49,0.013929999,96973.19
2018-09-28 18:00:00,18,299.6,382,536,1.53e-4,77.9,1.9799999,1.6899999,0.01738,96648.95
2018-09-29 00:00:00,18,294.6,385,339,1.43e-4,93.3,1.3,1.3399999,0.01548,96679.46
2018-09-29 06:00:00,18,291.9,367,0,2e-6,98,-0.11,1.62,0.01373,96572.016
2018-09-29 12:00:00,18,290.9,354,4,0,98,-0.57,1.22,0.01287,96701.02
2018-09-29 18:00:00,18,298.4,378,454,5.1e-5,73,0.42999998,0.59999996,0.01521,96580.94
2018-09-30 00:00:00,18,293.2,401,199,7.98e-4,96.4,-0.31,1.0799999,0.01474,96273.336
2018-09-30 06:00:00,18,289.5,392,0,0.001069,96.5,-2.01,1.27,0.01167,96552.305
2018-09-30 12:00:00,18,285.6,360,3,2.32e-4,96.1,-1.62,1.61,0.0090499995,96304.69
2018-09-30 18:00:00,18,291.4,316,510,0,52.600002,-2.81,1.42,0.00716,96824.83
2018-10-01 00:00:00,18,285.6,300,355,0,68.700005,-2.5,1.8,0.00646,96428.99
2018-10-01 06:00:00,18,281,277,0,0,81.6,-1.5799999,1.68,0.0055799996,96876.805
2018-10-01 12:00:00,18,278.30002,256,5,0,88.3,-1.3199999,1.1999999,0.0050299997,96548.49
2018-10-01 18:00:00,18,289.9,269,578,0,41,-1.4499999,0.85999995,0.00505,96780.164
2018-10-02 00:00:00,18,281.80002,286,357,0,72.200005,-1.4699999,0.19999999,0.0052199997,96533.22
2018-10-02 06:00:00,18,278.6,268,0,0,81.700005,-1.4,0.45,0.00475,96509.62
2018-10-02 12:00:00,18,277.6,261,4,0,86.6,-0.97999996,-1.03,0.00471,96678.9
2018-10-02 18:00:00,18,287.5,290,485,0,58.9,1.87,-0.65,0.00627,96173.555
2018-10-03 00:00:00,18,281.9,324,166,1e-6,94,1.38,-0.94,0.00688,96287
2018-10-03 06:00:00,18,279.30002,278,0,0,96.6,1.51,0.77,0.0059599997,95845.52
2018-10-03 12:00:00,18,279.5,280,4,0,96.8,1.0799999,1.37,0.0060199997,96138.56
2018-10-03 18:00:00,18,291.80002,294,550,0,53,2.18,0.91999996,0.0074400000000000004,95517.43
2018-10-04 00:00:00,18,285.5,329,308,3.8e-5,87.4,0.96,1.16,0.0081899995,95588.4
2018-10-04 06:00:00,18,282.9,323,0,2e-6,96.700005,-0.79999995,1.8199999,0.00764,95467.66
2018-09-18 06:00:00,19,291.9,9999e17,9999e17,9999e17,96.9,0.42,2.6399999,0.0137,95817.6
2018-09-18 12:00:00,19,292.6,375,6,5e-6,95.8,-1.9599999,3.46,0.0142,95744.44
2018-09-18 18:00:00,19,299.6,384,516,0,57.5,-4.44,3.47,0.01303,95902.31
2018-09-19 00:00:00,19,294.80002,369,397,0,76.1,-2.24,1.8499999,0.01287,95902.65
2018-09-19 06:00:00,19,290.9,346,0,0,96.3,-1.3399999,1.8299999,0.01272,96053.02
2018-09-19 12:00:00,19,290.4,333,7,0,94.700005,-1.38,1.6999999,0.01213,96235.72
2018-09-19 18:00:00,19,302.7,355,602,0,41.9,-1.76,-0.84,0.01131,96380.5
2018-09-20 00:00:00,19,292.4,373,395,0,78.6,0.77,-1.09,0.0113699995,96377.1
2018-09-20 06:00:00,19,288.2,349,0,0,92.9,0.64,-0.68,0.01028,96619.46
2018-09-20 12:00:00,19,290.4,338,7,0,94,0.53999996,0.14999999,0.01196,96818.414
2018-09-20 18:00:00,19,301.4,361,593,0,52.4,2.45,-0.97999996,0.01303,96876.87
2018-09-21 00:00:00,19,294,375,385,0,88.700005,2.09,-0.62,0.01411,96845.14
2018-09-21 06:00:00,19,290.30002,345,0,0,98.3,1.4,1.16,0.01242,96928.9
2018-09-21 12:00:00,19,289.4,327,7,0,98.200005,1.4699999,1.27,0.01169,96863.47
2018-09-21 18:00:00,19,299.80002,340,602,0,54.8,3.6599998,1.4599999,0.0124699995,96635.164
2018-09-22 00:00:00,19,294.5,367,388,0,84,2.78,0.75,0.013859999,96545.82
2018-09-22 06:00:00,19,292.6,364,0,0,92.6,1.4,2.3999999,0.0135699995,96495.02
2018-09-22 12:00:00,19,291.80002,358,6,0,94.5,0.26,2.1599998,0.013169999,96469.53
2018-09-22 18:00:00,19,294.80002,394,192,1.03e-4,93,-1.55,0.7,0.015609999,96589.53
2018-09-23 00:00:00,19,291,388,91,1.06e-4,96.4,-1.29,0.34,0.0127799995,96741.586
2018-09-23 06:00:00,19,289.30002,377,0,3e-5,98,-0.22,-1.9699999,0.01158,96857.586
2018-09-23 12:00:00,19,286.80002,368,4,1.3e-5,97.9,-0.96999997,-1.18,0.009819999,97103.266
2018-09-23 18:00:00,19,294.4,332,532,1e-6,58.600002,0.42,-2.56,0.00959,96989.77
2018-09-24 00:00:00,19,288.80002,354,311,0,83,0.98999995,-1.51,0.00955,96865.77
2018-09-24 06:00:00,19,286.5,359,0,1e-6,90,-0.099999994,-0.79999995,0.00888,97077.79
2018-09-24 12:00:00,19,287.6,347,3,1e-6,88.5,-0.26,-0.57,0.00937,97140.66
2018-09-24 18:00:00,19,292.80002,379,196,1.1e-5,79.8,1.3399999,0.39,0.01177,97058.375
2018-09-25 00:00:00,19,290.5,379,185,1e-6,96.3,1.39,0.28,0.012329999,97014.71
2018-09-25 06:00:00,19,288.9,354,0,0,98.3,1.03,0.97999996,0.01136,97134.15
2018-09-25 12:00:00,19,289.2,341,6,0,97.9,-0.38,1.05,0.01152,97192.61
2018-09-25 18:00:00,19,299.4,366,543,3e-6,60.100002,1.75,-1.12,0.01325,97227.52
2018-09-26 00:00:00,19,292.5,374,355,9.4e-5,97.1,1.3199999,-0.88,0.01409,97146.805
2018-09-26 06:00:00,19,291.2,379,0,1.2e-5,99.1,0.44,-0.68,0.013239999,97123.08
2018-09-26 12:00:00,19,291.9,390,2,9e-6,99,-0.26,-1.12,0.01373,97437.04
2018-09-26 18:00:00,19,296,402,245,2.9e-5,83.4,0.5,-1.4699999,0.014959999,97396.695
2018-09-27 00:00:00,19,292.30002,382,271,1.3e-5,96.3,0.68,-1.24,0.0136899995,97395.23
2018-09-27 06:00:00,19,292.02,397,0,2.9e-5,98.6,0.68,-0.79999995,0.013859999,97156.76
2018-09-27 12:00:00,19,291.80002,395,2,1.5e-5,97.6,0.96999997,0.59,0.01353,97256.625
2018-09-27 18:00:00,19,301.7,388,453,3e-6,58.3,0.12,0.79999995,0.01474,96973.43
2018-09-28 00:00:00,19,293.80002,392,325,5e-5,93.200005,0.76,1.2099999,0.01466,96915.72
2018-09-28 06:00:00,19,291.9,369,0,3.3e-5,97.5,-0.13,1.63,0.013669999,96979.87
2018-09-28 12:00:00,19,291.4,360,4,0,97.8,-1.0699999,1.1999999,0.013259999,96774.305
2018-09-28 18:00:00,19,298.4,382,495,6.7e-5,79.200005,-0.39999998,-1.67,0.01654,96945.58
2018-09-29 00:00:00,19,293.4,400,229,1.9e-4,97.6,0.35,-1.5899999,0.01505,96794.51
2018-09-29 06:00:00,19,291.6,404,0,2.81e-4,98.6,-0.04,-1.65,0.01351,96997.53
2018-09-29 12:00:00,19,290.2,396,1,1e-4,98.9,-0.11,-1.4,0.01241,96918.14
2018-09-29 18:00:00,19,293.5,400,103,5.5e-5,94.200005,0.35999998,-1.48,0.014529999,96915.51
2018-09-30 00:00:00,19,292.9,411,100,4e-5,98.5,0.90999997,-1.17,0.014649999,96871.414
2018-09-30 06:00:00,19,292.7,408,0,4.7e-5,99.1,1.61,0.22999999,0.014579999,96790.93
2018-09-30 12:00:00,19,290.30002,369,4,2e-6,98.9,1.15,1.39,0.01254,96677.79
2018-09-30 18:00:00,19,299.9,362,523,1e-6,57.7,1.0699999,2.19,0.01316,96729.805
2018-10-01 00:00:00,19,291.80002,373,322,1.04e-4,93,-0.93,1.42,0.012949999,96496.18
2018-10-01 06:00:00,19,288.2,348,0,1e-6,95.1,-1.3199999,1.29,0.0105,97145.16
2018-10-01 12:00:00,19,286.7,346,1,3.2e-5,95.4,-1.64,0.11,0.009529999,96967.9
2018-10-01 18:00:00,19,288.7,372,134,2.09e-4,91.6,-0.93,-1.4699999,0.01034,97350.73
2018-10-02 00:00:00,19,287.30002,367,106,1.46e-4,97.8,-0.38,-1.14,0.010179999,97091.33
2018-10-02 06:00:00,19,286.5,357,0,1.6e-5,98.3,-0.39999998,-0.47,0.00971,97136.15
2018-10-02 12:00:00,19,285.1,357,1,1.5e-5,97.9,-1.56,0.22999999,0.008789999,97387.27
2018-10-02 18:00:00,19,291.5,334,380,6e-6,57.7,-1.51,-1.68,0.00774,97148.62
2018-10-03 00:00:00,19,284.30002,314,320,0,90.6,-0.38,-1.39,0.00771,97472.41
2018-10-03 06:00:00,19,280.80002,284,0,0,95,-1.5899999,-0.51,0.0063899998,97319.2
2018-10-03 12:00:00,19,279.6,269,4,0,93.200005,-1.55,-0.34,0.00573,97636.21
2018-10-03 18:00:00,19,290.6,280,568,0,50.4,-0.53999996,-2.49,0.00643,97516.336
2018-10-04 00:00:00,19,281.9,290,349,0,89.4,-0.07,-1.4399999,0.0064399997,97372.055
2018-10-04 06:00:00,19,277,267,0,0,94.4,-0.26,-0.90999997,0.00487,97311.14
2018-09-18 06:00:00,20,292.30002,9999e17,9999e17,9999e17,97.700005,0.62,1.8199999,0.01409,96023.49
2018-09-18 12:00:00,20,292.4,371,6,1e-6,97.4,-0.77,2.75,0.01421,96049.16
2018-09-18 18:00:00,20,299.30002,393,390,2.5e-5,60.9,-3.97,3.6299999,0.01356,96068.43
2018-09-19 00:00:00,20,294.7,369,394,0,78.1,-1.92,1.86,0.01313,96038.18
2018-09-19 06:00:00,20,291,346,0,0,95.1,-1.31,1.87,0.01263,96203.25
2018-09-19 12:00:00,20,290.6,338,7,0,94.8,-1.23,1.5,0.0123,96356
2018-09-19 18:00:00,20,303.80002,361,599,0,42.600002,-1.25,0.29999998,0.01227,96415.19
2018-09-20 00:00:00,20,292.30002,374,396,0,75.200005,0.42,-1.18,0.010849999,96359.12
2018-09-20 06:00:00,20,289.5,349,0,0,94,-0.02,-1.41,0.01129,96682.586
2018-09-20 12:00:00,20,290.2,337,7,0,97,-0.02,-0.14,0.01217,96906.18
2018-09-20 18:00:00,20,300.9,359,593,0,54.9,2.2,-0.94,0.013309999,96964.6
2018-09-21 00:00:00,20,293.7,372,382,0,88.1,1.91,-0.95,0.01373,96892.5
2018-09-21 06:00:00,20,290.1,345,0,0,98.3,1.42,0.97999996,0.01224,96968.055
2018-09-21 12:00:00,20,289.7,331,7,0,98.5,0.69,1.5899999,0.01194,97037.44
2018-09-21 18:00:00,20,301.30002,353,593,0,53.9,1.9699999,0.65,0.01339,96817.836
2018-09-22 00:00:00,20,294.1,373,385,0,86.200005,2.22,0.57,0.01383,96676.09
2018-09-22 06:00:00,20,290.9,352,0,0,94.6,0.71999997,2.04,0.0124699995,96638.81
2018-09-22 12:00:00,20,291.4,349,6,0,90.5,-0.97999996,1.73,0.012259999,96629.734
2018-09-22 18:00:00,20,302.80002,377,578,2.1e-5,59,-0.24,-0.32999998,0.01603,96582.516
2018-09-23 00:00:00,20,293.7,388,350,3.7e-4,94.700005,0.03,-1.7199999,0.014909999,96513.71
2018-09-23 06:00:00,20,291.80002,371,0,4.29e-4,99.200005,0.35,-1.24,0.013839999,96528.945
2018-09-23 12:00:00,20,292.2,397,4,1.01e-4,99.4,0.75,-0.90999997,0.01425,96404.8
2018-09-23 18:00:00,20,295.5,400,220,1.77e-4,92.1,0.089999996,-0.51,0.01622,96315.71
2018-09-24 00:00:00,20,291.7,397,231,0.001069,98.1,-2.09,-1.5999999,0.0135699995,96420.555
2018-09-24 06:00:00,20,288.5,391,0,7.0699997e-4,98.6,-1.52,-1.02,0.01112,96449.836
2018-09-24 12:00:00,20,288.1,384,2,2.4e-5,98.6,-1.23,-0.69,0.0108199995,96606.05
2018-09-24 18:00:00,20,295.80002,384,364,4e-6,72.8,0.25,-1.43,0.0130199995,96686.56
2018-09-25 00:00:00,20,291.9,405,150,1.1e-5,95.5,0.02,-1.4599999,0.01335,96688.06
2018-09-25 06:00:00,20,290.5,379,0,1.6e-5,98,0.29,-1.0799999,0.01256,96741.59
2018-09-25 12:00:00,20,291,398,1,6.7e-5,99,0.37,-1.13,0.01306,96962.02
2018-09-25 18:00:00,20,296.1,410,155,3e-5,88,1.63,-0.21,0.01602,96755.78
2018-09-26 00:00:00,20,294.1,395,226,2.2e-5,97.8,1.81,-0.24,0.01563,96922.1
2018-09-26 06:00:00,20,293.4,392,0,5e-6,98.8,1.68,0.59999996,0.01523,96747.22
2018-09-26 12:00:00,20,292.7,395,4,4e-6,99.4,1.13,0.95,0.014649999,96839.79
2018-09-26 18:00:00,20,301.80002,402,427,4e-6,59.2,1.4699999,0.42999998,0.01516,96749.37
2018-09-27 00:00:00,20,295,396,323,1.7e-5,95.3,1.7199999,0.53999996,0.0162,96617.14
2018-09-27 06:00:00,20,292.9,374,0,2e-6,98.4,1.26,0.97999996,0.014719999,96758.23
2018-09-27 12:00:00,20,292.30002,369,5,2e-6,98.9,0.65999997,1.38,0.01421,96724.414
2018-09-27 18:00:00,20,301.7,386,505,9e-6,57.600002,1.78,1.61,0.01461,96794.55
2018-09-28 00:00:00,20,295.30002,400,313,1.6e-5,90.1,1.63,0.55,0.01563,96705.62
2018-09-28 06:00:00,20,293.30002,380,0,3e-6,98.3,1.48,0.89,0.015009999,96667.69
2018-09-28 12:00:00,20,292.6,374,4,1e-6,99,1.29,1.18,0.01449,96912.12
2018-09-28 18:00:00,20,300.4,388,499,2.2e-5,67.3,2.54,1.5,0.01581,96590.07
2018-09-29 00:00:00,20,295.1,393,315,1e-6,91.8,1.87,0.35999998,0.01566,96554.305
2018-09-29 06:00:00,20,292.2,364,0,0,98.8,1.53,0.93,0.01421,96314.9
2018-09-29 12:00:00,20,291.4,360,4,0,99,0.03,1.51,0.01349,96653.695
2018-09-29 18:00:00,20,298.6,381,483,6.2e-5,73.200005,1.7199999,1.0799999,0.015489999,96209.625
2018-09-30 00:00:00,20,293.80002,395,268,3.58e-4,96.5,0.14,1.3399999,0.01533,96173.54
2018-09-30 06:00:00,20,291.5,389,0,3.18e-4,97.5,-0.85999995,1.36,0.013429999,96254.77
2018-09-30 12:00:00,20,288.4,368,4,2e-5,96.5,-1.55,1.37,0.01088,96118.74
2018-09-30 18:00:00,20,294.2,328,546,0,53.2,-2.21,1.38,0.00864,96665.74
2018-10-01 00:00:00,20,286.96,309,358,0,71.9,-1.4699999,1.1899999,0.00739,96236.09
2018-10-01 06:00:00,20,283.1,285,0,0,78.8,-1.17,1.2099999,0.0062499996,96582.49
2018-10-01 12:00:00,20,281.80002,278,5,0,82.5,-1.17,1.25,0.00598,96369.52
2018-10-01 18:00:00,20,292.7,290,574,0,43.4,-2.1399999,1.2099999,0.00642,96579.71
2018-10-02 00:00:00,20,286.15,300,351,0,60.7,-3.24,1.6899999,0.00588,96663.69
2018-10-02 06:00:00,20,279.13,264,0,0,77.4,-1.73,1.31,0.00464,96525.375
2018-10-02 12:00:00,20,276.30002,236,5,0,86.5,-1.3,1.02,0.0042499998,96918.15
2018-10-02 18:00:00,20,292.1,253,594,0,34.3,-0.07,0.38,0.0048499997,96517.51
2018-10-03 00:00:00,20,280.9,277,361,0,69,1.36,-0.65,0.00462,96565.125
2018-10-03 06:00:00,20,279.84,270,0,0,80.9,0.84,1.56,0.00514,96479.46
2018-10-03 12:00:00,20,279.7,274,4,0,84.700005,-0.78,1.55,0.00533,96475.14
2018-10-03 18:00:00,20,292.4,290,559,0,39.5,-1.87,1.17,0.0057099997,96402.97
2018-10-04 00:00:00,20,282,308,341,0,88.700005,-0.56,0.48999998,0.0065599997,96280.23
2018-10-04 06:00:00,20,282.2,292,0,0,83.5,-1.06,1.38,0.00621,96515.59
2018-09-18 06:00:00,21,291.4,9999e17,9999e17,9999e17,98,0.58,0.98999995,0.013429999,96010.9
2018-09-18 12:00:00,21,292.80002,380,6,1e-5,96.9,-1.1,2.95,0.0144299995,95996.586
2018-09-18 18:00:00,21,300.4,383,554,0,56.9,-4.44,3.1299999,0.01346,96040.18
2018-09-19 00:00:00,21,295.2,369,397,0,76.1,-2.53,1.9399999,0.0131399995,96032.74
2018-09-19 06:00:00,21,291,347,0,0,95.9,-1.2099999,1.8,0.0127799995,96197.21
2018-09-19 12:00:00,21,290.7,335,7,0,94.700005,-1.26,1.6899999,0.01234,96312.62
2018-09-19 18:00:00,21,303.30002,358,601,0,42,-1.49,-0.42,0.01174,96429.04
2018-09-20 00:00:00,21,293,374,394,0,79.6,0.47,-1.42,0.01201,96420.6
2018-09-20 06:00:00,21,288.4,350,0,0,93.9,0.68,-0.71999997,0.01054,96688.65
2018-09-20 12:00:00,21,290.5,336,7,0,92.9,0.83,0.81,0.01191,96853.766
2018-09-20 18:00:00,21,301.80002,359,594,0,49.5,2.01,-0.79999995,0.0125899995,96915.805
2018-09-21 00:00:00,21,293.6,370,388,0,86.4,1.87,-0.90999997,0.0134,96888.99
2018-09-21 06:00:00,21,290,341,0,0,98,1.4,1.0799999,0.0121,97056.33
2018-09-21 12:00:00,21,289.5,330,7,0,98.6,1.0799999,1.1899999,0.01181,97079.25
2018-09-21 18:00:00,21,300,342,599,0,53.4,2.9099998,0.34,0.012209999,96938.23
2018-09-22 00:00:00,21,293,360,390,0,92.8,2.18,0.48,0.013909999,96825.6
2018-09-22 06:00:00,21,290.5,341,0,0,98.4,0.68,2.12,0.0126,96792.305
2018-09-22 12:00:00,21,290.4,343,6,0,93.700005,-0.69,1.8299999,0.01196,96772.18
2018-09-22 18:00:00,21,300.80002,372,575,7.9e-5,68.1,-0.38,0.32999998,0.01642,96667.44
2018-09-23 00:00:00,21,292.80002,379,368,3.83e-4,94.1,-0.57,-1.65,0.013929999,96674.08
2018-09-23 06:00:00,21,291.4,386,0,2.64e-4,98.700005,-0.22999999,-2.28,0.01337,96743.836
2018-09-23 12:00:00,21,289.5,397,0,7.6e-5,98.200005,-0.84,-1.78,0.01175,97023.33
2018-09-23 18:00:00,21,290.80002,390,156,2.6e-5,93.8,-0.64,-2.18,0.01219,96998.164
2018-09-24 00:00:00,21,289.29,393,106,7.8e-5,97.8,-0.77,-2.6399999,0.01156,97066.24
2018-09-24 06:00:00,21,287.9,387,0,1.31e-4,98.4,-1.3299999,-1.61,0.010629999,97010.414
2018-09-24 12:00:00,21,287.5,380,1,2.08e-4,98.4,-1.01,-0.52,0.01034,97176.81
2018-09-24 18:00:00,21,292,384,136,1.43e-4,94.3,-0.11,-0.47,0.01321,97095.33
2018-09-25 00:00:00,21,289.06,383,153,3.3e-5,98.8,0.68,-0.5,0.0115,97091.08
2018-09-25 06:00:00,21,287.2,350,0,0,100,0.76,0.099999994,0.01029,97122.45
2018-09-25 12:00:00,21,290.88577,388,2,9e-6,98.6,0.71,-0.11,0.01277,97262.375
2018-09-25 18:00:00,21,297.71,405,241,1.2e-5,74,0.53,-0.02,0.01473,97298.125
2018-09-26 00:00:00,21,291.53,385,287,4.6e-5,95.5,1.0699999,-0.69,0.012999999,97179.67
2018-09-26 06:00:00,21,292,383,0,1.3e-5,97.8,0.62,-0.59,0.01375,97216.95
2018-09-26 12:00:00,21,291.5,397,2,2.3e-5,99.4,0.16,-0.57,0.01347,97352.79
2018-09-26 18:00:00,21,299.80002,402,345,1.5e-5,69.200005,0.82,0.28,0.015559999,97431.61
2018-09-27 00:00:00,21,293.54,401,286,3e-6,92.6,1.26,-0.06,0.01432,97010.96
2018-09-27 06:00:00,21,292.5,393,0,0,95,0.84,1.49,0.01376,97099.4
2018-09-27 12:00:00,21,291.7,360,5,0,97.200005,-0.71,1.5699999,0.0134,96804.74
2018-09-27 18:00:00,21,301.9,376,549,0,54.8,-1.64,1.4,0.01411,96811.71
2018-09-28 00:00:00,21,295.4,393,336,2e-6,82.6,-1.3299999,1.37,0.014389999,96633.29
2018-09-28 06:00:00,21,292.30002,370,0,3e-6,95.8,-1.18,1.05,0.01371,96937.805
2018-09-28 12:00:00,21,291.2,362,4,1e-6,98.1,-0.53999996,-0.89,0.01313,97039.2
2018-09-28 18:00:00,21,294.30002,394,262,2.8e-5,81.4,0.7,-2.11,0.01322,96785.68
2018-09-29 00:00:00,21,291,396,102,1.6e-5,90.200005,0.82,-1.28,0.01186,97226.234
2018-09-29 06:00:00,21,287.80002,367,0,2e-6,95.5,1.22,0.21,0.0103,96889.67
2018-09-29 12:00:00,21,289.7,363,4,1.1e-5,97.4,0.77,1.66,0.01184,96974.22
2018-09-29 18:00:00,21,300.4,379,526,3.1e-5,67.200005,0.65999997,2.01,0.015829999,96482.25
2018-09-30 00:00:00,21,294.9,402,302,9.7e-5,94.5,0.69,1.48,0.01598,96520.93
2018-09-30 06:00:00,21,291.7,371,0,1.59e-4,98.200005,-0.25,1.6999999,0.01363,96527.586
2018-09-30 12:00:00,21,289.9,347,4,0,98,-0.7,1.53,0.0121,96404.68
2018-09-30 18:00:00,21,298.2,358,520,1.5e-5,61.7,-1.55,0.11,0.012689999,96754.29
2018-10-01 00:00:00,21,290.1,364,311,1.37e-4,97.200005,-0.08,-1.4699999,0.01218,96274.586
2018-10-01 06:00:00,21,288.1,376,0,5.7e-5,97.3,0.59,-1.63,0.010629999,97028.414
2018-10-01 12:00:00,21,285.6,365,2,2e-5,96.6,0.17,-1.3399999,0.00899,96765.98
2018-10-01 18:00:00,21,290.2,359,240,7e-6,65.4,0.39,-1.5999999,0.00814,97384.664
2018-10-02 00:00:00,21,286.9,368,139,7e-6,82.700005,-0.19,-1.42,0.00835,97078.11
2018-10-02 06:00:00,21,285.2,346,0,1e-5,90.6,-0.47,-0.98999995,0.00818,97440.95
2018-10-02 12:00:00,21,282.80002,331,4,6e-6,97.9,-0.79999995,-1.1999999,0.0075299996,97623.68
2018-10-02 18:00:00,21,291.2,326,452,1e-6,63.600002,0.22999999,-1.89,0.008429999,97406.43
2018-10-03 00:00:00,21,286.7,355,202,1e-6,89,-0.32,-1.52,0.008789999,97742.52
2018-10-03 06:00:00,21,282.7,322,0,0,96.200005,-0.56,-0.9,0.0073599997,97238.09
2018-10-03 12:00:00,21,283,309,4,0,96.4,-0.96999997,-0.84,0.0074899998,97563.016
2018-10-03 18:00:00,21,294.30002,325,521,0,58.4,0.16,-1.7199999,0.00945,97024.98
2018-10-04 00:00:00,21,287.2,344,304,0,94.5,0.19,-1.3299999,0.009769999,97238.375
2018-10-04 06:00:00,21,285.30002,328,0,1e-6,97.700005,-0.71,-1.06,0.00895,96936.055
