forecast.date,ensembles,tmp2m,dlwrfsfc,dswrfsfc,pratesfc,rh2m,vgrd10m,ugrd10m
2018-07-14 12:00:00,1,293.80002,9999e17,9999e17,9999e17,85.5,0.52,0.57
2018-07-14 18:00:00,1,303.2,379,693,2e-6,47.4,1.61,-0.94
2018-07-15 00:00:00,1,299,395,518,0,61.100002,1.9499999,-1.3199999
2018-07-15 06:00:00,1,291.5,360,3,0,87.6,1.61,1.02
2018-07-15 12:00:00,1,294.30002,358,32,0,87,0.65,1.62
2018-07-15 18:00:00,1,304.6,394,691,6.5e-5,49.9,1.55,0.45999998
2018-07-16 00:00:00,1,299.7,412,525,1.11e-4,76.3,0.87,0.78
2018-07-16 06:00:00,1,294.5,401,2,1.04e-4,93.4,1.27,1.35
2018-07-16 12:00:00,1,295.30002,382,30,9.2e-5,95.1,0.78999996,1.35
2018-07-16 18:00:00,1,303.4,405,648,5.4e-5,57,2.81,1.05
2018-07-17 00:00:00,1,298.4,418,462,1.33e-4,92.9,1.61,0.84
2018-07-17 06:00:00,1,294.7,398,2,2.1e-5,98.200005,1.3199999,1.4699999
2018-07-17 12:00:00,1,295.4,382,30,5e-6,95.5,0.5,1.61
2018-07-17 18:00:00,1,299.9,405,429,4.9e-5,73,1.11,3.1599998
2018-07-18 00:00:00,1,299.30002,418,367,1.9e-5,75.700005,-1.1999999,2.6799998
2018-07-18 06:00:00,1,293.9,383,2,4e-5,94,-1.91,2.08
2018-07-18 12:00:00,1,293.1,350,32,0,88.9,-1.66,1.36
2018-07-18 18:00:00,1,303.6,350,752,0,30.9,-2.49,0.38
2018-07-19 00:00:00,1,298.1,369,595,0,57.600002,-1.93,-0.07
2018-07-19 06:00:00,1,289.5,342,3,0,76,-1.77,-0.42999998
2018-07-19 12:00:00,1,291.7,325,32,0,67.700005,-0.66999996,-0.19
2018-07-19 18:00:00,1,302,351,744,0,40.3,1.9599999,-1.39
2018-07-20 00:00:00,1,297.7,376,559,0,60.4,1.49,-1.81
2018-07-20 06:00:00,1,289.1,353,2,0,86.8,1.52,0.089999996
2018-07-20 12:00:00,1,291.9,332,27,0,74.700005,0.21,-0.41
2018-07-20 18:00:00,1,301.6,355,740,0,41.9,3.6,-1.77
2018-07-21 00:00:00,1,297.4,369,587,0,59.2,2.73,-0.83
2018-07-21 06:00:00,1,290.30002,347,2,0,90.6,2.02,0.55
2018-07-21 12:00:00,1,292.9,381,5,9.5e-5,97.9,1.93,-0.19
2018-07-21 18:00:00,1,300,405,386,9e-5,68.3,2.52,1.54
2018-07-22 00:00:00,1,296,383,555,2.63e-4,89.8,0.04,1.14
2018-07-22 06:00:00,1,289.6,347,2,2e-6,97.1,-1.13,1.79
2018-07-22 12:00:00,1,290.6,329,30,0,93.6,-0.39,1.91
2018-07-22 18:00:00,1,302.6,365,721,5e-6,41.8,-0.049999997,3.1
2018-07-23 00:00:00,1,298.6,396,488,1.1e-5,65.200005,-1.04,1.7099999
2018-07-23 06:00:00,1,291.30002,358,2,0,92.1,-0.78,1.5899999
2018-07-23 12:00:00,1,293.1,342,29,0,85,-0.53,1.35
2018-07-23 18:00:00,1,304.6,382,666,0,39,0.53,2.31
2018-07-24 00:00:00,1,300.5,403,547,0,61.9,0.72999996,1.1
2018-07-24 06:00:00,1,292.7,376,2,5e-6,89.700005,0.58,1.0799999
2018-07-24 12:00:00,1,294.9,383,20,2e-6,87.3,1.29,1.17
2018-07-24 18:00:00,1,304.9,403,516,2.2e-5,44.4,3.79,2.8899999
2018-07-25 00:00:00,1,298.2,405,548,2.12e-4,89.4,0.66999996,1.73
2018-07-25 06:00:00,1,292.9,376,2,2.38e-4,97.8,-0.48,1.9
2018-07-25 12:00:00,1,292.9,351,28,0,96.700005,-1.04,1.1
2018-07-25 18:00:00,1,303.5,367,709,0,42.100002,-0.84,1.25
2018-07-26 00:00:00,1,297.4,405,450,1.1e-5,68.4,-0.53,1.27
2018-07-26 06:00:00,1,291.4,385,1,0,81.3,-1.41,1.1899999
2018-07-26 12:00:00,1,291.1,339,28,0,83.200005,-1.4399999,1.0799999
2018-07-26 18:00:00,1,302.5,360,723,1.5e-5,43.4,-1.3199999,-0.58
2018-07-27 00:00:00,1,294.80002,379,502,6.4e-5,81.4,-0.89,-1.62
2018-07-27 06:00:00,1,289.1,341,2,3.7e-5,96.8,-1.61,0.35999998
2018-07-27 12:00:00,1,289.9,330,27,0,95.5,-1.39,0.68
2018-07-27 18:00:00,1,301,358,689,6e-6,45.100002,-1.02,-1.9599999
2018-07-28 00:00:00,1,295.1,369,554,5.4e-5,80.200005,-0.47,-1.64
2018-07-28 06:00:00,1,289.5,346,2,2e-6,93.700005,-1.3399999,-0.81
2018-07-28 12:00:00,1,291.1,338,26,0,91,-1.65,-0.26999998
2018-07-28 18:00:00,1,300.7,362,693,1e-6,48.4,0.17999999,-3.58
2018-07-29 00:00:00,1,296.1,378,521,2.2e-5,77.200005,0.84999996,-1.7099999
2018-07-29 06:00:00,1,290.2,354,2,4e-6,98.200005,-0.57,-1.18
2018-07-29 12:00:00,1,292,376,10,1.1e-5,96.6,-0.59999996,-1.02
2018-07-29 18:00:00,1,298.30002,406,279,2.1e-5,67.6,0.47,-1.18
2018-07-30 00:00:00,1,295.9,403,307,7.7e-5,88.3,0.75,-0.91999996
2018-07-30 06:00:00,1,290.1,369,1,1.9e-4,98,0.16,-0.90999997
2018-07-30 12:00:00,1,293,370,12,1.2e-5,96.6,0.51,-0.76
2018-07-14 12:00:00,2,293.9,9999e17,9999e17,9999e17,85.6,1.03,0.51
2018-07-14 18:00:00,2,304.5,381,685,5e-6,45.600002,1.18,0.03
2018-07-15 00:00:00,2,299.5,399,557,0,62.600002,1.9,-0.98999995
2018-07-15 06:00:00,2,292.30002,368,3,0,89,1.61,1.13
2018-07-15 12:00:00,2,295.2,364,31,5e-6,88.6,0.25,1.7099999
2018-07-15 18:00:00,2,303.30002,398,699,1.45e-4,61.7,0.96,1.02
2018-07-16 00:00:00,2,298.9,423,381,9.1e-5,85.3,-0.02,1.09
2018-07-16 06:00:00,2,294.80002,403,2,1.1e-5,94.700005,0.88,1.52
2018-07-16 12:00:00,2,295.6,382,31,1.5e-5,94.8,0.87,1.1999999
2018-07-16 18:00:00,2,304,408,639,4.1e-5,55.7,2.77,0.96
2018-07-17 00:00:00,2,298.1,412,540,1.87e-4,92.700005,1.92,0.87
2018-07-17 06:00:00,2,294.6,393,2,3e-6,98.5,1.16,1.4399999
2018-07-17 12:00:00,2,295.4,382,30,4.5e-5,95.3,0.32,1.5899999
2018-07-17 18:00:00,2,301.30002,409,494,2.8e-5,62.4,0.62,3.37
2018-07-18 00:00:00,2,298.6,416,448,1.45e-4,90.200005,-1.03,1.67
2018-07-18 06:00:00,2,294.2,389,2,0,97.200005,-1.5999999,1.76
2018-07-18 12:00:00,2,294.5,363,31,0,93.3,-1.8199999,1.4499999
2018-07-18 18:00:00,2,303.5,365,743,0,31.5,-2.9299998,1.66
2018-07-19 00:00:00,2,297.6,364,595,0,48.5,-2.9299998,1.09
2018-07-19 06:00:00,2,288.7,325,3,0,60.100002,-1.86,0.78999996
2018-07-19 12:00:00,2,290.30002,313,29,0,61.2,-1.53,0.41
2018-07-19 18:00:00,2,301.1,342,744,0,38.3,1.2099999,-2.3799999
2018-07-20 00:00:00,2,297.2,371,561,0,59.8,0.76,-2.1399999
2018-07-20 06:00:00,2,288.7,350,2,0,88.9,1.24,-0.52
2018-07-20 12:00:00,2,291.4,343,29,0,73.4,-0.57,-0.88
2018-07-20 18:00:00,2,301.2,369,720,7e-6,47.3,2.6,-2.6299999
2018-07-21 00:00:00,2,297.30002,382,567,9e-6,56.8,1.76,-1.91
2018-07-21 06:00:00,2,288.80002,351,2,0,95.200005,0.62,-1.06
2018-07-21 12:00:00,2,292.5,352,18,2e-6,94,0.71,-0.62
2018-07-21 18:00:00,2,299.6,401,512,3.4e-5,61.100002,2.81,-1.9499999
2018-07-22 00:00:00,2,294.5,409,256,2.3599999e-4,93.1,1.4699999,-0.42999998
2018-07-22 06:00:00,2,292.5,395,0,4.04e-4,98.5,0.52,-0.90999997
2018-07-22 12:00:00,2,292.80002,398,2,5.79e-4,99.1,-0.75,-2.1399999
2018-07-22 18:00:00,2,294.80002,407,193,3.83e-4,95.3,-1.18,-3
2018-07-23 00:00:00,2,294.30002,410,155,8.3e-5,94.6,-0.96999997,-1.5799999
2018-07-23 06:00:00,2,290.80002,397,1,1.4e-5,99,-1.15,0.02
2018-07-23 12:00:00,2,293.30002,362,27,0,94.3,-0.89,0.74
2018-07-23 18:00:00,2,306.4,388,697,0,47.5,0.19,-0.72999996
2018-07-24 00:00:00,2,300.4,416,509,0,71.4,1.9499999,0.19
2018-07-24 06:00:00,2,294,384,2,0,96.4,1.35,1.4599999
2018-07-24 12:00:00,2,295.4,372,28,0,87.5,0.39,1.62
2018-07-24 18:00:00,2,302.6,401,702,1.17e-4,74.8,1.18,1.93
2018-07-25 00:00:00,2,298.30002,409,487,4.76e-4,92.1,0.76,0.7
2018-07-25 06:00:00,2,293.30002,385,2,9.3e-5,97.1,0.01,1.48
2018-07-25 12:00:00,2,294.80002,370,27,1.4e-4,94,0.42,0.98999995
2018-07-25 18:00:00,2,302.80002,389,693,8.1e-5,56.8,1.65,2.09
2018-07-26 00:00:00,2,296.9,397,563,9.9e-5,90.8,2.83,0.26999998
2018-07-26 06:00:00,2,293.9,375,2,5e-6,98.4,1.8399999,1.38
2018-07-26 12:00:00,2,294,371,25,0,97.5,1.6999999,1.7099999
2018-07-26 18:00:00,2,299.9,394,638,1.61e-4,81.700005,2.1399999,2.7
2018-07-27 00:00:00,2,296,387,544,1.73e-4,87.1,0.96,1.8
2018-07-27 06:00:00,2,289.5,348,2,2.7e-5,90,-0.98999995,1.61
2018-07-27 12:00:00,2,288.6,322,27,0,86.9,-1.38,0.79999995
2018-07-27 18:00:00,2,303.1,339,734,0,36.8,0.099999994,0.68
2018-07-28 00:00:00,2,296.7,368,551,0,70.4,-0.83,0.11
2018-07-28 06:00:00,2,289.80002,350,2,0,77.8,-1.11,1.23
2018-07-28 12:00:00,2,290.6,333,25,0,78,-1.3399999,0.74
2018-07-28 18:00:00,2,303.5,362,701,1e-6,40.9,1.29,0.13
2018-07-29 00:00:00,2,297.6,411,330,2e-6,70.5,1.4499999,-0.68
2018-07-29 06:00:00,2,291,380,1,1.1e-5,93.6,-0.14999999,1.06
2018-07-29 12:00:00,2,292.7,353,25,6e-6,83.1,-1.15,0.78999996
2018-07-29 18:00:00,2,302.7,376,700,3.9e-5,49.9,1.03,0.98999995
2018-07-30 00:00:00,2,297.4,399,473,5.7e-5,77.200005,1.3,0.57
2018-07-30 06:00:00,2,291.80002,369,1,4.2e-5,89.3,0.14,1.42
2018-07-30 12:00:00,2,293,361,20,1.02e-4,94.1,-0.74,1.22
2018-07-14 12:00:00,3,293.80002,9999e17,9999e17,9999e17,87.4,-0.32,0.55
2018-07-14 18:00:00,3,303.30002,383,678,1e-6,47,1.13,-0.82
2018-07-15 00:00:00,3,299.1,395,545,0,63.4,2.1299999,-0.82
2018-07-15 06:00:00,3,292.30002,367,3,0,92.8,1.5699999,1.12
2018-07-15 12:00:00,3,294.6,362,31,0,89.8,0.96,1.63
2018-07-15 18:00:00,3,303.4,398,657,1.31e-4,58.8,1.4499999,0.62
2018-07-16 00:00:00,3,299.2,416,474,1.47e-4,87.3,0.35,1.03
2018-07-16 06:00:00,3,295,404,2,5.5e-5,96.700005,0.96,1.55
2018-07-16 12:00:00,3,295.30002,392,20,2.81e-4,96.3,0.85999995,1.05
2018-07-16 18:00:00,3,303.9,408,631,5.2e-5,57.3,2.44,0.79999995
2018-07-17 00:00:00,3,298.4,416,469,2.12e-4,92.5,1.64,0.35
2018-07-17 06:00:00,3,294.80002,408,1,2.81e-4,97.9,1,1.49
2018-07-17 12:00:00,3,295.4,391,23,8e-6,95.9,0.72999996,1.26
2018-07-17 18:00:00,3,299.5,413,299,3.2e-5,79.3,2.35,1.12
2018-07-18 00:00:00,3,298.5,416,417,8.2e-5,87.3,-0.22999999,2.24
2018-07-18 06:00:00,3,294.30002,384,2,0,92.9,-1.9599999,2.34
2018-07-18 12:00:00,3,293.1,350,30,0,91.1,-1.8399999,1.51
2018-07-18 18:00:00,3,304.4,346,754,0,29.6,-0.96,-1.22
2018-07-19 00:00:00,3,298.5,370,596,0,61,1.13,-0.75
2018-07-19 06:00:00,3,291.7,349,2,0,68,0.02,1.79
2018-07-19 12:00:00,3,294.30002,343,31,0,71.8,0.06,1.52
2018-07-19 18:00:00,3,305.4,377,734,0,37.100002,2.9099998,0.94
2018-07-20 00:00:00,3,299.7,412,504,5e-6,62.4,2.73,-0.34
2018-07-20 06:00:00,3,293.30002,395,1,0,69,2.04,0.9
2018-07-20 12:00:00,3,293.2,352,27,0,74.6,1.62,1.18
2018-07-20 18:00:00,3,303.4,367,714,0,36.7,4.49,-0.24
2018-07-21 00:00:00,3,299.4,399,509,0,65.8,3.22,0.91999996
2018-07-21 06:00:00,3,295,387,2,5.3e-5,97.9,2.01,2.27
2018-07-21 12:00:00,3,294.4,370,30,0,92.1,-0.9,3.37
2018-07-21 18:00:00,3,302.30002,354,741,0,37.8,-2.98,3.9399998
2018-07-22 00:00:00,3,298.30002,371,588,0,58.8,-1.48,2.05
2018-07-22 06:00:00,3,292.1,351,2,0,78.3,-0.55,2.09
2018-07-22 12:00:00,3,294.2,343,30,0,71.700005,0.34,1.5699999
2018-07-22 18:00:00,3,305.30002,378,721,0,36.2,3.1999998,1.5799999
2018-07-23 00:00:00,3,300.7,413,435,0,63.7,1.93,0.07
2018-07-23 06:00:00,3,294.30002,383,2,8e-6,88.3,1.4499999,1.1999999
2018-07-23 12:00:00,3,295.2,373,27,7e-6,93,1.13,0.97999996
2018-07-23 18:00:00,3,304.6,398,656,1.04e-4,48.8,3.47,1
2018-07-24 00:00:00,3,297.9,405,540,1.81e-4,90.6,1.66,0.84999996
2018-07-24 06:00:00,3,293.9,382,2,9e-6,98,0.5,1.5999999
2018-07-24 12:00:00,3,294.30002,373,24,3.7e-5,96.8,0.099999994,1.48
2018-07-24 18:00:00,3,304.2,390,681,1.8e-5,46.9,0.26999998,2.18
2018-07-25 00:00:00,3,297.80002,402,548,1.06e-4,84.1,-0.049999997,1.8299999
2018-07-25 06:00:00,3,292.5,372,2,9.9e-5,95.200005,-0.69,1.76
2018-07-25 12:00:00,3,292.2,350,28,1e-6,95.9,-0.76,1.8299999
2018-07-25 18:00:00,3,299.4,359,704,3e-6,44,-2.3899999,4.2
2018-07-26 00:00:00,3,294.7,346,584,0,60.3,-1.86,1.49
2018-07-26 06:00:00,3,287.2,315,2,0,79.3,-1.7099999,0.91999996
2018-07-26 12:00:00,3,288.9,317,24,0,73.700005,-1.2099999,0.75
2018-07-26 18:00:00,3,302.5,339,715,0,35.7,-0.26,0.21
2018-07-27 00:00:00,3,295.2,357,517,0,59.9,-0.21,-1.5999999
2018-07-27 06:00:00,3,287.6,324,2,0,79.6,-1.5899999,0.13
2018-07-27 12:00:00,3,289.9,317,28,0,73.200005,-1.1999999,-0.42
2018-07-27 18:00:00,3,301.1,342,734,0,38.600002,2.02,-0.78999996
2018-07-28 00:00:00,3,296.2,359,575,0,60.4,1.62,-0.90999997
2018-07-28 06:00:00,3,288.6,336,2,0,79.1,1.64,0.57
2018-07-28 12:00:00,3,290.1,329,23,0,78.1,1.48,0.68
2018-07-28 18:00:00,3,301.80002,372,634,2e-6,46.3,3.85,1.7199999
2018-07-29 00:00:00,3,296.80002,394,543,9.8e-5,85.3,1.93,1.88
2018-07-29 06:00:00,3,293.30002,375,1,0,95.9,0.58,2.51
2018-07-29 12:00:00,3,292.4,354,25,0,92.5,-0.78,2.1299999
2018-07-29 18:00:00,3,301,346,730,0,39.600002,-2.6,3.05
2018-07-30 00:00:00,3,296.80002,362,574,0,61.2,-2.06,0.42999998
2018-07-30 06:00:00,3,290,339,1,0,88.1,-1.0699999,1.4
2018-07-30 12:00:00,3,291.80002,329,26,0,81.3,-1.13,0.9
2018-07-14 12:00:00,4,293.5,9999e17,9999e17,9999e17,87,0.44,0.96
2018-07-14 18:00:00,4,304.6,376,703,1e-6,43.2,1.3299999,-0.34
2018-07-15 00:00:00,4,299.30002,391,582,0,59.8,2.21,-0.9
2018-07-15 06:00:00,4,292.30002,365,3,0,93.8,1.5799999,1.14
2018-07-15 12:00:00,4,294.6,360,32,0,87.700005,0.59999996,1.8299999
2018-07-15 18:00:00,4,303.80002,393,697,1.1e-4,57.4,0.96999997,0.56
2018-07-16 00:00:00,4,299.6,414,512,1.01e-4,78.9,1.02,1.02
2018-07-16 06:00:00,4,295,399,2,6.4e-5,97.3,1.0799999,1.41
2018-07-16 12:00:00,4,295.30002,385,30,6.2e-5,95.8,0.93,1.3
2018-07-16 18:00:00,4,303,405,620,7.7e-5,59.600002,2.56,0.72999996
2018-07-17 00:00:00,4,298,417,495,1.7099999e-4,92,1.99,0.39
2018-07-17 06:00:00,4,294.6,396,2,7.9e-5,98.5,1.22,1.43
2018-07-17 12:00:00,4,295.2,384,29,4.9e-5,95.4,0.45,1.5999999
2018-07-17 18:00:00,4,301.2,406,416,3.4e-5,64.3,0.74,2.9199998
2018-07-18 00:00:00,4,298.4,421,324,7.2e-5,87.6,-0.75,1.87
2018-07-18 06:00:00,4,293.6,385,2,1e-6,97.3,-1.3299999,1.6999999
2018-07-18 12:00:00,4,294.1,364,31,3e-6,94.1,-1.76,0.85999995
2018-07-18 18:00:00,4,304.7,369,733,0,33.8,-1.68,-0.17
2018-07-19 00:00:00,4,298,389,533,0,60.4,-0.61,-1.4
2018-07-19 06:00:00,4,291.1,380,2,0,79.3,-0.5,-1.35
2018-07-19 12:00:00,4,290.6,334,32,0,71.3,-1.36,-0.14
2018-07-19 18:00:00,4,300.2,337,754,0,37.4,-0.17999999,-3.1299999
2018-07-20 00:00:00,4,295.30002,345,603,0,60.5,0.25,-2.05
2018-07-20 06:00:00,4,286.7,324,3,0,94.5,0.59,-1.17
2018-07-20 12:00:00,4,289.80002,317,31,0,88.200005,-1.04,-0.75
2018-07-20 18:00:00,4,299.30002,338,743,0,43.100002,1.73,-3.03
2018-07-21 00:00:00,4,295.1,376,470,0,65.4,1.87,-2.07
2018-07-21 06:00:00,4,289.7,369,1,0,88.6,0.32999998,-1.56
2018-07-21 12:00:00,4,290.4,375,6,8.7e-5,98.4,-0.32,-2.44
2018-07-21 18:00:00,4,293.4,400,93,2.52e-4,97.5,0.38,-3.27
2018-07-22 00:00:00,4,294.30002,415,140,0.001073,98.1,0.95,-1.3199999
2018-07-22 06:00:00,4,293.6,407,0,8.06e-4,99.4,1.36,-0.55
2018-07-22 12:00:00,4,294.5,412,12,5e-5,97.8,2.23,-0.099999994
2018-07-22 18:00:00,4,298.7,421,242,5.8e-5,83.8,2.8999999,0.56
2018-07-23 00:00:00,4,297.4,413,395,1.09e-4,92.700005,1.86,-0.29
2018-07-23 06:00:00,4,294.83,401,2,3.3e-5,98.6,1.91,0.37
2018-07-23 12:00:00,4,294.99,409,15,1.2e-5,97.700005,1.9799999,0.52
2018-07-23 18:00:00,4,301.21,410,515,5.5e-5,65,2.21,3.07
2018-07-24 00:00:00,4,298,410,403,4.8e-5,82.700005,0.01,1.3299999
2018-07-24 06:00:00,4,292.09,372,2,3e-6,96,-0.39,1.5999999
2018-07-24 12:00:00,4,292.38998,346,27,0,89,-0.84999996,1.4399999
2018-07-24 18:00:00,4,304.65,363,733,0,36.100002,-0.22,1.93
2018-07-25 00:00:00,4,299.91998,389,575,0,74.1,0.35,0.19999999
2018-07-25 06:00:00,4,293.18,375,2,0,76.3,-0.11,1.5799999
2018-07-25 12:00:00,4,294.6,361,28,0,80.200005,-0.74,1.4
2018-07-25 18:00:00,4,305.2,385,718,0,39.600002,1.06,3.06
2018-07-26 00:00:00,4,299.5,409,521,3.2e-5,68.9,-0.47,2.36
2018-07-26 06:00:00,4,292.9,379,1,5e-6,93.9,-0.68,1.8299999
2018-07-26 12:00:00,4,294,352,28,0,91.1,-0.06,1.53
2018-07-26 18:00:00,4,302.4,366,680,0,41.100002,-2.18,2.49
2018-07-27 00:00:00,4,297.6,375,556,0,67.200005,-1.18,0.049999997
2018-07-27 06:00:00,4,289.4,348,2,0,80.700005,-0.59999996,-0.42
2018-07-27 12:00:00,4,294.6,352,27,0,71.5,0.76,-0.81
2018-07-27 18:00:00,4,304.7,387,706,7e-6,49.100002,3.47,1.06
2018-07-28 00:00:00,4,299.9,414,530,4.7e-5,73.8,2.97,1.22
2018-07-28 06:00:00,4,295.4,391,2,0,93.1,1.88,2.07
2018-07-28 12:00:00,4,295.6,386,24,0,89.5,1.1899999,2.12
2018-07-28 18:00:00,4,300.7,405,522,2.7e-5,66.8,-0.39,2.8899999
2018-07-29 00:00:00,4,297.7,408,340,1.8e-5,76.700005,0.28,1.1999999
2018-07-29 06:00:00,4,291.9,371,1,0,81.700005,-1.37,0.85999995
2018-07-29 12:00:00,4,291.1,345,24,0,73.4,-1.65,-0.19999999
2018-07-29 18:00:00,4,302.7,359,701,0,43.600002,0.96999997,-1.2099999
2018-07-30 00:00:00,4,297.87,392,499,6e-6,73.1,1.6899999,-0.42
2018-07-30 06:00:00,4,292.2,374,1,1.6e-5,96.700005,0.91999996,0.82
2018-07-30 12:00:00,4,295,357,25,5e-6,89.3,-0.13,0.16
2018-07-14 12:00:00,5,293,9999e17,9999e17,9999e17,83.3,0.42,0.65
2018-07-14 18:00:00,5,304.1,372,711,0,43.7,1.24,-0.62
2018-07-15 00:00:00,5,298.7,389,559,0,59.8,2.01,-1.22
2018-07-15 06:00:00,5,291.2,357,3,0,86.8,1.5799999,1.05
2018-07-15 12:00:00,5,294.30002,356,32,0,87.200005,0.59999996,1.6999999
2018-07-15 18:00:00,5,303.4,394,695,1.24e-4,61.9,0.89,0.39999998
2018-07-16 00:00:00,5,298.7,414,468,1.48e-4,86.9,0.47,1.22
2018-07-16 06:00:00,5,294.6,393,2,4.3e-5,96.9,1.1899999,1.37
2018-07-16 12:00:00,5,295.5,384,29,1.1e-5,95.4,0.78,0.88
2018-07-16 18:00:00,5,303.80002,407,600,6.6e-5,53.9,2.6799998,0.83
2018-07-17 00:00:00,5,298.4,415,512,1.8e-4,92.1,1.76,0.35999998
2018-07-17 06:00:00,5,294.80002,397,2,7e-6,97.700005,1.4,1.3299999
2018-07-17 12:00:00,5,295.2,387,28,1.6e-5,95.1,0.78999996,1.41
2018-07-17 18:00:00,5,303.6,409,545,2.1e-5,53.3,1.76,2.06
2018-07-18 00:00:00,5,298.4,419,400,1.15e-4,90.8,1.01,1.4
2018-07-18 06:00:00,5,294.5,393,2,0,97.1,-0.5,2.12
2018-07-18 12:00:00,5,294.7,371,30,0,92,-2.12,1.91
2018-07-18 18:00:00,5,305.5,384,724,0,36.7,-2.44,-0.17999999
2018-07-19 00:00:00,5,298.4,421,402,9e-6,62.600002,-0.95,-1.23
2018-07-19 06:00:00,5,289.2,361,2,0,94.3,-0.28,0.14999999
2018-07-19 12:00:00,5,294,351,31,4.5e-5,88.8,-0.77,0.71
2018-07-19 18:00:00,5,304,375,725,3.4e-5,38.600002,2.52,-0.58
2018-07-20 00:00:00,5,297.2,400,433,5.6e-5,76.6,1.92,-0.45
2018-07-20 06:00:00,5,291.5,376,2,3e-5,96.5,1.18,-0.099999994
2018-07-20 12:00:00,5,293,381,12,3.3e-5,96.200005,-0.099999994,-0.91999996
2018-07-20 18:00:00,5,299.2,391,443,1.3e-4,58.3,2.3799999,-1.28
2018-07-21 00:00:00,5,295.80002,401,293,1.8e-5,77.200005,0.35999998,-1.7099999
2018-07-21 06:00:00,5,292,388,1,5.64e-4,98.6,0.65,-1.42
2018-07-21 12:00:00,5,290.30002,389,1,0.001109,96.8,-1.4,-3.3899999
2018-07-21 18:00:00,5,290.80002,389,67,7.54e-4,98,-2.04,-2.6499999
2018-07-22 00:00:00,5,291.1,400,43,8.91e-4,99,-2.4199998,-1.11
2018-07-22 06:00:00,5,291,400,0,2e-4,99.1,-1.73,0.049999997
2018-07-22 12:00:00,5,292.30002,399,19,9e-6,97.1,-1.27,0.71
2018-07-22 18:00:00,5,304.1,398,625,2e-6,55.7,-0.52,-0.79999995
2018-07-23 00:00:00,5,299,418,424,5e-6,80.4,1.26,-0.76
2018-07-23 06:00:00,5,292.30002,376,2,0,96.700005,0.26999998,1.12
2018-07-23 12:00:00,5,296,359,29,0,90.3,-0.17999999,0.71999997
2018-07-23 18:00:00,5,307.4,385,727,0,38.7,0.48,-0.85999995
2018-07-24 00:00:00,5,299.9,396,574,0,66.200005,1.9399999,-0.5
2018-07-24 06:00:00,5,293.80002,370,2,0,86.200005,0.61,1.79
2018-07-24 12:00:00,5,295.1,361,29,0,87,0.08,1.5999999
2018-07-24 18:00:00,5,303.7,397,714,1.23e-4,67.200005,0.91999996,1.23
2018-07-25 00:00:00,5,299.1,410,539,1.72e-4,86.200005,1.9,0.90999997
2018-07-25 06:00:00,5,294,388,2,1.9e-5,96.3,0.089999996,1.49
2018-07-25 12:00:00,5,294.6,374,27,6.9e-5,95.4,-0.17,1.4499999
2018-07-25 18:00:00,5,300.6,388,699,2.62e-4,66.6,-1.56,1.1899999
2018-07-26 00:00:00,5,297.9,391,558,1.19e-4,80.8,-0.84999996,-0.03
2018-07-26 06:00:00,5,290.2,356,2,3.1e-5,89.700005,-1.5999999,0.55
2018-07-26 12:00:00,5,290.2,340,27,0,86.4,-1.35,0.94
2018-07-26 18:00:00,5,302,362,711,1.1e-5,44.7,-1.04,-1.24
2018-07-27 00:00:00,5,296.6,383,513,2e-5,75.1,0.71999997,-1.03
2018-07-27 06:00:00,5,289,357,1,1.7e-5,94.5,0.12,1.14
2018-07-27 12:00:00,5,291.2,333,28,0,85.4,-1.4499999,0.44
2018-07-27 18:00:00,5,301.5,352,729,2e-6,38.9,1.12,-2.49
2018-07-28 00:00:00,5,295.2,369,559,1.61e-4,88.3,-0.77,-0.45999998
2018-07-28 06:00:00,5,289.1,353,2,9e-6,93.8,-1.43,-0.03
2018-07-28 12:00:00,5,291.1,334,26,0,92.6,-1.27,0.52
2018-07-28 18:00:00,5,300.30002,359,695,4.6e-5,51.7,-1.35,-0.26999998
2018-07-29 00:00:00,5,294.30002,370,527,1.29e-4,86.8,-1.04,0.29999998
2018-07-29 06:00:00,5,288.7,340,2,3e-5,94.9,-1.0799999,1.09
2018-07-29 12:00:00,5,289.4,326,26,0,94.9,-0.90999997,1.23
2018-07-29 18:00:00,5,301.5,343,727,0,35.9,-0.17999999,1.6899999
2018-07-30 00:00:00,5,295.5,362,527,0,65.200005,-1,1.06
2018-07-30 06:00:00,5,288.80002,333,1,0,74.200005,-1.37,1.15
2018-07-30 12:00:00,5,289.9,322,26,0,78.3,-1.18,0.91999996
2018-07-14 12:00:00,6,293.7,9999e17,9999e17,9999e17,86.6,0.29,0.53
2018-07-14 18:00:00,6,302.6,385,671,7e-6,47.7,1.5,-2
2018-07-15 00:00:00,6,298.5,386,579,0,60,1.8499999,-1.39
2018-07-15 06:00:00,6,291,356,3,0,85,1.66,0.79999995
2018-07-15 12:00:00,6,293.9,355,32,0,83.700005,0.72999996,1.6899999
2018-07-15 18:00:00,6,304.80002,394,694,4.1e-5,47.7,1.81,0.37
2018-07-16 00:00:00,6,300.30002,411,534,3.6e-5,73.8,1.03,0.12
2018-07-16 06:00:00,6,294.6,396,2,9e-6,80.4,1.53,1.1999999
2018-07-16 12:00:00,6,295.30002,381,28,1e-6,86.3,0.65999997,1.4499999
2018-07-16 18:00:00,6,304.4,402,681,3.2e-5,51.2,2.9299998,0.72999996
2018-07-17 00:00:00,6,298.4,418,452,1.24e-4,88.200005,1.36,1.4699999
2018-07-17 06:00:00,6,294.6,397,2,1.9e-5,98.4,1.22,1.4499999
2018-07-17 12:00:00,6,295,378,30,1.41e-4,95,0.14999999,1.8299999
2018-07-17 18:00:00,6,299.2,403,466,7.2e-5,80.3,0.37,2.8999999
2018-07-18 00:00:00,6,299.4,414,418,5e-5,77.6,-1.5999999,1.1
2018-07-18 06:00:00,6,292.6,376,2,5.8e-5,95.4,-1.7199999,1
2018-07-18 12:00:00,6,291.4,348,31,0,85.700005,-1.7099999,0.85999995
2018-07-18 18:00:00,6,302.1,363,638,0,35.4,-1.73,0.53
2018-07-19 00:00:00,6,297.4,373,576,0,63.7,-1.4499999,0.06
2018-07-19 06:00:00,6,291.80002,379,2,0,75.1,-1.16,-0.82
2018-07-19 12:00:00,6,291.80002,361,7,0,76.4,-1.16,-0.16
2018-07-19 18:00:00,6,301.5,381,493,0,39.8,0.78999996,-2.46
2018-07-20 00:00:00,6,296.9,390,456,1e-6,61.9,1.1,-2.01
2018-07-20 06:00:00,6,288.2,347,2,0,92.700005,1.27,-0.51
2018-07-20 12:00:00,6,291.5,326,32,0,79,-0.71,-0.76
2018-07-20 18:00:00,6,300.7,346,749,0,40.3,1.3299999,-3.51
2018-07-21 00:00:00,6,296.1,362,576,0,64.1,1.13,-1.9799999
2018-07-21 06:00:00,6,288.80002,348,2,0,94.3,0.06,-1.29
2018-07-21 12:00:00,6,289.9,358,10,0,86.4,-0.62,-0.72999996
2018-07-21 18:00:00,6,296.1,372,292,8e-6,51.100002,0.51,-2.09
2018-07-22 00:00:00,6,293.7,377,342,0,71.6,0.85999995,-1.13
2018-07-22 06:00:00,6,286.30002,347,2,0,95.8,-0.55,-0.47
2018-07-22 12:00:00,6,291.1,339,29,0,80.3,-1.16,0.35999998
2018-07-22 18:00:00,6,304,367,706,0,44.5,0.39,-0.89
2018-07-23 00:00:00,6,298.7,395,542,0,66.6,1.9399999,-1.1
2018-07-23 06:00:00,6,291.80002,375,2,0,95.1,1.17,0.78
2018-07-23 12:00:00,6,294.1,362,28,9e-6,88.6,-0.17,1.3
2018-07-23 18:00:00,6,304.7,392,690,3e-6,43.5,2.33,1.0799999
2018-07-24 00:00:00,6,299.4,413,478,3.8e-5,76.200005,1.4599999,0.93
2018-07-24 06:00:00,6,294.1,384,2,0,94.6,1.23,1.52
2018-07-24 12:00:00,6,294.30002,375,25,8e-5,95.700005,1.41,1.75
2018-07-24 18:00:00,6,302.5,395,688,9e-5,64.4,1.86,2.71
2018-07-25 00:00:00,6,297.7,405,526,2.13e-4,93.700005,2.1699998,0.63
2018-07-25 06:00:00,6,294.80002,398,2,8.8e-5,97.3,1.56,1.77
2018-07-25 12:00:00,6,294.2,385,18,1.04e-4,97.9,1.4599999,1.6899999
2018-07-25 18:00:00,6,298.9,407,295,1.66e-4,78.8,1.76,1.5999999
2018-07-26 00:00:00,6,298.1,407,347,3.4e-5,79.700005,1.7199999,1.74
2018-07-26 06:00:00,6,292.25998,370,2,1e-6,96.9,0.089999996,1.76
2018-07-26 12:00:00,6,292.7,352,20,0,84.1,-1.03,1.1999999
2018-07-26 18:00:00,6,301.80002,391,526,1e-6,46.100002,-0.25,2.46
2018-07-27 00:00:00,6,296.7,402,452,6e-5,79.1,-0.089999996,1.39
2018-07-27 06:00:00,6,290.9,383,1,8.9e-5,92.5,-0.42999998,0.77
2018-07-27 12:00:00,6,292.7,353,26,0,92.4,-1.36,0.44
2018-07-27 18:00:00,6,304.66998,379,679,2e-6,45.5,0.39999998,-0.72999996
2018-07-28 00:00:00,6,298.15,394,521,5.6e-5,73.6,1.02,-1.37
2018-07-28 06:00:00,6,290.57,372,2,4.7e-5,98.1,0.47,-0.51
2018-07-28 12:00:00,6,293.7,377,13,1.01e-4,98.700005,1.16,-1.48
2018-07-28 18:00:00,6,297.4,407,302,2.78e-4,90,3.79,0.64
2018-07-29 00:00:00,6,296.80002,413,370,1.05e-4,92.9,2.3799999,0.68
2018-07-29 06:00:00,6,293.6,383,1,4e-6,99.1,1.8299999,0.38
2018-07-29 12:00:00,6,294.5,402,7,1.5e-5,97,2.46,0.55
2018-07-29 18:00:00,6,301.1,415,366,2.9e-5,60.9,4.18,1.43
2018-07-30 00:00:00,6,297.30002,410,389,6.1e-5,83.3,3.1299999,0.48999998
2018-07-30 06:00:00,6,293.53,382,1,6e-6,98.4,1.88,0.19999999
2018-07-30 12:00:00,6,294.2,399,12,9e-6,95.8,1.9599999,0.21
2018-07-14 12:00:00,7,293.9,9999e17,9999e17,9999e17,85.8,0.83,0.32999998
2018-07-14 18:00:00,7,302.9,385,653,2e-6,48.8,1.66,-0.049999997
2018-07-15 00:00:00,7,299.2,400,523,2e-6,63.100002,2.18,-0.68
2018-07-15 06:00:00,7,292.4,367,3,0,94.8,1.39,1.42
2018-07-15 12:00:00,7,294.6,361,32,0,88.200005,0.53999996,1.77
2018-07-15 18:00:00,7,303.30002,396,693,1.39e-4,61.600002,1.1,0.64
2018-07-16 00:00:00,7,299.1,418,467,1.52e-4,85.200005,0.78,1.01
2018-07-16 06:00:00,7,294.9,400,2,3.5e-5,96.3,1.24,1.49
2018-07-16 12:00:00,7,294.9,389,18,3.5e-5,96.8,0.96,1.1999999
2018-07-16 18:00:00,7,301.9,408,386,6.8e-5,64.5,2.49,0.38
2018-07-17 00:00:00,7,297.9,416,467,1.61e-4,93,1.6899999,-0.08
2018-07-17 06:00:00,7,294.80002,407,1,6.4e-5,98.1,1.4,1.35
2018-07-17 12:00:00,7,295.1,388,27,1e-5,95.9,0.51,1.61
2018-07-17 18:00:00,7,302.30002,399,714,9.6e-5,70.6,0.65,2.61
2018-07-18 00:00:00,7,298.7,420,469,1.1e-4,86.700005,-0.17999999,2.03
2018-07-18 06:00:00,7,294.30002,389,2,0,96.4,-1.04,2.19
2018-07-18 12:00:00,7,295,367,31,0,91.8,-1.6999999,2.32
2018-07-18 18:00:00,7,304.9,378,736,0,34.2,-3.11,1.48
2018-07-19 00:00:00,7,299.80002,386,587,0,55.100002,-2.69,1.04
2018-07-19 06:00:00,7,292.4,358,2,0,70.4,-1.89,1.3199999
2018-07-19 12:00:00,7,293,348,29,0,68.3,-1.8399999,0.53999996
2018-07-19 18:00:00,7,303.1,372,717,8e-6,47.5,0.76,-2.49
2018-07-20 00:00:00,7,298.5,391,570,7.7e-5,76,0.77,-1.9499999
2018-07-20 06:00:00,7,292.2,372,2,2.48e-4,98.5,-0.099999994,-1.65
2018-07-20 12:00:00,7,292.4,388,7,4.5e-5,98.200005,-0.88,-1.42
2018-07-20 18:00:00,7,301.80002,388,589,2e-6,46.600002,1.4,-3.1799998
2018-07-21 00:00:00,7,298.4,387,572,0,66.9,1.0799999,-2.6499999
2018-07-21 06:00:00,7,290.30002,367,2,0,97.4,0.41,-0.96999997
2018-07-21 12:00:00,7,293.6,353,29,0,87.5,0.26999998,-0.25
2018-07-21 18:00:00,7,302.4,387,662,3.4e-5,58.4,1.6999999,1.28
2018-07-22 00:00:00,7,298.9,416,423,5.1e-5,80.200005,0.44,1.42
2018-07-22 06:00:00,7,294,392,2,2.96e-4,97.8,-0.22999999,1.79
2018-07-22 12:00:00,7,294.1,371,29,4.7e-5,96.4,-0.88,1.66
2018-07-22 18:00:00,7,302.6,386,657,1e-6,51.8,-2.82,2.5
2018-07-23 00:00:00,7,299.7,396,567,1e-6,69.5,-1.0799999,1.06
2018-07-23 06:00:00,7,293.6,373,2,0,81.6,-1.38,1.36
2018-07-23 12:00:00,7,294.80002,355,29,0,81.1,-0.71,1.31
2018-07-23 18:00:00,7,305.4,386,715,2e-6,38.600002,1.4499999,2.1699998
2018-07-24 00:00:00,7,300.2,408,518,2.9e-5,69.700005,1.1899999,1.25
2018-07-24 06:00:00,7,294.1,385,2,1e-5,89.4,0.93,1.81
2018-07-24 12:00:00,7,294.9,375,27,0,88.3,0.78999996,1.75
2018-07-24 18:00:00,7,302.5,396,709,1e-4,72.200005,1.22,3.07
2018-07-25 00:00:00,7,299.9,407,515,9e-5,72.1,1.89,1.49
2018-07-25 06:00:00,7,294.4,379,2,0,97.6,1.73,1.23
2018-07-25 12:00:00,7,294.1,390,10,9.6e-5,98.3,1.63,1.28
2018-07-25 18:00:00,7,299.4,403,251,2.17e-4,76.8,3.61,4.0099998
2018-07-26 00:00:00,7,297.80002,410,372,6.4e-5,77.200005,0.79999995,2.59
2018-07-26 06:00:00,7,289.9,352,2,4e-6,88.6,-1.0699999,1.64
2018-07-26 12:00:00,7,289.2,313,29,0,84.8,-0.56,1.5899999
2018-07-26 18:00:00,7,299.7,332,742,0,39.2,-0.089999996,2.9199998
2018-07-27 00:00:00,7,296.9,359,579,0,69.200005,-0.68,0.76
2018-07-27 06:00:00,7,289.80002,341,2,0,77.6,-1.49,1.02
2018-07-27 12:00:00,7,291.5,331,27,0,77.5,-0.97999996,1.04
2018-07-27 18:00:00,7,303.80002,364,697,2e-6,39.2,0.19,1
2018-07-28 00:00:00,7,295.7,409,303,2.9e-5,79.1,-0.58,1.1
2018-07-28 06:00:00,7,289.5,365,1,4e-6,91.6,-1.27,1.4599999
2018-07-28 12:00:00,7,289.5,324,27,0,90,-1.3299999,1.64
2018-07-28 18:00:00,7,301,336,739,0,32.600002,-2.36,-0.22
2018-07-29 00:00:00,7,295.6,352,574,0,58.9,-1.31,-0.089999996
2018-07-29 06:00:00,7,289.1,347,2,0,70.700005,-1.37,0.81
2018-07-29 12:00:00,7,290.7,370,10,0,69.4,-1.3299999,0.58
2018-07-29 18:00:00,7,301.2,377,571,2.4e-5,42.8,1.26,0.71999997
2018-07-30 00:00:00,7,295.6,382,481,6.9e-5,70.700005,0.25,-1.11
2018-07-30 06:00:00,7,288.30002,353,1,3.3e-5,88.200005,-0.48,-1.17
2018-07-30 12:00:00,7,291.6,337,25,0,86.9,0.099999994,-0.78999996
2018-07-14 12:00:00,8,293.5,9999e17,9999e17,9999e17,86.1,0.78,0.74
2018-07-14 18:00:00,8,302.7,383,667,1e-6,48.600002,1.49,-0.65
2018-07-15 00:00:00,8,299.1,401,468,0,62.9,1.75,-1.25
2018-07-15 06:00:00,8,291.5,363,3,0,89.700005,1.5,1.01
2018-07-15 12:00:00,8,294.30002,356,32,0,86.6,0.62,1.64
2018-07-15 18:00:00,8,304.9,391,693,4.3e-5,47.100002,1.53,0.42
2018-07-16 00:00:00,8,300,410,539,8.9e-5,70.3,1.31,0.57
2018-07-16 06:00:00,8,294.6,395,2,2.8e-5,85.9,1.31,1.38
2018-07-16 12:00:00,8,295.30002,380,31,1.1e-5,91.700005,0.71999997,1.4
2018-07-16 18:00:00,8,304.2,403,669,3.7e-5,50.7,2.9399998,1.1999999
2018-07-17 00:00:00,8,298.30002,423,411,1.1e-4,90.8,1.15,1.14
2018-07-17 06:00:00,8,295,398,1,1.1e-5,97.8,1.11,1.76
2018-07-17 12:00:00,8,295.4,382,26,1e-6,94.9,0.57,2.03
2018-07-17 18:00:00,8,302.9,406,431,5.5e-5,54.8,-2.04,3.85
2018-07-18 00:00:00,8,298.6,408,536,3e-5,75.1,-1.9399999,1.3399999
2018-07-18 06:00:00,8,291.5,365,2,2.1e-5,91.4,-1.76,1.49
2018-07-18 12:00:00,8,291.6,333,32,0,76.700005,-1.56,1.4599999
2018-07-18 18:00:00,8,307,356,743,0,28.9,-0.83,0.45999998
2018-07-19 00:00:00,8,298.1,392,501,0,60.7,-0.71,-0.83
2018-07-19 06:00:00,8,293.7,406,1,0,65.1,-1.1999999,-0.53999996
2018-07-19 12:00:00,8,292.2,358,25,3.1e-5,86.9,-0.55,-0.91999996
2018-07-19 18:00:00,8,300.80002,376,638,4.9e-5,48.5,3,-1.76
2018-07-20 00:00:00,8,295.2,398,325,9.5e-5,87.200005,0.63,-2
2018-07-20 06:00:00,8,291.5,378,2,2e-5,95.6,0.35999998,-1.4
2018-07-20 12:00:00,8,291.1,371,14,5e-6,97.3,-1.26,-1.91
2018-07-20 18:00:00,8,291.80002,385,93,3.81e-4,97,-1.5699999,-2.83
2018-07-21 00:00:00,8,290.30002,392,36,5.95e-4,97.200005,-3.36,-2.19
2018-07-21 06:00:00,8,289.1,385,0,2.8e-5,98.4,-1.5899999,0.37
2018-07-21 12:00:00,8,289.9,378,7,8.5e-5,97.200005,-0.66999996,1.03
2018-07-21 18:00:00,8,301.9,390,422,5.7e-5,50.8,0.14999999,1.5899999
2018-07-22 00:00:00,8,297.30002,403,432,2e-6,73.6,-0.34,1.27
2018-07-22 06:00:00,8,290.6,355,2,2e-6,85.1,-1.1899999,1.67
2018-07-22 12:00:00,8,292.5,339,30,0,81,-0.88,1.48
2018-07-22 18:00:00,8,304.80002,361,735,0,34,0.90999997,1.1899999
2018-07-23 00:00:00,8,298.80002,386,564,0,65.200005,0.91999996,1.1899999
2018-07-23 06:00:00,8,292.80002,367,2,2e-6,80.6,0.11,1.8399999
2018-07-23 12:00:00,8,293.9,358,28,9e-6,84.9,1.2099999,1.02
2018-07-23 18:00:00,8,302.7,380,715,6.9e-5,51.600002,3.12,1.56
2018-07-24 00:00:00,8,297.2,400,453,1.11e-4,85.200005,1.8,0.37
2018-07-24 06:00:00,8,292.80002,385,1,2.7e-5,98.1,1.51,0.65999997
2018-07-24 12:00:00,8,292.9,386,9,1.74e-4,98.8,1.1999999,0.59999996
2018-07-24 18:00:00,8,296.30002,396,364,3.01e-4,92.700005,2.28,0
2018-07-25 00:00:00,8,294.2,402,109,5.19e-4,97.3,1.26,0.28
2018-07-25 06:00:00,8,291.74,383,1,2.7e-4,97.6,0.51,1.4599999
2018-07-25 12:00:00,8,292.6,375,14,1e-5,93.4,-0.06,0.7
2018-07-25 18:00:00,8,296.77,384,479,1.15e-4,80.3,1.54,-0.78999996
2018-07-26 00:00:00,8,293.5,392,290,5.3e-4,98,-0.02,-0.98999995
2018-07-26 06:00:00,8,291.6,394,0,0.00129,99.200005,0.22,-0.42999998
2018-07-26 12:00:00,8,292.30002,396,1,0.001209,99,1.2099999,-0.12
2018-07-26 18:00:00,8,294.80002,399,137,6.18e-4,95.9,1.78,0.59999996
2018-07-27 00:00:00,8,294.2,397,220,3.04e-4,98.3,0.89,-0.42999998
2018-07-27 06:00:00,8,292.2,384,1,1.98e-4,99.3,1.04,-0.63
2018-07-27 12:00:00,8,293.1,385,17,3.1e-5,97.5,0.71,-0.88
2018-07-27 18:00:00,8,297.5,409,418,7.8e-5,86.1,2.33,-0.25
2018-07-28 00:00:00,8,295.9,408,353,1.42e-4,96.9,1.23,-0.63
2018-07-28 06:00:00,8,293.6,391,1,2.7e-5,98.9,1.4499999,0.049999997
2018-07-28 12:00:00,8,294,396,19,1.1e-5,97.5,1.02,0.7
2018-07-28 18:00:00,8,299,401,515,8.4e-5,78,0.94,1.9799999
2018-07-29 00:00:00,8,296.4,407,364,2.38e-4,95.8,0.41,0.14
2018-07-29 06:00:00,8,292.6,386,1,5.2e-5,97.9,0.14999999,1.13
2018-07-29 12:00:00,8,294.5,377,21,2.2e-5,95.8,-0.48,0.68
2018-07-29 18:00:00,8,297.4,399,423,2.67e-4,92,0.74,0.53
2018-07-30 00:00:00,8,295.9,402,196,1.63e-4,96,0.03,-1.04
2018-07-30 06:00:00,8,292.1,380,1,7.7e-5,97.9,0.59999996,1.2099999
2018-07-30 12:00:00,8,293,357,24,0,95.200005,0.19999999,0.53999996
2018-07-14 12:00:00,9,293.80002,9999e17,9999e17,9999e17,85.8,0.91999996,0.26999998
2018-07-14 18:00:00,9,303.5,385,679,2e-6,47.600002,1.9,-0.42
2018-07-15 00:00:00,9,299.6,407,500,1e-6,65,2,-0.42
2018-07-15 06:00:00,9,292.6,372,3,0,84.9,1.6999999,1.1899999
2018-07-15 12:00:00,9,294.9,366,32,1.8e-5,88.5,0.26,1.55
2018-07-15 18:00:00,9,303.6,398,692,1.53e-4,57.4,1.54,1.03
2018-07-16 00:00:00,9,299.2,417,508,2.08e-4,85.700005,-0.59999996,0.96
2018-07-16 06:00:00,9,294.4,406,2,2.25e-4,93.9,1.13,0.62
2018-07-16 12:00:00,9,295.4,397,12,8.9e-5,96.5,0.24,1.1
2018-07-16 18:00:00,9,301.7,408,521,1.31e-4,71.200005,2.4099998,0.85999995
2018-07-17 00:00:00,9,298.6,419,403,7.4e-5,84.700005,1.8199999,0.7
2018-07-17 06:00:00,9,295.5,408,1,0,94.6,1.1,1.78
2018-07-17 12:00:00,9,295.2,386,30,3.5e-5,95.4,0.099999994,1.99
2018-07-17 18:00:00,9,304.30002,403,680,5.8e-5,54,-0.11,2.96
2018-07-18 00:00:00,9,298.4,410,556,2.99e-4,88.200005,-0.5,1.8399999
2018-07-18 06:00:00,9,293.7,378,2,7.4999996e-5,97.200005,-1.55,2.1299999
2018-07-18 12:00:00,9,293.80002,358,31,0,95,-1.41,1.5799999
2018-07-18 18:00:00,9,304.80002,364,746,7e-6,30.1,-1.7099999,2
2018-07-19 00:00:00,9,299.5,382,589,0,56.8,-2.27,0.29999998
2018-07-19 06:00:00,9,294.1,381,2,0,62.600002,-2.12,-0.45
2018-07-19 12:00:00,9,292,354,31,0,67.1,-1.5899999,-0.34
2018-07-19 18:00:00,9,302.9,367,712,0,44.8,1.42,-2.3899999
2018-07-20 00:00:00,9,297.1,394,535,8.2e-5,86.9,0.84999996,-1.4399999
2018-07-20 06:00:00,9,292.6,384,2,1.76e-4,96.9,1.67,-0.48999998
2018-07-20 12:00:00,9,292.80002,357,30,0,96.6,0.82,-0.65999997
2018-07-20 18:00:00,9,300.9,401,468,1.9e-5,58.8,4.1,-1.0699999
2018-07-21 00:00:00,9,296.5,395,535,7.9e-5,87.700005,2.79,-0.53999996
2018-07-21 06:00:00,9,294.1,403,2,1.3e-5,99.1,1.62,-0.21
2018-07-21 12:00:00,9,294,391,19,2.79e-4,98.200005,1.8199999,0.29999998
2018-07-21 18:00:00,9,299.2,388,678,2.91e-4,78.9,2.62,1.41
2018-07-22 00:00:00,9,295.80002,384,554,1.99e-4,90.700005,0.099999994,1.79
2018-07-22 06:00:00,9,290.30002,355,2,9e-6,97.6,-0.83,2.28
2018-07-22 12:00:00,9,291.4,347,24,7e-6,94.200005,-1.78,2.81
2018-07-22 18:00:00,9,298.5,388,415,1.4e-5,55.8,-4.17,3.97
2018-07-23 00:00:00,9,296.2,374,545,0,67.3,-2.21,1.99
2018-07-23 06:00:00,9,290.1,348,2,0,91.8,-1.03,1.64
2018-07-23 12:00:00,9,290.7,327,30,0,88.6,-0.79999995,1.42
2018-07-23 18:00:00,9,303.1,347,744,0,30.800001,0.71999997,1.63
2018-07-24 00:00:00,9,298,363,586,0,55.2,1.36,-0.84999996
2018-07-24 06:00:00,9,290.6,351,2,0,78.6,1.55,0.19999999
2018-07-24 12:00:00,9,292.2,356,23,4.7e-5,93.4,1.26,0.83
2018-07-24 18:00:00,9,302,383,680,3.1e-5,56.4,5.1,1.02
2018-07-25 00:00:00,9,296.4,400,477,2.61e-4,91.700005,2.06,-0.48
2018-07-25 06:00:00,9,293.2,391,1,3.94e-4,98.200005,1.73,0.47
2018-07-25 12:00:00,9,293.6,371,25,2.2e-5,98.1,1.79,0.11
2018-07-25 18:00:00,9,299.6,399,602,9.5e-5,80.9,2.81,1.41
2018-07-26 00:00:00,9,296.9,391,533,1.47e-4,92.1,1.52,0.35
2018-07-26 06:00:00,9,292.6,372,2,2.6e-5,97.8,0.32,1.54
2018-07-26 12:00:00,9,293.30002,358,25,1.8e-5,94.8,-0.34,1.27
2018-07-26 18:00:00,9,301.2,380,677,4.3e-5,60.2,2.22,0.95
2018-07-27 00:00:00,9,296.4,404,414,1e-4,91.4,1.24,0.75
2018-07-27 06:00:00,9,292.80002,383,1,1.02e-4,97.200005,0.84,1.55
2018-07-27 12:00:00,9,292.9,367,26,2.3e-5,95.700005,0.19999999,1.3199999
2018-07-27 18:00:00,9,303.1,377,693,1.2e-5,44.7,2.09,1.29
2018-07-28 00:00:00,9,296.5,399,498,6.5e-5,86.3,1.14,0.89
2018-07-28 06:00:00,9,292.80002,386,1,1.6e-5,95.3,0.97999996,1.4699999
2018-07-28 12:00:00,9,293.4,363,22,0,94.3,0.87,1.0799999
2018-07-28 18:00:00,9,302.1,384,676,1.6e-5,52.8,2.75,1.7199999
2018-07-29 00:00:00,9,297.30002,401,513,1.36e-4,89.200005,2.08,0.22
2018-07-29 06:00:00,9,293.1,383,1,1.9e-5,98.5,1.6999999,0.39999998
2018-07-29 12:00:00,9,293.7,372,23,6e-6,98.200005,1.37,1.26
2018-07-29 18:00:00,9,302.5,392,660,3.1e-5,53.8,2.82,2.1699998
2018-07-30 00:00:00,9,297.4,412,401,6.7e-5,85.700005,1.91,0.41
2018-07-30 06:00:00,9,293.2,377,1,4.9e-5,97.9,1.5999999,0.64
2018-07-30 12:00:00,9,293.4,368,23,2.15e-4,98.200005,1.29,1.09
2018-07-14 12:00:00,10,293.80002,9999e17,9999e17,9999e17,85.9,0.45999998,0.65999997
2018-07-14 18:00:00,10,303,380,688,4e-6,46.7,1.78,-1.31
2018-07-15 00:00:00,10,298.7,388,576,0,58.100002,2.04,-1.75
2018-07-15 06:00:00,10,290.9,357,3,0,86.4,1.5999999,0.85999995
2018-07-15 12:00:00,10,293.7,352,32,0,84.9,1.04,1.67
2018-07-15 18:00:00,10,304.4,390,700,3.3e-5,49.3,2.01,0.53
2018-07-16 00:00:00,10,299.80002,410,542,7.4e-5,74.200005,1,1.04
2018-07-16 06:00:00,10,294.80002,400,2,5.3e-5,90.9,1.54,1.27
2018-07-16 12:00:00,10,295.5,390,25,1e-6,90.6,0.93,1.4599999
2018-07-16 18:00:00,10,302.5,408,540,8.4e-5,60,2.3799999,1.51
2018-07-17 00:00:00,10,297.80002,419,409,1.46e-4,93.4,1.61,0.78999996
2018-07-17 06:00:00,10,294.6,397,1,1e-5,98,1.8,1.4399999
2018-07-17 12:00:00,10,294.9,380,28,0,95.1,0.82,2.03
2018-07-17 18:00:00,10,302,405,605,8.8e-5,72.1,-1.16,2.71
2018-07-18 00:00:00,10,299.6,407,564,1.17999996e-4,74,-1.2099999,1.37
2018-07-18 06:00:00,10,292.6,373,2,3.2e-5,91.8,-1.56,1.9399999
2018-07-18 12:00:00,10,291.7,338,33,0,82.9,-2.2,1.3399999
2018-07-18 18:00:00,10,302.7,351,741,0,36.4,-1.39,-1.11
2018-07-19 00:00:00,10,297.2,363,597,0,57.8,-0.01,-1.78
2018-07-19 06:00:00,10,286.9,332,3,0,89.5,-1.09,-0.71
2018-07-19 12:00:00,10,291.4,316,30,0,62.9,-0.9,-0.25
2018-07-19 18:00:00,10,301.5,346,730,0,37,1.16,-2.3999999
2018-07-20 00:00:00,10,297.1,365,585,0,58.9,1.15,-1.9699999
2018-07-20 06:00:00,10,288.2,344,2,0,93.6,1.16,-0.5
2018-07-20 12:00:00,10,292,334,31,0,83,-0.099999994,-0.48999998
2018-07-20 18:00:00,10,302,361,731,0,42,1.89,-2.1499999
2018-07-21 00:00:00,10,297.7,376,577,0,59.7,1.66,-1.61
2018-07-21 06:00:00,10,289.7,357,2,0,95.200005,1.3199999,0.21
2018-07-21 12:00:00,10,293.7,356,29,0,85.200005,0.77,0.93
2018-07-21 18:00:00,10,305.80002,382,729,0,38.600002,3.07,0.56
2018-07-22 00:00:00,10,300.6,405,561,6.7e-5,60.9,2.82,1.0799999
2018-07-22 06:00:00,10,294.1,397,2,1.55e-4,94.5,2.62,2.18
2018-07-22 12:00:00,10,294.7,387,25,1.41e-4,96.6,2.47,1.3399999
2018-07-22 18:00:00,10,299.9,393,660,2.15e-4,73.5,1.1999999,2.1499999
2018-07-23 00:00:00,10,298.1,390,551,1.44e-4,79.9,-0.5,0.91999996
2018-07-23 06:00:00,10,290.80002,364,2,1e-5,94.700005,-1.23,1.4699999
2018-07-23 12:00:00,10,292,346,28,0,91.8,-1.14,1.17
2018-07-23 18:00:00,10,303.2,378,658,0,47.5,-0.32999998,0.74
2018-07-24 00:00:00,10,297.80002,396,479,1.6e-5,72.5,-1.86,-0.12
2018-07-24 06:00:00,10,291.2,363,2,2e-6,93.700005,-1.16,0.90999997
2018-07-24 12:00:00,10,292.30002,345,29,0,87.9,-1.02,0.9
2018-07-24 18:00:00,10,305.6,371,714,0,38.7,0.68,0.7
2018-07-25 00:00:00,10,299.2,406,482,0,70,1.27,-0.25
2018-07-25 06:00:00,10,293.2,380,2,0,84.3,1.15,1.06
2018-07-25 12:00:00,10,294.7,365,27,3e-6,80.3,-0.11,1.3199999
2018-07-25 18:00:00,10,305.6,389,695,1e-6,39.2,2,1.23
2018-07-26 00:00:00,10,298.80002,411,470,9.4e-5,83.4,0.5,0.91999996
2018-07-26 06:00:00,10,292.9,389,2,1.41e-4,92.8,-0.98999995,0.93
2018-07-26 12:00:00,10,292.6,379,12,3.16e-4,98.1,-1.28,-0.56
2018-07-26 18:00:00,10,298.7,401,408,1.42e-4,81.9,0.06,-0.01
2018-07-27 00:00:00,10,296.80002,411,243,2.92e-4,95.3,-0.24,-0.53
2018-07-27 06:00:00,10,292.9,390,1,2.8e-4,97.6,0.94,-0.47
2018-07-27 12:00:00,10,294.7,384,19,1.06e-4,93.700005,0.14,0.82
2018-07-27 18:00:00,10,298.2,392,549,2.8e-4,82.9,1.7099999,-0.56
2018-07-28 00:00:00,10,295.6,401,368,3.3e-4,96.3,1.28,-0.11
2018-07-28 06:00:00,10,292.1,390,1,5.42e-4,97.9,0.91999996,-0.06
2018-07-28 12:00:00,10,293.7,370,23,3.7e-5,96.6,0.96999997,-0.39
2018-07-28 18:00:00,10,297.4,385,588,3.78e-4,88.9,2.3999999,-0.17999999
2018-07-29 00:00:00,10,295,392,392,1.98e-4,96.700005,1.3399999,-0.08
2018-07-29 06:00:00,10,291.80002,380,1,5.6e-5,98.5,1.25,0.22999999
2018-07-29 12:00:00,10,293.7,383,11,2.3e-5,97.200005,1.2099999,0.14
2018-07-29 18:00:00,10,299,414,402,6.1e-5,79.200005,1.4499999,-0.08
2018-07-30 00:00:00,10,295.7,407,331,1.58e-4,97.3,0.83,-0.24
2018-07-30 06:00:00,10,292.9,387,1,4e-5,98.700005,0.65999997,1.14
2018-07-30 12:00:00,10,293.7,367,25,9e-6,95.9,-0.45999998,1.17
2018-07-14 12:00:00,11,293.5,9999e17,9999e17,9999e17,84.3,0.25,1.03
2018-07-14 18:00:00,11,304.5,375,721,0,42,1.4699999,-0.45999998
2018-07-15 00:00:00,11,299.4,398,538,0,61.2,2.09,-1.09
2018-07-15 06:00:00,11,292,364,3,0,89.3,1.65,1.17
2018-07-15 12:00:00,11,294.80002,362,32,0,86.3,0.59,1.76
2018-07-15 18:00:00,11,302.80002,398,689,1.55e-4,62.100002,1.1899999,0.88
2018-07-16 00:00:00,11,299.7,423,428,9.1e-5,81.4,0.099999994,1.0799999
2018-07-16 06:00:00,11,294.7,402,2,2.98e-4,94.4,1.09,1.1
2018-07-16 12:00:00,11,295.5,392,23,1.9e-5,94.6,0.45999998,1.18
2018-07-16 18:00:00,11,303.4,407,578,4e-5,53.9,2.95,1.01
2018-07-17 00:00:00,11,298.5,417,495,1.06e-4,88.4,1.61,0.63
2018-07-17 06:00:00,11,294.5,402,1,3.4e-5,97.5,1.37,1.4
2018-07-17 12:00:00,11,295.30002,389,23,0,95.8,0.52,1.4399999
2018-07-17 18:00:00,11,301.30002,408,429,7.8e-5,69.4,1.54,1.22
2018-07-18 00:00:00,11,298.7,419,360,1.13e-4,89.1,0.58,1.3
2018-07-18 06:00:00,11,294.30002,391,2,3.15e-4,98,-0.81,1.91
2018-07-18 12:00:00,11,294.7,375,30,8e-6,95.200005,-2.11,1.64
2018-07-18 18:00:00,11,304.30002,388,693,1e-6,43.2,-2.83,-0.45
2018-07-19 00:00:00,11,299.6,419,474,1.3e-5,68.3,-0.62,-0.96
2018-07-19 06:00:00,11,290.80002,381,2,0,96.200005,-0.17,-0.08
2018-07-19 12:00:00,11,295.80002,361,31,1.2e-5,86.5,-0.32,-0.22
2018-07-19 18:00:00,11,303.4,383,730,1.8e-5,44.600002,2.36,-2.07
2018-07-20 00:00:00,11,298.80002,403,495,1.8e-5,67.1,2.02,-1.14
2018-07-20 06:00:00,11,292,378,2,0,92.3,1.38,-0.75
2018-07-20 12:00:00,11,293.4,367,26,9e-5,96.700005,0.32999998,-0.66999996
2018-07-20 18:00:00,11,300.7,406,495,1.45e-4,66.700005,2.8999999,-0.45
2018-07-21 00:00:00,11,297.6,402,553,1.52e-4,88,1.73,0.26
2018-07-21 06:00:00,11,293.6,385,2,9.8e-5,96.9,1.16,1.17
2018-07-21 12:00:00,11,294.80002,372,29,5.1e-5,94.8,0.29999998,1.4
2018-07-21 18:00:00,11,302.7,391,672,1.83e-4,54.4,-0.32999998,2.72
2018-07-22 00:00:00,11,296.9,397,546,5.01e-4,89,1.5,0.83
2018-07-22 06:00:00,11,290.5,379,2,1.44e-4,96.200005,-0.45999998,0.089999996
2018-07-22 12:00:00,11,293.4,361,29,1.4e-5,95.9,-1.37,1.16
2018-07-22 18:00:00,11,301.2,379,708,1.06e-4,60.600002,-2.04,0.58
2018-07-23 00:00:00,11,296.30002,385,558,1.43e-4,86.5,-1.5899999,0.94
2018-07-23 06:00:00,11,291.1,359,2,2e-6,96.200005,-1.11,1.23
2018-07-23 12:00:00,11,292.30002,349,29,0,92,-0.89,1.0799999
2018-07-23 18:00:00,11,305.80002,372,724,0,40.3,-0.74,0.72999996
2018-07-24 00:00:00,11,299.5,410,468,0,70.6,1.2099999,0.02
2018-07-24 06:00:00,11,291,368,2,0,90.3,0.089999996,0.93
2018-07-24 12:00:00,11,295.1,353,29,0,78.200005,0.41,1.3299999
2018-07-24 18:00:00,11,305.5,378,729,0,36,2.9299998,1.11
2018-07-25 00:00:00,11,300.6,398,565,0,63.3,2.1299999,-0.01
2018-07-25 06:00:00,11,294.7,392,2,6e-6,85.6,1.23,1.42
2018-07-25 12:00:00,11,294.9,384,25,2e-6,89.200005,1.53,1.12
2018-07-25 18:00:00,11,300.30002,392,700,3.99e-4,82.4,2.05,1.8
2018-07-26 00:00:00,11,296.6,395,526,4.53e-4,93.5,1.1899999,0.28
2018-07-26 06:00:00,11,291.5,370,2,2.2e-4,96.6,-0.71,1.36
2018-07-26 12:00:00,11,290.9,344,28,0,95.9,-1.0799999,1.0699999
2018-07-26 18:00:00,11,304.7,361,721,0,40.8,1.06,0.099999994
2018-07-27 00:00:00,11,296.2,389,520,9e-5,90.3,1.64,-0.52
2018-07-27 06:00:00,11,292.2,364,2,8.8e-5,97,0.96999997,1.11
2018-07-27 12:00:00,11,293.7,355,26,0,93.9,-0.62,0.35
2018-07-27 18:00:00,11,301.6,380,701,7.3e-5,60.600002,2.6399999,-0.14
2018-07-28 00:00:00,11,296.5,396,509,1.94e-4,94.6,1.3199999,-0.44
2018-07-28 06:00:00,11,293.2,390,1,1.21e-4,99,1.12,0.81
2018-07-28 12:00:00,11,293.80002,374,23,8e-6,97.4,0.96,1.05
2018-07-28 18:00:00,11,301.80002,389,637,6.4e-5,56.3,0.91999996,1.66
2018-07-29 00:00:00,11,297.2,401,469,1.02e-4,88.700005,1.39,0.75
2018-07-29 06:00:00,11,292.5,371,1,1.4e-5,97.9,0.59999996,1.5999999
2018-07-29 12:00:00,11,293.30002,363,24,3e-6,97,0.24,1.42
2018-07-29 18:00:00,11,300.30002,386,619,1.32e-4,69.1,1.56,0.90999997
2018-07-30 00:00:00,11,295.9,398,463,2.51e-4,95.8,1.25,0.55
2018-07-30 06:00:00,11,292.7,383,1,4.7e-5,97.8,-0.16,1.28
2018-07-30 12:00:00,11,292.9,362,25,5e-5,96.3,-0.75,1.17
2018-07-14 12:00:00,12,293.7,9999e17,9999e17,9999e17,90,1.03,0.39
2018-07-14 18:00:00,12,304.2,401,536,8e-6,46.100002,1.48,-0.16
2018-07-15 00:00:00,12,299.1,391,582,1e-6,63,1.79,-1.01
2018-07-15 06:00:00,12,291.80002,361,3,0,90,1.5699999,1.1999999
2018-07-15 12:00:00,12,294.4,356,31,0,88.3,0.69,1.75
2018-07-15 18:00:00,12,306.7,392,705,2e-6,40.4,1.4599999,0.06
2018-07-16 00:00:00,12,299.1,411,541,1.13e-4,77.4,1.37,1.0699999
2018-07-16 06:00:00,12,294.80002,399,2,4.3e-5,96.1,1.2099999,1.4599999
2018-07-16 12:00:00,12,295.2,385,25,6e-6,94.9,1.1899999,1.37
2018-07-16 18:00:00,12,303.1,405,658,3.9e-5,59.100002,2.84,1.23
2018-07-17 00:00:00,12,297.30002,421,392,1.49e-4,95.4,1.8399999,0.51
2018-07-17 06:00:00,12,294.9,403,1,2.5e-5,98.8,1.4699999,1.4
2018-07-17 12:00:00,12,295.4,383,29,0,95.3,0.68,1.86
2018-07-17 18:00:00,12,303.2,402,660,4.9e-5,54.2,-0.32,2.9199998
2018-07-18 00:00:00,12,298.4,421,318,8.6e-5,86.4,-1.04,1.4599999
2018-07-18 06:00:00,12,293.5,378,2,2.42e-4,98.4,-1.7199999,0.65
2018-07-18 12:00:00,12,291.4,341,31,0,93,-1.5899999,1.16
2018-07-18 18:00:00,12,302.80002,348,744,0,34.100002,-2.96,0.57
2018-07-19 00:00:00,12,298,374,590,0,61.100002,-1.9499999,-0.34
2018-07-19 06:00:00,12,287.9,343,2,0,89.6,-1.31,-0.34
2018-07-19 12:00:00,12,292.2,327,32,0,70.4,-0.5,0.04
2018-07-19 18:00:00,12,301.80002,352,745,0,39.100002,2.05,-1.66
2018-07-20 00:00:00,12,297.5,376,573,0,61.7,1.4699999,-1.64
2018-07-20 06:00:00,12,290.1,364,2,0,79.6,1.66,-0.22999999
2018-07-20 12:00:00,12,292.30002,343,29,0,74.5,1.05,-0.11
2018-07-20 18:00:00,12,298.6,403,385,6e-6,62.8,3.1699998,-0.24
2018-07-21 00:00:00,12,297.9,401,423,1.4e-5,67,2.78,-0.32
2018-07-21 06:00:00,12,291.1,365,2,1e-6,86.3,1.81,0.7
2018-07-21 12:00:00,12,292.30002,353,29,1.5e-5,86.700005,1.79,1.17
2018-07-21 18:00:00,12,299.4,380,696,1.77e-4,78.8,3.04,0.65999997
2018-07-22 00:00:00,12,294.7,398,448,5.96e-4,94,1.88,-0.19
2018-07-22 06:00:00,12,292.7,395,1,3.68e-4,97.200005,0.13,1.8299999
2018-07-22 12:00:00,12,292.30002,366,29,1.3e-5,95.5,-1,1.9499999
2018-07-22 18:00:00,12,300.4,374,650,1e-5,51.600002,-0.64,3.8899999
2018-07-23 00:00:00,12,296.1,386,521,6.5e-5,78.200005,-0.77,2.2
2018-07-23 06:00:00,12,291.1,359,2,0,92.1,0.14999999,2.1699998
2018-07-23 12:00:00,12,291.80002,359,22,1.5e-5,92.5,0.84,1.86
2018-07-23 18:00:00,12,299.80002,386,552,1.8e-5,59.600002,-0.85999995,3.25
2018-07-24 00:00:00,12,297.80002,401,355,3.9e-5,82.700005,-0.17999999,0.85999995
2018-07-24 06:00:00,12,291.2,366,2,0,94,0.26,1.27
2018-07-24 12:00:00,12,293.6,354,29,0,86.3,-0.45999998,1.49
2018-07-24 18:00:00,12,307.2,381,722,0,36.4,1,0.68
2018-07-25 00:00:00,12,300.5,408,524,0,63.4,1.23,0.95
2018-07-25 06:00:00,12,293.2,379,2,0,82.4,1.03,1.18
2018-07-25 12:00:00,12,294.6,366,27,0,82.6,0.74,1.42
2018-07-25 18:00:00,12,303.9,390,707,5.2e-5,51.8,2.98,1.55
2018-07-26 00:00:00,12,299.5,411,532,3.8e-5,73.6,1.43,1.5
2018-07-26 06:00:00,12,293.4,393,2,3.6e-4,97.200005,0.16,0.94
2018-07-26 12:00:00,12,294.7,382,26,2.7e-5,96.700005,1.22,0.71999997
2018-07-26 18:00:00,12,299.7,403,417,1.05e-4,81.4,2.27,1.12
2018-07-27 00:00:00,12,295.5,417,168,5.61e-4,97.200005,-0.16,1.5699999
2018-07-27 06:00:00,12,293.80002,399,1,3.34e-4,97.5,-0.81,-0.83
2018-07-27 12:00:00,12,293.2,401,2,0.001785,99.3,0.06,-0.61
2018-07-27 18:00:00,12,296.9,405,243,5.1e-4,76.200005,-2.77,-0.83
2018-07-28 00:00:00,12,295.30002,405,352,1.6e-5,85.8,-0.52,-1.52
2018-07-28 06:00:00,12,289.2,363,1,2e-6,98.9,-0.32,-0.84
2018-07-28 12:00:00,12,291.7,372,15,6e-6,93.700005,-1.01,-0.84999996
2018-07-28 18:00:00,12,296.7,394,421,2.5e-5,77.700005,0.45999998,-1.27
2018-07-29 00:00:00,12,294.9,407,217,1.41e-4,97,0.82,-0.75
2018-07-29 06:00:00,12,293.30002,397,1,2.3599999e-4,99,1.06,0.26
2018-07-29 12:00:00,12,293.5,397,5,2e-4,99,1.5,0.22999999
2018-07-29 18:00:00,12,296.7,398,249,1.56e-4,90.6,2.1399999,0.71999997
2018-07-30 00:00:00,12,295.6,400,296,1.38e-4,96,1.8499999,0.39999998
2018-07-30 06:00:00,12,293.5,397,1,2.37e-4,99.1,1.4699999,0.25
2018-07-30 12:00:00,12,293.1,384,10,2.82e-4,98.200005,0.84,0.37
2018-07-14 12:00:00,13,294,9999e17,9999e17,9999e17,84.6,-0.39999998,0.11
2018-07-14 18:00:00,13,303,383,668,1e-6,47.600002,1.3299999,-0.81
2018-07-15 00:00:00,13,299.2,400,499,0,62.5,1.8,-1.17
2018-07-15 06:00:00,13,292.30002,366,3,0,92.1,1.51,1.2099999
2018-07-15 12:00:00,13,294.7,361,31,0,89.1,0.75,1.54
2018-07-15 18:00:00,13,304.30002,397,670,6.2e-5,51.8,1.66,0.41
2018-07-16 00:00:00,13,299.1,417,481,9.7e-5,83.3,0.56,1.28
2018-07-16 06:00:00,13,294.9,399,2,2.8e-5,96.9,0.84999996,1.51
2018-07-16 12:00:00,13,295.6,381,30,5e-6,93.1,0.61,1.24
2018-07-16 18:00:00,13,302.6,407,667,1.05e-4,68.5,2.22,0.77
2018-07-17 00:00:00,13,296.7,417,347,4.21e-4,96.700005,1.43,0.63
2018-07-17 06:00:00,13,295,401,1,2e-5,98.9,1.5899999,1.4599999
2018-07-17 12:00:00,13,295.6,387,23,5e-5,96.200005,0.71999997,1.35
2018-07-17 18:00:00,13,304.4,407,669,3.8e-5,52.5,1.31,2.8999999
2018-07-18 00:00:00,13,298.6,418,445,1.78e-4,90.8,0.48,1.64
2018-07-18 06:00:00,13,294.2,389,2,8e-6,97.700005,-0.51,2.3799999
2018-07-18 12:00:00,13,295,370,31,0,89.700005,-2.54,2.47
2018-07-18 18:00:00,13,303.6,374,739,1e-6,38.8,-4.16,-0.099999994
2018-07-19 00:00:00,13,297.80002,392,482,5e-6,62.2,-2.04,-0.26999998
2018-07-19 06:00:00,13,291.2,351,2,0,77.200005,-1.67,1.38
2018-07-19 12:00:00,13,291.5,326,33,0,75.4,-1.5799999,0.69
2018-07-19 18:00:00,13,305.9,343,759,0,31.7,0.41,0.17999999
2018-07-20 00:00:00,13,298,365,599,0,54,1.8499999,-1.66
2018-07-20 06:00:00,13,288.5,345,2,0,88.700005,1.03,-0.26
2018-07-20 12:00:00,13,293,340,31,0,72.4,0.69,-0.03
2018-07-20 18:00:00,13,303.4,375,732,1.7e-5,47,2.77,0.22999999
2018-07-21 00:00:00,13,297.5,415,253,3.2e-5,79.5,1.73,0.59999996
2018-07-21 06:00:00,13,292.5,393,1,3.4e-5,93,1.73,0.75
2018-07-21 12:00:00,13,293.4,360,29,0,90.1,0.84,1.29
2018-07-21 18:00:00,13,303.5,382,702,7e-6,43,3.27,0.049999997
2018-07-22 00:00:00,13,298.6,404,463,1e-6,63.2,2.06,-0.39
2018-07-22 06:00:00,13,292.1,374,2,0,74.8,1.28,1.26
2018-07-22 12:00:00,13,294.2,362,26,0,73.9,0.96999997,0.35
2018-07-22 18:00:00,13,304.80002,380,687,1e-6,42.100002,1.14,-0.71
2018-07-23 00:00:00,13,298.6,416,415,1.7e-5,76.5,1.64,-1.3399999
2018-07-23 06:00:00,13,291.6,380,2,2.8e-5,97.200005,0.39,0.52
2018-07-23 12:00:00,13,295,374,24,9e-6,92.700005,-0.07,1.24
2018-07-23 18:00:00,13,303.2,394,690,1.14e-4,55.9,2.61,1.54
2018-07-24 00:00:00,13,297.80002,403,548,1.41e-4,92,1.4399999,1.0799999
2018-07-24 06:00:00,13,293.6,379,2,1.07e-4,98.4,0.14999999,1.74
2018-07-24 12:00:00,13,294.1,367,28,0,97.1,-0.24,1.4399999
2018-07-24 18:00:00,13,303.4,383,715,4e-5,48.100002,0.45999998,2.12
2018-07-25 00:00:00,13,299.2,398,529,5.7e-5,75,0.29999998,0.57
2018-07-25 06:00:00,13,292.4,374,2,1.1e-5,87.5,-0.72999996,1.3199999
2018-07-25 12:00:00,13,293.6,356,25,0,78.4,-1.03,-0.79999995
2018-07-25 18:00:00,13,300.6,394,545,9e-6,60.9,2.1299999,-0.35999998
2018-07-26 00:00:00,13,299,406,472,3.5e-5,75.700005,1.67,-0.13
2018-07-26 06:00:00,13,294.5,397,1,0,89.4,1.68,1.23
2018-07-26 12:00:00,13,294.80002,389,19,1.6e-5,90.700005,2.1599998,2.08
2018-07-26 18:00:00,13,301.4,408,529,3.8e-5,65,1.68,3.21
2018-07-27 00:00:00,13,298.30002,419,347,1.43e-4,91.3,1.65,0.76
2018-07-27 06:00:00,13,294.30002,391,1,5.4e-5,98.200005,1.75,0.82
2018-07-27 12:00:00,13,294.4,399,8,2.88e-4,97.9,1.89,2.02
2018-07-27 18:00:00,13,297,405,264,2.61e-4,91.8,0.29999998,2.2
2018-07-28 00:00:00,13,296.1,396,345,1.38e-4,91,0.83,1.1999999
2018-07-28 06:00:00,13,290.7,363,1,4.9e-5,95.1,-0.53999996,1.49
2018-07-28 12:00:00,13,291.5,347,20,0,91.1,-1.0799999,0.32
2018-07-28 18:00:00,13,301.1,374,632,1.7e-5,57.100002,1.63,0.29
2018-07-29 00:00:00,13,295.4,389,500,1.16e-4,91.3,2.08,0.38
2018-07-29 06:00:00,13,292.75998,383,1,8.1e-5,98.8,1.74,0.31
2018-07-29 12:00:00,13,293.1,399,8,2.4e-4,98.700005,1.43,0.17999999
2018-07-29 18:00:00,13,296.5,402,409,9.4e-5,87.9,2.3899999,0.83
2018-07-30 00:00:00,13,294.9,407,288,1.2e-4,96.700005,1.48,0.37
2018-07-30 06:00:00,13,291.44,372,1,4.9e-5,99.1,1.02,1.27
2018-07-30 12:00:00,13,291.9,363,25,0,95.700005,-0.52,1.1899999
2018-07-14 12:00:00,14,293.5,9999e17,9999e17,9999e17,82.1,-0.049999997,0.59999996
2018-07-14 18:00:00,14,301.4,382,653,1e-6,49.8,1.48,-1.1
2018-07-15 00:00:00,14,298.7,388,560,0,59.7,1.79,-1.56
2018-07-15 06:00:00,14,290.7,354,3,0,80.8,1.4399999,1.14
2018-07-15 12:00:00,14,293.9,351,32,0,83.3,0.56,1.55
2018-07-15 18:00:00,14,305,391,713,7e-5,50.4,1.28,0.31
2018-07-16 00:00:00,14,299.7,412,533,1.53e-4,72.700005,1.13,0.45999998
2018-07-16 06:00:00,14,294.7,394,2,7.8e-5,83.4,1.24,1.17
2018-07-16 12:00:00,14,295.4,383,28,1.6e-5,87.6,1.17,1.0699999
2018-07-16 18:00:00,14,303.30002,405,554,2.2e-5,50.9,3.4099998,0.94
2018-07-17 00:00:00,14,299.6,414,468,1.6e-5,73.700005,1.73,0.71
2018-07-17 06:00:00,14,294.2,390,2,4e-6,96.5,1.5699999,1.22
2018-07-17 12:00:00,14,295.6,386,24,0,89.6,0.88,1.56
2018-07-17 18:00:00,14,302.4,403,683,1.28e-4,76.6,1.41,1.53
2018-07-18 00:00:00,14,298.2,412,535,2.3e-4,92.3,-0.81,1.5699999
2018-07-18 06:00:00,14,293.7,387,2,1.7e-5,98,-1.68,1.56
2018-07-18 12:00:00,14,293.30002,357,31,0,95.4,-1.88,0.85999995
2018-07-18 18:00:00,14,302,373,710,1.1e-5,46.3,-1.4399999,-1.9499999
2018-07-19 00:00:00,14,297.80002,402,439,6e-6,66.3,-0.41,-1.61
2018-07-19 06:00:00,14,290.80002,395,1,1e-6,86.6,-1.16,-0.66999996
2018-07-19 12:00:00,14,292,358,29,2e-6,78.4,-0.90999997,0.38
2018-07-19 18:00:00,14,303.5,355,726,0,36.100002,0.5,-1.23
2018-07-20 00:00:00,14,297.30002,373,566,0,54.9,1.64,-2.04
2018-07-20 06:00:00,14,289.30002,348,2,0,81.1,1.55,0.75
2018-07-20 12:00:00,14,292,333,31,0,70.8,1.24,0.13
2018-07-20 18:00:00,14,302,357,742,0,40.3,2.9199998,-2.1699998
2018-07-21 00:00:00,14,296.7,366,587,0,55.4,2.28,-1.51
2018-07-21 06:00:00,14,287.4,335,2,0,86.200005,1.29,0.13
2018-07-21 12:00:00,14,291.80002,332,28,0,71.8,0.9,-0.06
2018-07-21 18:00:00,14,301.1,386,539,5e-5,52.100002,2.8999999,0.58
2018-07-22 00:00:00,14,295.80002,383,557,2.9e-4,90.700005,1.23,1.13
2018-07-22 06:00:00,14,290.80002,355,2,4.7e-5,97.1,-1.3,2.4199998
2018-07-22 12:00:00,14,290.9,330,30,0,93.9,-1.9699999,2.04
2018-07-22 18:00:00,14,302.4,353,730,0,40.2,-2.3799999,0.39999998
2018-07-23 00:00:00,14,298.9,384,565,0,68.1,-1.04,0.65
2018-07-23 06:00:00,14,291.5,357,2,0,85.8,-1.17,1.13
2018-07-23 12:00:00,14,294.30002,340,30,0,79,-0.53,0.90999997
2018-07-23 18:00:00,14,305.5,371,728,0,36.7,2.53,1.28
2018-07-24 00:00:00,14,299.6,408,541,2.3e-5,69.9,0.01,1.42
2018-07-24 06:00:00,14,294.5,406,1,1e-5,85.6,1.54,1.24
2018-07-24 12:00:00,14,293.4,392,6,1.96e-4,97.700005,0.59,1.65
2018-07-24 18:00:00,14,296,398,167,2.5e-4,78.1,-1.41,2.48
2018-07-25 00:00:00,14,294.80002,369,337,0,62.600002,-2.47,1.4599999
2018-07-25 06:00:00,14,286,313,2,0,83.5,-1.24,1.3399999
2018-07-25 12:00:00,14,286.9,290,30,0,78.200005,-1.0799999,1.38
2018-07-25 18:00:00,14,301.30002,321,750,0,32.100002,-1.28,0.089999996
2018-07-26 00:00:00,14,295.1,348,583,0,65,-0.71,-0.38
2018-07-26 06:00:00,14,286.9,339,2,0,81.1,-0.42999998,0.42999998
2018-07-26 12:00:00,14,291.2,329,25,0,68.200005,-0.22999999,0.06
2018-07-26 18:00:00,14,299.9,346,695,0,37.600002,1.9699999,-1.6999999
2018-07-27 00:00:00,14,295.2,374,438,0,62.9,0.85999995,-1.5799999
2018-07-27 06:00:00,14,286.30002,335,2,0,93.8,0.83,-0.76
2018-07-27 12:00:00,14,290.30002,319,28,0,82.9,-1.3299999,-0.089999996
2018-07-27 18:00:00,14,299.9,334,737,0,36.2,0.93,-2.8799999
2018-07-28 00:00:00,14,295.2,347,580,0,62.5,0.31,-1.8199999
2018-07-28 06:00:00,14,289.1,339,2,0,97,-0.35999998,-1.4699999
2018-07-28 12:00:00,14,291,392,4,7.6e-5,98.3,-1.25,-1.23
2018-07-28 18:00:00,14,294.4,403,171,7e-5,94.700005,-0.17,-1.61
2018-07-29 00:00:00,14,295.6,406,250,7.3e-5,91.200005,0.42999998,-1.3199999
2018-07-29 06:00:00,14,292.9,396,1,1.7e-4,99.1,0.94,-0.07
2018-07-29 12:00:00,14,294.5,405,14,3.2e-5,98.3,1.5,0.66999996
2018-07-29 18:00:00,14,297.80002,411,215,2.75e-4,91.5,1.65,1.42
2018-07-30 00:00:00,14,297.30002,406,497,1.14e-4,93.9,1.13,1.4599999
2018-07-30 06:00:00,14,293.80002,387,1,6e-6,98.4,0.17,1.86
2018-07-30 12:00:00,14,293.4,376,20,0,97.4,-0.04,1.5999999
2018-07-14 12:00:00,15,293.2,9999e17,9999e17,9999e17,84.4,1.54,0.38
2018-07-14 18:00:00,15,303.5,376,725,6e-6,46.100002,1.8299999,-0.83
2018-07-15 00:00:00,15,299,392,578,1e-6,62.600002,1.86,-1.31
2018-07-15 06:00:00,15,291.2,362,3,0,87.9,1.53,0.85999995
2018-07-15 12:00:00,15,294.2,355,32,0,84.200005,0.74,1.49
2018-07-15 18:00:00,15,304.80002,391,707,4.7e-5,48.9,1.52,0.24
2018-07-16 00:00:00,15,300.1,411,527,9.2e-5,77.6,0.77,0.12
2018-07-16 06:00:00,15,294.4,394,2,6.8e-5,80.5,1.29,1
2018-07-16 12:00:00,15,295.6,390,24,5e-6,83.1,0.71999997,1.22
2018-07-16 18:00:00,15,304.80002,400,687,5e-6,42.7,3.51,1.24
2018-07-17 00:00:00,15,300,409,543,1.1e-5,65.9,1.77,1.27
2018-07-17 06:00:00,15,293.80002,382,2,7.3e-5,93.4,1.37,1.3299999
2018-07-17 12:00:00,15,295.2,382,27,1.11e-4,94.700005,0.58,1.4499999
2018-07-17 18:00:00,15,303.2,408,594,6e-5,55.600002,1.65,1.75
2018-07-18 00:00:00,15,299.1,416,505,2.22e-4,84.8,0.07,1.16
2018-07-18 06:00:00,15,294,388,2,8e-5,97.5,-0.87,2.24
2018-07-18 12:00:00,15,294.2,368,30,0,93.200005,-2.26,1.61
2018-07-18 18:00:00,15,305,371,741,0,33.4,-2.34,0.32
2018-07-19 00:00:00,15,299,382,591,0,60.3,-1.52,-0.39
2018-07-19 06:00:00,15,291.80002,362,3,0,76.700005,-1.74,-0.63
2018-07-19 12:00:00,15,292.2,366,18,1e-6,73.6,-0.88,-0.89
2018-07-19 18:00:00,15,302,375,686,0,46.8,2.31,-1.4699999
2018-07-20 00:00:00,15,297.7,400,453,3.3e-5,71.3,1.28,-1.3299999
2018-07-20 06:00:00,15,293.4,403,2,1.2e-5,81.700005,1.1999999,-1.02
2018-07-20 12:00:00,15,292.4,356,25,0,82.3,0.55,-0.78
2018-07-20 18:00:00,15,300.4,382,620,2e-6,51.9,3.77,-1.23
2018-07-21 00:00:00,15,297,405,406,1e-5,65.8,2.46,-1.3299999
2018-07-21 06:00:00,15,291.30002,384,1,4.8e-5,93.700005,1.67,0.16
2018-07-21 12:00:00,15,292.7,388,9,3.2e-5,97.4,0.17999999,-0.72999996
2018-07-21 18:00:00,15,299,403,528,1.12e-4,74.700005,2.3999999,0.21
2018-07-22 00:00:00,15,296.30002,380,567,2.03e-4,89.700005,1.89,0.53
2018-07-22 06:00:00,15,290.6,355,2,4.2e-5,94.4,-0.04,2.2
2018-07-22 12:00:00,15,290.7,331,30,0,91.700005,0.77,1.62
2018-07-22 18:00:00,15,299.9,366,705,4.3e-5,55.7,1.8299999,2.82
2018-07-23 00:00:00,15,296.30002,392,417,4.4e-5,73.9,-0.13,1.56
2018-07-23 06:00:00,15,289.7,360,2,4e-6,95,-0.19,1.1
2018-07-23 12:00:00,15,292.6,349,28,0,86.1,-0.31,1.16
2018-07-23 18:00:00,15,299.7,374,712,8.9e-5,67.700005,2.7,0.37
2018-07-24 00:00:00,15,296.7,382,564,1.47e-4,88.6,0.35,0.95
2018-07-24 06:00:00,15,288.7,361,2,3.6e-5,95.9,-0.17,0.29999998
2018-07-24 12:00:00,15,293.5,350,27,1e-6,93.6,-0.32,-0.34
2018-07-24 18:00:00,15,301.6,373,718,5.5e-5,50.8,3.35,0.55
2018-07-25 00:00:00,15,296.2,380,567,1.07e-4,84.1,1.93,-0.45
2018-07-25 06:00:00,15,291.1,362,2,4e-6,96.9,1.51,0.28
2018-07-25 12:00:00,15,292.80002,357,27,0,93.200005,0.78,1.09
2018-07-25 18:00:00,15,301.7,385,679,4.4e-5,58.8,2.98,1.04
2018-07-26 00:00:00,15,297.5,395,553,1.4e-4,89.1,1.17,0.90999997
2018-07-26 06:00:00,15,292.7,372,2,8e-6,97.200005,0.57,1.77
2018-07-26 12:00:00,15,293.4,359,27,0,94.700005,0.08,1.5899999
2018-07-26 18:00:00,15,304.6,391,700,1.6e-5,46.100002,0.64,2.3999999
2018-07-27 00:00:00,15,300.7,414,503,9e-6,67,0.76,1.5699999
2018-07-27 06:00:00,15,294,387,2,2e-6,85.1,0.71999997,1.66
2018-07-27 12:00:00,15,294.7,378,19,1.2e-5,87.1,0.84,1.4499999
2018-07-27 18:00:00,15,301.5,398,633,5.4e-5,68.700005,1.54,3.31
2018-07-28 00:00:00,15,298.9,413,281,8.7e-5,75.6,0.32,2.99
2018-07-28 06:00:00,15,293.2,371,2,0,93.200005,-1.29,1.5899999
2018-07-28 12:00:00,15,292.9,345,27,0,91.8,-0.22,1.5999999
2018-07-28 18:00:00,15,303.7,360,724,0,37.5,-1.5799999,1.9399999
2018-07-29 00:00:00,15,298.2,389,540,4e-6,68.9,0.59999996,1.38
2018-07-29 06:00:00,15,292.5,361,1,0,78.700005,-0.82,1.4599999
2018-07-29 12:00:00,15,293.4,346,26,0,75.3,-1.27,0.55
2018-07-29 18:00:00,15,305.9,374,715,0,36.3,1.6999999,0.66999996
2018-07-30 00:00:00,15,298.9,411,480,2.9e-5,68.200005,2.75,-1.18
2018-07-30 06:00:00,15,292,377,1,1.07e-4,96,1.09,0.37
2018-07-30 12:00:00,15,294.30002,367,24,6.6e-5,95.9,1.12,0.76
2018-07-14 12:00:00,16,293.4,9999e17,9999e17,9999e17,86.9,1.25,0.48999998
2018-07-14 18:00:00,16,303.7,376,731,1.4e-5,44.4,1.67,-1.49
2018-07-15 00:00:00,16,298.9,391,569,0,61.7,1.9,-1.0799999
2018-07-15 06:00:00,16,291.7,362,3,0,87.5,1.66,0.93
2018-07-15 12:00:00,16,294.4,359,32,0,86.3,0.44,1.61
2018-07-15 18:00:00,16,305.7,396,697,5.5e-5,50,1.12,0.22
2018-07-16 00:00:00,16,299.80002,416,526,2.66e-4,85,0.07,0.82
2018-07-16 06:00:00,16,294.2,393,2,5e-5,95.3,1.49,1.4599999
2018-07-16 12:00:00,16,295.1,376,31,8.3e-5,94.1,0.65,1.31
2018-07-16 18:00:00,16,305.1,402,678,2.7e-5,47.9,2.72,1.09
2018-07-17 00:00:00,16,298.1,416,489,1.57e-4,91.5,1.3399999,1.37
2018-07-17 06:00:00,16,294.7,401,2,1.2e-5,97.9,1.64,1.36
2018-07-17 12:00:00,16,295.5,386,29,3e-6,94.1,0.78999996,1.41
2018-07-17 18:00:00,16,300.9,408,480,5.2e-5,69.700005,0.02,2.44
2018-07-18 00:00:00,16,298.2,417,307,9e-5,90.200005,-0.77,1.53
2018-07-18 06:00:00,16,293.30002,378,2,0,96.4,-1.42,1.9599999
2018-07-18 12:00:00,16,291.7,341,32,0,88.5,-2.1699998,1.74
2018-07-18 18:00:00,16,303.6,344,756,0,30.6,-1.9,0.04
2018-07-19 00:00:00,16,297.9,367,597,0,59,-1.48,0.58
2018-07-19 06:00:00,16,290.80002,345,3,0,74.200005,-1.8199999,0.97999996
2018-07-19 12:00:00,16,290.4,331,31,0,72.5,-2.11,-0.88
2018-07-19 18:00:00,16,301.6,351,730,0,45.100002,0.88,-1.53
2018-07-20 00:00:00,16,296.4,393,468,1.3e-5,72.9,1.9,-1.2099999
2018-07-20 06:00:00,16,292.4,381,2,3e-6,90.200005,1.25,-0.82
2018-07-20 12:00:00,16,291.2,396,4,2.2e-5,96.8,0.07,-1.1999999
2018-07-20 18:00:00,16,293.6,400,162,5.7e-5,93.700005,1.73,-0.51
2018-07-21 00:00:00,16,295.2,397,306,1.17999996e-4,91.4,0.90999997,0.12
2018-07-21 06:00:00,16,291.80002,401,0,7.46e-4,97.4,1.09,-0.57
2018-07-21 12:00:00,16,291.6,394,11,1.8e-4,97.9,0.91999996,-1.04
2018-07-21 18:00:00,16,299.7,397,425,6.5e-5,66.3,1.93,-0.44
2018-07-22 00:00:00,16,296,381,560,1.97e-4,92,1.5899999,-0.049999997
2018-07-22 06:00:00,16,292.1,369,2,2e-6,97.4,0.29999998,1.7199999
2018-07-22 12:00:00,16,293,377,10,2.7e-5,95.200005,0.57,1.23
2018-07-22 18:00:00,16,300,395,605,5.7e-5,74.1,2.56,1.28
2018-07-23 00:00:00,16,296.80002,412,313,1.33e-4,94.700005,1.4399999,-0.19999999
2018-07-23 06:00:00,16,293.2,394,1,2.5e-5,98.200005,1.2099999,0.65
2018-07-23 12:00:00,16,293.9,371,27,2.1e-5,96.5,0.71999997,0.71999997
2018-07-23 18:00:00,16,299.5,391,667,2.11e-4,79.1,2.1,0.55
2018-07-24 00:00:00,16,296.7,408,441,1.32e-4,95.1,1.4599999,0.11
2018-07-24 06:00:00,16,293.2,387,2,4.9e-5,99,1.26,0.51
2018-07-24 12:00:00,16,294,389,18,8.4e-5,98.3,1.53,-0.22
2018-07-24 18:00:00,16,301.1,396,601,5.8999998e-5,61.4,3.56,0.63
2018-07-25 00:00:00,16,297,399,482,9.9e-5,86.3,2.35,0.5
2018-07-25 06:00:00,16,293.2,377,2,9e-6,99.200005,1.7199999,0
2018-07-25 12:00:00,16,294.2,411,11,2.7e-5,96.8,1.4399999,0.45999998
2018-07-25 18:00:00,16,299.30002,415,379,4.3e-5,72.700005,2.7,1
2018-07-26 00:00:00,16,296.5,398,490,1.17e-4,92.9,1.65,0.47
2018-07-26 06:00:00,16,292.7,376,2,1.8e-5,98.6,1.3299999,1.02
2018-07-26 12:00:00,16,292.80002,360,26,0,98,0.96,1.24
2018-07-26 18:00:00,16,302.4,379,698,4.4e-5,52.5,1.9,1.13
2018-07-27 00:00:00,16,296.5,394,535,1.58e-4,92.700005,1.4699999,0.68
2018-07-27 06:00:00,16,293.30002,383,1,2.3e-5,98.6,1.6899999,0.91999996
2018-07-27 12:00:00,16,293,370,21,2.29e-4,98.200005,1,1.28
2018-07-27 18:00:00,16,300.80002,388,653,5.8e-5,72.1,1.92,2.22
2018-07-28 00:00:00,16,295.9,399,456,3.6e-4,92.9,2.09,0.29
2018-07-28 06:00:00,16,292.30002,379,1,8.7e-5,97.8,0.83,1.65
2018-07-28 12:00:00,16,293.2,357,25,0,94.5,-0.48,1.15
2018-07-28 18:00:00,16,303.9,382,702,3.2e-5,54.600002,1.5899999,0.34
2018-07-29 00:00:00,16,298.1,392,542,9.3e-5,81.3,1.13,0.75
2018-07-29 06:00:00,16,292.2,370,1,1.1e-5,95.3,-0.32999998,1.42
2018-07-29 12:00:00,16,293.7,356,26,0,92.5,-0.62,1.41
2018-07-29 18:00:00,16,306.2,384,697,0,40,0.06,1.35
2018-07-30 00:00:00,16,299.80002,410,498,1.9e-5,69.3,0.17999999,2.22
2018-07-30 06:00:00,16,293.4,382,1,2.4e-5,93.700005,-0.28,1.78
2018-07-30 12:00:00,16,294.4,367,21,0,89.700005,-0.02,1.5799999
2018-07-14 12:00:00,17,294,9999e17,9999e17,9999e17,85.6,-0.34,0.12
2018-07-14 18:00:00,17,303,383,687,5e-6,46.4,1.54,-1.6899999
2018-07-15 00:00:00,17,298.4,386,571,0,58.5,2.04,-1.54
2018-07-15 06:00:00,17,290.7,352,3,0,83.1,1.49,1.06
2018-07-15 12:00:00,17,293.80002,352,32,0,81.700005,0.75,1.65
2018-07-15 18:00:00,17,305.1,391,710,6.8e-5,51,1.1899999,0.29999998
2018-07-16 00:00:00,17,299.80002,418,467,6.4e-5,78.200005,0.75,0.35999998
2018-07-16 06:00:00,17,294.5,397,2,8e-5,82.1,1.25,0.96999997
2018-07-16 12:00:00,17,295.4,395,21,7e-6,85.8,0.91999996,1.18
2018-07-16 18:00:00,17,304.30002,404,640,8e-6,46.2,3.7099998,1.37
2018-07-17 00:00:00,17,300,413,508,2.1e-5,71,1.78,0.31
2018-07-17 06:00:00,17,293.9,392,2,3.2e-5,96.200005,1.66,1.1899999
2018-07-17 12:00:00,17,295,378,30,4e-6,92.6,1.26,1.7099999
2018-07-17 18:00:00,17,301.80002,405,522,4.2e-5,63.2,-0.11,2.6
2018-07-18 00:00:00,17,298.80002,418,292,1.87e-4,86.6,0.63,1.13
2018-07-18 06:00:00,17,293.9,387,2,7.6e-4,96.4,-1.11,1.7199999
2018-07-18 12:00:00,17,294.2,375,25,0,95.8,-1.86,1.53
2018-07-18 18:00:00,17,302.2,382,721,6.7e-5,55.600002,-2.44,-0.35999998
2018-07-19 00:00:00,17,297.2,386,577,2.16e-4,87.8,-0.41,-1.04
2018-07-19 06:00:00,17,291.1,358,2,2.3e-5,93.3,-1.5699999,1.24
2018-07-19 12:00:00,17,290.7,340,31,0,89.6,-1.56,1.1999999
2018-07-19 18:00:00,17,302.1,365,735,2e-6,45.2,0.29,-3.26
2018-07-20 00:00:00,17,297.30002,388,499,1e-6,67.5,1.14,-1.88
2018-07-20 06:00:00,17,290.6,364,2,0,95.700005,1.35,-0.02
2018-07-20 12:00:00,17,292.9,352,29,0,92.1,-0.29999998,-1.42
2018-07-20 18:00:00,17,299.7,388,575,4.6e-5,63,2.72,-1.48
2018-07-21 00:00:00,17,295.5,389,493,2.3e-4,94.4,1.0699999,-0.84
2018-07-21 06:00:00,17,290.2,381,2,2.01e-4,98.700005,0.17,-0.42999998
2018-07-21 12:00:00,17,293.4,379,20,2.4e-4,96,0.13,0.52
2018-07-21 18:00:00,17,300.2,397,611,9.6e-5,65.6,0.19999999,2.5
2018-07-22 00:00:00,17,297.5,387,571,3.4e-5,72.200005,-1.1999999,1.4399999
2018-07-22 06:00:00,17,292.30002,355,2,0,77.4,-2.35,2.26
2018-07-22 12:00:00,17,291.1,326,31,0,74.5,-0.98999995,2.04
2018-07-22 18:00:00,17,303.5,357,730,0,37.3,-1.62,1.17
2018-07-23 00:00:00,17,298.4,395,507,1e-5,72.700005,-0.76,0.97999996
2018-07-23 06:00:00,17,292,372,2,2.6e-5,87.6,-1.15,1.11
2018-07-23 12:00:00,17,293.80002,355,29,0,86.5,-0.85999995,1.02
2018-07-23 18:00:00,17,304.1,378,717,1.9e-5,41.100002,1.91,2.04
2018-07-24 00:00:00,17,298.9,412,419,1.2e-5,69.4,1.75,0.65999997
2018-07-24 06:00:00,17,293.30002,378,2,1e-5,87.3,0.53,1.8
2018-07-24 12:00:00,17,294.2,387,21,2.8e-5,92.9,1,1.36
2018-07-24 18:00:00,17,300.6,404,497,3.8e-5,69,0.89,3.35
2018-07-25 00:00:00,17,298.80002,415,333,7.7e-5,85.1,0.71999997,1.4599999
2018-07-25 06:00:00,17,294.30002,406,1,4.68e-4,96.8,0.24,1.93
2018-07-25 12:00:00,17,293.4,366,27,0,94.9,-1.68,1.99
2018-07-25 18:00:00,17,302.2,357,733,0,38.7,-3.81,1.42
2018-07-26 00:00:00,17,297.2,362,584,0,58.2,-1.88,1.05
2018-07-26 06:00:00,17,289.9,334,2,0,73.1,-1.86,0.22999999
2018-07-26 12:00:00,17,290.9,333,26,0,75.200005,-1.24,-0.66999996
2018-07-26 18:00:00,17,300.5,358,688,0,46.2,2.01,-1.5
2018-07-27 00:00:00,17,297.4,383,510,2e-6,67.3,1.55,-1.4699999
2018-07-27 06:00:00,17,291.9,387,2,2.9e-5,88.8,1,-1.12
2018-07-27 12:00:00,17,290.80002,392,3,1.17999996e-4,96.4,0.87,-0.82
2018-07-27 18:00:00,17,297.6,389,344,1.6e-5,62.4,2.75,-0.19
2018-07-28 00:00:00,17,296.1,404,310,2.1e-5,80.700005,1.78,-0.089999996
2018-07-28 06:00:00,17,292.80002,380,1,3e-6,94.200005,1.27,1.5
2018-07-28 12:00:00,17,294.6,375,24,0,93.1,0.62,2.25
2018-07-28 18:00:00,17,304.1,404,645,3.5e-5,56.100002,-0.48999998,3.31
2018-07-29 00:00:00,17,297.6,398,554,1.49e-4,87.6,0.39,1.9
2018-07-29 06:00:00,17,291.97,362,1,4e-6,97.1,-0.68,1.89
2018-07-29 12:00:00,17,292,338,27,0,94.8,-0.95,1.43
2018-07-29 18:00:00,17,303.31,363,723,0,37.3,-1.66,2.8799999
2018-07-30 00:00:00,17,298.79,379,569,0,60.8,-0.71,1.5
2018-07-30 06:00:00,17,292.66998,366,1,0,76.5,-0.85999995,1.55
2018-07-30 12:00:00,17,294.1,369,20,7.7e-5,88.9,-0.089999996,1.66
2018-07-14 12:00:00,18,293.2,9999e17,9999e17,9999e17,83.9,0.93,0.82
2018-07-14 18:00:00,18,302.6,380,691,0,47.3,1.9699999,-0.7
2018-07-15 00:00:00,18,299.1,394,533,0,62.2,1.8199999,-1.4499999
2018-07-15 06:00:00,18,291.1,360,3,0,83.8,1.66,0.9
2018-07-15 12:00:00,18,293.80002,353,32,0,82.1,0.77,1.8
2018-07-15 18:00:00,18,305,392,688,5.4e-5,49.8,1.24,0.41
2018-07-16 00:00:00,18,299.80002,412,518,1e-4,72.9,1.0699999,0.56
2018-07-16 06:00:00,18,294.2,391,2,3.8e-5,86.4,1.37,1.4
2018-07-16 12:00:00,18,295.1,379,29,1.4e-5,90.3,0.95,1.3399999
2018-07-16 18:00:00,18,303.7,405,626,2.3e-5,51.5,2.72,1.24
2018-07-17 00:00:00,18,298,415,476,2.11e-4,92.3,1.76,0.57
2018-07-17 06:00:00,18,294.7,398,2,4.3e-5,98.3,1.24,1.3399999
2018-07-17 12:00:00,18,295.30002,386,27,8.6e-5,96.1,0.77,1.77
2018-07-17 18:00:00,18,301.4,411,402,4.1e-5,69.200005,1.54,2.54
2018-07-18 00:00:00,18,299.2,412,466,1.66e-4,78.4,-1.1899999,1.74
2018-07-18 06:00:00,18,294,377,2,0,81.6,-2.05,2.4199998
2018-07-18 12:00:00,18,292.7,338,32,0,83.200005,-2.6399999,1.86
2018-07-18 18:00:00,18,301.9,363,718,1e-6,38.5,-2.49,-0.75
2018-07-19 00:00:00,18,296.7,360,598,0,55.5,-1.92,-0.29999998
2018-07-19 06:00:00,18,288.2,324,3,0,75.6,-1.8,0.25
2018-07-19 12:00:00,18,290,310,33,0,70.6,-1.37,0.13
2018-07-19 18:00:00,18,301.7,330,764,0,32.8,0.38,-1.74
2018-07-20 00:00:00,18,295.6,345,606,0,56.4,1.22,-1.86
2018-07-20 06:00:00,18,284.80002,319,3,0,91.6,0.96,-0.12
2018-07-20 12:00:00,18,290.7,310,32,0,83.5,0.01,-0.75
2018-07-20 18:00:00,18,299.5,344,742,3e-6,44.8,1.9399999,-2.84
2018-07-21 00:00:00,18,296.2,367,548,0,69.8,0.96,-2.6599998
2018-07-21 06:00:00,18,292.5,395,2,4.1e-5,97.8,-0.17,-2.1699998
2018-07-21 12:00:00,18,290.9,404,1,1.54e-4,98.3,-1.35,-1.9399999
2018-07-21 18:00:00,18,293.1,404,101,4.46e-4,97.1,-1.64,-2.1399999
2018-07-22 00:00:00,18,293.7,412,73,1.21e-4,98.200005,-1.9799999,-0.57
2018-07-22 06:00:00,18,292.30002,397,1,9e-6,98.9,-1.18,0.94
2018-07-22 12:00:00,18,293.2,373,26,2e-6,95.9,-0.14999999,1.1899999
2018-07-22 18:00:00,18,303.2,384,702,5e-6,47.7,2.69,0.68
2018-07-23 00:00:00,18,297.30002,396,529,1.22e-4,86.8,1.67,-0.65
2018-07-23 06:00:00,18,291.5,372,2,1.83e-4,97.9,1.13,-0.089999996
2018-07-23 12:00:00,18,293.80002,370,17,1.4e-5,97.5,1.28,-0.25
2018-07-23 18:00:00,18,299.1,411,414,5.4e-5,74.4,2.9199998,0.96999997
2018-07-24 00:00:00,18,296.30002,407,340,1.76e-4,94.6,1.76,0.45
2018-07-24 06:00:00,18,292.80002,377,2,5e-5,98.6,0.74,1.62
2018-07-24 12:00:00,18,293,372,23,1e-6,97,-0.65,2.06
2018-07-24 18:00:00,18,301.9,386,631,1e-6,48.4,-2.1399999,2.62
2018-07-25 00:00:00,18,298.5,382,571,0,65.6,-1.4399999,1.48
2018-07-25 06:00:00,18,291.80002,360,2,3e-5,94.200005,-1.09,1.62
2018-07-25 12:00:00,18,291.9,344,28,0,94.200005,-1.01,1.3299999
2018-07-25 18:00:00,18,303.30002,364,721,0,40.4,-0.90999997,2.1299999
2018-07-26 00:00:00,18,298.5,389,533,0,63.7,-1.4,0.38
2018-07-26 06:00:00,18,291.5,379,2,3.1e-5,78.4,-1.65,0.35999998
2018-07-26 12:00:00,18,292,367,22,2.7e-5,89.6,-1.02,-1.3
2018-07-26 18:00:00,18,300.2,382,694,1.29e-4,72.700005,1.66,0.19
2018-07-27 00:00:00,18,298.6,410,449,7.8e-5,81.5,1.79,-0.32999998
2018-07-27 06:00:00,18,291.30002,383,1,3.79e-4,95.8,-0.01,0.63
2018-07-27 12:00:00,18,293.7,364,26,0,95.700005,0.32999998,1.6999999
2018-07-27 18:00:00,18,304.1,386,709,9e-6,47.5,1.4699999,2.72
2018-07-28 00:00:00,18,299.9,409,544,1.3e-5,68.6,0.81,3
2018-07-28 06:00:00,18,294.9,402,1,1.6e-5,90.4,-0.34,2.49
2018-07-28 12:00:00,18,294.9,380,21,0,89.700005,-0.12,2.35
2018-07-28 18:00:00,18,303.6,403,603,1e-6,52.5,-1.1999999,3.49
2018-07-29 00:00:00,18,297.7,406,542,7.1e-5,86.4,-1.36,2.27
2018-07-29 06:00:00,18,293.9,393,1,8e-6,95.200005,-0.35999998,1.63
2018-07-29 12:00:00,18,294.30002,388,17,2.3e-5,95.3,0.13,1.53
2018-07-29 18:00:00,18,303.2,403,649,4.5e-5,59.4,-0.88,4
2018-07-30 00:00:00,18,300.30002,422,437,3.7e-5,73.8,1.16,1.76
2018-07-30 06:00:00,18,295.80002,396,1,0,87.8,0.16,2.07
2018-07-30 12:00:00,18,296.80002,385,25,0,84.700005,0.45999998,2.61
2018-07-14 12:00:00,19,293.80002,9999e17,9999e17,9999e17,86.1,-0.29999998,0.59
2018-07-14 18:00:00,19,302.6,380,685,1e-6,48.8,1.8199999,-1.05
2018-07-15 00:00:00,19,298.9,401,476,0,61.9,2.1,-0.95
2018-07-15 06:00:00,19,291.9,363,3,0,89.6,1.5699999,1.24
2018-07-15 12:00:00,19,294.6,361,31,0,88.8,0.53999996,1.61
2018-07-15 18:00:00,19,302.1,397,679,1.27e-4,66.9,1.52,0.68
2018-07-16 00:00:00,19,298.7,415,483,1.31e-4,86.700005,0.96,1.1899999
2018-07-16 06:00:00,19,295.2,406,2,7.4e-5,97.6,0.91999996,1.41
2018-07-16 12:00:00,19,295.80002,391,29,2e-5,95.3,0.56,1.1899999
2018-07-16 18:00:00,19,304,411,531,6e-5,57,1.39,0.58
2018-07-17 00:00:00,19,297.80002,412,478,3.32e-4,92.9,2.01,0.71
2018-07-17 06:00:00,19,294.9,398,1,9e-6,98.700005,1.28,1.7199999
2018-07-17 12:00:00,19,295.4,384,30,3e-6,94.5,0.45,1.6899999
2018-07-17 18:00:00,19,302.4,403,609,4.1e-5,60.7,0.01,3
2018-07-18 00:00:00,19,300.2,419,402,4.7e-5,73.1,-1.06,2.08
2018-07-18 06:00:00,19,293.80002,380,2,2e-6,93.6,-1.52,2.08
2018-07-18 12:00:00,19,294.2,353,31,0,87.4,-2.07,1.5699999
2018-07-18 18:00:00,19,304.7,374,736,0,35.2,-2.3999999,-0.65
2018-07-19 00:00:00,19,297.1,412,362,1.3e-5,71.3,-1.67,-1.27
2018-07-19 06:00:00,19,291.30002,382,2,0,81.200005,-1.13,0.74
2018-07-19 12:00:00,19,293.80002,352,31,0,76.8,-1.4,0.25
2018-07-19 18:00:00,19,303.5,374,714,1.4e-5,43.2,1.7099999,-1.02
2018-07-20 00:00:00,19,297.7,390,560,7.4999996e-5,74.8,1.27,-1.24
2018-07-20 06:00:00,19,291.5,375,2,5.48e-4,97.200005,0.45,-0.82
2018-07-20 12:00:00,19,292.30002,377,17,2.86e-4,98,-0.38,-1.11
2018-07-20 18:00:00,19,297.9,398,418,2.56e-4,84.5,0.19,-0.65999997
2018-07-21 00:00:00,19,294.9,390,457,4.21e-4,95.3,0.41,-0.42999998
2018-07-21 06:00:00,19,290.1,373,1,3.18e-4,96.700005,0.32999998,-0.29999998
2018-07-21 12:00:00,19,292.7,351,29,5.8999998e-5,92.700005,0.5,0
2018-07-21 18:00:00,19,300.2,374,710,6.3e-5,63.7,2.06,0.12
2018-07-22 00:00:00,19,296.2,393,494,1.43e-4,92,1.29,-0.87
2018-07-22 06:00:00,19,289.9,366,2,1.6e-5,97.700005,0.71999997,0.47
2018-07-22 12:00:00,19,293.7,358,29,4e-6,93.6,0.91999996,-0.01
2018-07-22 18:00:00,19,300.7,385,704,9.1e-5,69.9,2.26,-0.08
2018-07-23 00:00:00,19,297.2,395,537,2.8e-4,91.3,0.90999997,-0.71999997
2018-07-23 06:00:00,19,292.5,387,2,1.59e-4,96.5,0.48999998,-1.22
2018-07-23 12:00:00,19,293.80002,368,26,2e-6,95.6,0.28,-1.09
2018-07-23 18:00:00,19,301.2,395,644,8.5e-5,66.700005,2.76,-0.34
2018-07-24 00:00:00,19,297.6,402,534,1.88e-4,91,1.64,-0.31
2018-07-24 06:00:00,19,293.30002,385,1,9.1e-5,97.8,1.5899999,0.32
2018-07-24 12:00:00,19,294,385,16,3.2e-5,98.200005,1.8,1.14
2018-07-24 18:00:00,19,301.7,413,468,3.4e-5,62.4,3.78,1.8
2018-07-25 00:00:00,19,298.2,405,519,3.8e-5,79.4,2.08,0.75
2018-07-25 06:00:00,19,293,379,2,2.8e-5,95.9,1.65,1.13
2018-07-25 12:00:00,19,293.4,379,15,1e-5,96.5,1.9699999,0.78
2018-07-25 18:00:00,19,297.80002,397,539,1.93e-4,90,3.29,1.16
2018-07-26 00:00:00,19,295.1,396,435,5.28e-4,94.4,2.57,1.4699999
2018-07-26 06:00:00,19,291.6,373,2,2.7e-4,97.1,0.26999998,1.74
2018-07-26 12:00:00,19,291.7,354,25,1e-6,96.9,-0.9,1.12
2018-07-26 18:00:00,19,300.6,367,705,3.9e-5,52.100002,0.56,1.67
2018-07-27 00:00:00,19,295.7,373,557,8.8e-5,86.200005,1.13,-0.17999999
2018-07-27 06:00:00,19,289.30002,344,2,1.3e-5,92.4,-0.97999996,1.56
2018-07-27 12:00:00,19,289.7,325,28,0,90.5,-0.82,1.22
2018-07-27 18:00:00,19,300.2,352,704,0,42.5,-0.66999996,2.83
2018-07-28 00:00:00,19,295.7,372,485,0,67.200005,-0.94,1.12
2018-07-28 06:00:00,19,288.7,331,2,0,79.700005,-1.66,1.48
2018-07-28 12:00:00,19,288.7,310,28,0,84,-1.15,1.38
2018-07-28 18:00:00,19,300.9,332,740,0,36.5,-2.25,0.44
2018-07-29 00:00:00,19,296,357,579,0,69.9,-0.78,-0.01
2018-07-29 06:00:00,19,288.9,333,2,0,73.4,-1.37,0.83
2018-07-29 12:00:00,19,291,325,27,0,72.6,-1.4499999,-0.32
2018-07-29 18:00:00,19,302.7,352,728,0,37.2,1.87,-0.51
2018-07-30 00:00:00,19,297,397,384,0,67.1,1.66,-0.95
2018-07-30 06:00:00,19,289.86972,368,1,0,91.4,1.43,0.13
2018-07-30 12:00:00,19,293,343,25,0,83.4,0.93,0.96
2018-07-14 12:00:00,20,293.5,9999e17,9999e17,9999e17,86.8,0.68,0.77
2018-07-14 18:00:00,20,303.2,380,696,5e-6,45.4,1.5,-1.2099999
2018-07-15 00:00:00,20,298.9,388,574,0,61,1.86,-1.37
2018-07-15 06:00:00,20,291.30002,361,3,0,88.4,1.64,0.75
2018-07-15 12:00:00,20,294.30002,357,32,0,86.8,0.77,1.63
2018-07-15 18:00:00,20,305.30002,393,709,6.4e-5,51.3,1.48,0.06
2018-07-16 00:00:00,20,299,414,524,1.67e-4,82.6,0.75,1.18
2018-07-16 06:00:00,20,295,402,2,7.4e-5,96.4,1.12,1.43
2018-07-16 12:00:00,20,295.9,389,29,2.2e-5,95.200005,0.55,1.16
2018-07-16 18:00:00,20,303.2,405,673,1.79e-4,64.6,1.8499999,0.53999996
2018-07-17 00:00:00,20,297.6,421,349,2.58e-4,95.9,1.6999999,0.45
2018-07-17 06:00:00,20,294.80002,397,1,1.35e-4,98.3,1.2099999,1.5799999
2018-07-17 12:00:00,20,295.4,384,29,1e-6,95.8,0.81,1.4399999
2018-07-17 18:00:00,20,299.9,411,365,5.3e-5,76.5,-0.29,3.48
2018-07-18 00:00:00,20,299.9,409,495,2.4e-5,67.200005,-1.23,1.77
2018-07-18 06:00:00,20,293.5,368,3,0,73.8,-1.77,1.9699999
2018-07-18 12:00:00,20,291.30002,334,30,0,79.200005,-2.34,1.4599999
2018-07-18 18:00:00,20,300.30002,354,627,0,35.600002,-2.11,-0.68
2018-07-19 00:00:00,20,296.4,351,597,0,58.3,0.32999998,-1.9
2018-07-19 06:00:00,20,287.2,332,3,0,90.5,-1.06,-0.79999995
2018-07-19 12:00:00,20,290.80002,321,32,0,78.4,-1.09,-0.66999996
2018-07-19 18:00:00,20,300.80002,343,750,0,39,0.42,-2.24
2018-07-20 00:00:00,20,295.5,352,599,0,60,0.96,-1.9399999
2018-07-20 06:00:00,20,284.5,320,3,0,91.700005,0.02,-1.0699999
2018-07-20 12:00:00,20,289.30002,308,30,0,78.8,-1.16,-0.26999998
2018-07-20 18:00:00,20,300.6,325,761,0,34.3,-0.24,-2.47
2018-07-21 00:00:00,20,296.4,361,589,0,69.8,1.3,-2.12
2018-07-21 06:00:00,20,288.9,353,2,0,97.700005,-1.25,-0.5
2018-07-21 12:00:00,20,291.5,346,28,0,88.1,-1.25,-0.099999994
2018-07-21 18:00:00,20,300.80002,378,650,3e-6,54.4,1.54,-1.4699999
2018-07-22 00:00:00,20,294,410,141,1.61e-4,98.4,0.01,-1.05
2018-07-22 06:00:00,20,291.2,377,0,2.2e-4,98.5,-1.17,0.47
2018-07-22 12:00:00,20,292.80002,356,29,0,95.3,-0.41,1.62
2018-07-22 18:00:00,20,304.2,379,712,1e-6,42.5,-1.2099999,2.28
2018-07-23 00:00:00,20,299.30002,406,511,2.9e-5,72.8,0.71999997,1.55
2018-07-23 06:00:00,20,293.4,375,2,4e-6,84.8,-0.11,1.91
2018-07-23 12:00:00,20,294.9,362,29,0,84.700005,-0.56,1.29
2018-07-23 18:00:00,20,305.6,392,711,2.6e-5,42.8,1.1999999,0.94
2018-07-24 00:00:00,20,298.5,399,539,1.37e-4,83.1,0.78,1.16
2018-07-24 06:00:00,20,293.1,376,2,1e-5,95.9,0.29999998,1.55
2018-07-24 12:00:00,20,294.80002,359,29,0,90.4,0.099999994,1.35
2018-07-24 18:00:00,20,305.30002,385,719,1.3e-5,40.8,1.28,1.99
2018-07-25 00:00:00,20,297.7,409,480,1.07e-4,86.8,0.75,1
2018-07-25 06:00:00,20,293.7,385,1,1e-6,97.6,1.26,1.35
2018-07-25 12:00:00,20,293.7,384,7,1.73e-4,97.8,1.27,1.53
2018-07-25 18:00:00,20,299.9,405,386,1.51e-4,76.6,2.2,3.1799998
2018-07-26 00:00:00,20,297.2,404,441,1.23e-4,89.5,0.98999995,1.51
2018-07-26 06:00:00,20,292.5,367,2,1.7e-5,97.700005,-0.22999999,1.91
2018-07-26 12:00:00,20,291.9,346,28,0,94.8,-0.97999996,1.11
2018-07-26 18:00:00,20,302.2,366,679,1e-6,39.3,-0.59999996,2.27
2018-07-27 00:00:00,20,297,398,397,0,61,-1.93,0.97999996
2018-07-27 06:00:00,20,289.9,350,2,0,81.1,-1.22,1.27
2018-07-27 12:00:00,20,290.1,329,28,0,82.6,-1.31,1.1
2018-07-27 18:00:00,20,303.4,345,733,0,34.9,1.0799999,0.81
2018-07-28 00:00:00,20,298,369,575,0,73.700005,-0.04,0.42
2018-07-28 06:00:00,20,290.4,352,2,0,81.200005,-0.53999996,1.27
2018-07-28 12:00:00,20,293.9,346,27,0,72.8,0.51,1.4699999
2018-07-28 18:00:00,20,304.5,387,631,0,39.8,3.3999999,1.48
2018-07-29 00:00:00,20,299.80002,405,520,0,64.3,0.97999996,1.5999999
2018-07-29 06:00:00,20,291.9,367,1,5.4e-5,95.6,-1.12,1.7099999
2018-07-29 12:00:00,20,292.6,345,27,0,94.9,-0.84,1.16
2018-07-29 18:00:00,20,302.7,363,720,0,40.7,-0.01,3.02
2018-07-30 00:00:00,20,298.7,383,564,0,68.4,-0.64,0.78999996
2018-07-30 06:00:00,20,291.80002,362,1,0,77.8,-1.4399999,1.03
2018-07-30 12:00:00,20,292.30002,343,26,0,78.9,-1,1.0699999
2018-07-14 12:00:00,21,293.80002,9999e17,9999e17,9999e17,87.200005,0.59999996,0.77
2018-07-14 18:00:00,21,303.1,379,706,3e-6,46.3,1.65,-1.61
2018-07-15 00:00:00,21,298.7,389,574,0,59.2,1.88,-1.64
2018-07-15 06:00:00,21,290.6,356,3,0,84.4,1.54,0.84
2018-07-15 12:00:00,21,294.1,354,32,0,83.8,0.48,1.4599999
2018-07-15 18:00:00,21,305.30002,392,722,6.7e-5,50.3,1.3199999,-0.01
2018-07-16 00:00:00,21,300.30002,411,546,3.2e-5,67.700005,1.3399999,-0.02
2018-07-16 06:00:00,21,294.9,394,2,3e-6,81.200005,1.38,1.23
2018-07-16 12:00:00,21,295.7,388,26,7e-6,86.700005,1.17,1.37
2018-07-16 18:00:00,21,303,407,445,1.5e-5,51.2,3.55,0.93
2018-07-17 00:00:00,21,299.80002,406,516,0,63,2.74,0.83
2018-07-17 06:00:00,21,294.2,385,2,5e-6,88.5,1.42,1.39
2018-07-17 12:00:00,21,295.80002,388,27,6e-6,87.700005,1.18,1.67
2018-07-17 18:00:00,21,304,410,596,3.3e-5,51.3,0.96999997,3.3799999
2018-07-18 00:00:00,21,298.4,422,391,7.8e-5,85.1,-1.99,1.9799999
2018-07-18 06:00:00,21,293.30002,377,2,0,96.8,-1.4499999,1.5
2018-07-18 12:00:00,21,293.30002,342,33,0,85.6,-1.06,1.4499999
2018-07-18 18:00:00,21,304.2,356,752,0,29.1,-2.61,1.66
2018-07-19 00:00:00,21,298.4,370,594,0,55.600002,-2.05,-0.14999999
2018-07-19 06:00:00,21,290.30002,346,2,0,73.9,-1.62,-1.09
2018-07-19 12:00:00,21,291.6,343,30,0,72.700005,-0.78999996,-0.96
2018-07-19 18:00:00,21,298.7,380,514,1e-6,54.9,2.19,-1.81
2018-07-20 00:00:00,21,296.9,398,478,3.8e-5,75,1.4699999,-1
2018-07-20 06:00:00,21,292.4,402,2,5.2e-5,94.700005,0.91999996,-1.16
2018-07-20 12:00:00,21,292.30002,386,24,4e-6,89.8,0.48,-0.37
2018-07-20 18:00:00,21,302.2,379,695,5e-6,47.8,2.79,-0.78
2018-07-21 00:00:00,21,297.5,402,476,9.8e-5,70.8,2.33,-1.26
2018-07-21 06:00:00,21,290.9,377,1,9e-6,89.700005,1.64,0.59
2018-07-21 12:00:00,21,292.1,342,30,0,79.4,1.43,0.57
2018-07-21 18:00:00,21,297.7,387,406,1.6e-5,65.4,2.5,0.59
2018-07-22 00:00:00,21,295.5,407,374,9.6e-5,94.4,1.56,0.94
2018-07-22 06:00:00,21,292.7,379,1,1.53e-4,97.5,-0.58,2.37
2018-07-22 12:00:00,21,293.1,357,30,0,90.4,-2.75,3.77
2018-07-22 18:00:00,21,301.30002,363,725,0,46.100002,-4.19,3.72
2018-07-23 00:00:00,21,297.5,372,577,0,61.4,-2.34,2.1599998
2018-07-23 06:00:00,21,290.9,347,2,0,83.8,-1,1.79
2018-07-23 12:00:00,21,291.80002,334,30,0,83.3,-0.45,1.66
2018-07-23 18:00:00,21,303.6,368,705,0,38.600002,1.4,2.59
2018-07-24 00:00:00,21,298.5,401,376,0,62.8,1.15,1.74
2018-07-24 06:00:00,21,292.6,372,2,0,80.5,0.35999998,1.8299999
2018-07-24 12:00:00,21,292.4,383,6,8.7e-5,96.4,1.05,1.38
2018-07-24 18:00:00,21,301.80002,397,420,1.17999996e-4,60.3,2.87,3.62
2018-07-25 00:00:00,21,300.4,404,542,2e-5,62.9,0.45999998,1.9399999
2018-07-25 06:00:00,21,293.1,392,2,1.47e-4,95.9,-0.77,1.61
2018-07-25 12:00:00,21,293.30002,380,27,7.9e-5,95.3,0.17,1.63
2018-07-25 18:00:00,21,301.2,362,725,0,42.5,-1.24,3.51
2018-07-26 00:00:00,21,297.4,369,572,0,58.8,-1.93,1.3299999
2018-07-26 06:00:00,21,289.9,346,2,0,81,-1.35,1.06
2018-07-26 12:00:00,21,290.9,333,26,0,80.8,-1.35,0.85999995
2018-07-26 18:00:00,21,303.30002,368,661,1e-6,41.5,0.22,-0.74
2018-07-27 00:00:00,21,295.5,384,453,5.5e-5,81.8,0.25,-1.5899999
2018-07-27 06:00:00,21,289.7,348,2,2.8e-5,96.200005,-1.28,-0.68
2018-07-27 12:00:00,21,291.2,336,27,0,94.6,-1.4399999,-0.12
2018-07-27 18:00:00,21,301.7,362,697,4e-6,47,0.089999996,-2
2018-07-28 00:00:00,21,294.7,380,518,9.8e-5,91.9,1.23,-1.42
2018-07-28 06:00:00,21,288.4,357,1,1.4e-5,98,-0.45,-0.29999998
2018-07-28 12:00:00,21,292.6,361,16,5e-6,96.1,0.32,-0.71
2018-07-28 18:00:00,21,299.6,402,438,4.9e-5,66.1,1.5699999,-0.14999999
2018-07-29 00:00:00,21,295.9,392,465,1.76e-4,92.6,1.35,0.17999999
2018-07-29 06:00:00,21,291.4,369,1,4e-6,97.6,0.77,1.13
2018-07-29 12:00:00,21,293.4,361,25,0,95.3,-0.14999999,1.0799999
2018-07-29 18:00:00,21,305,396,629,7e-6,50.3,0.17,0.14
2018-07-30 00:00:00,21,297.9,405,475,1.01e-4,85.5,1.3199999,0.39999998
2018-07-30 06:00:00,21,292.7,377,1,3.6e-5,96.3,-0.06,1.29
2018-07-30 12:00:00,21,294.7,371,22,3.3e-5,90.1,-0.96,0.79999995
