forecast.date,ensembles,tmp2m,dlwrfsfc,dswrfsfc,pratesfc,rh2m,vgrd10m,ugrd10m,spfh2m,pressfc
2018-11-16 00:00:00,1,275.38,9999e17,9999e17,9999e17,94.8,-0.68,1.28,0.0044299997,95775.23
2018-11-16 06:00:00,1,274.24,281,0,6e-6,90.9,-2.73,5.5099998,0.00391,95827.27
2018-11-16 12:00:00,1,270.72998,222,0,0,87.1,-2.3,3.53,0.00288,96104.195
2018-11-16 18:00:00,1,282.16998,235,390,0,57.7,-0.93,3.9599998,0.0042999997,96140.73
2018-11-17 00:00:00,1,275.97,255,208,0,93.1,-1.11,2.02,0.0045,96397.734
2018-11-17 06:00:00,1,273.94998,242,0,0,97.200005,-1,1.88,0.0040599997,96673.52
2018-11-17 12:00:00,1,272.57,233,0,0,97.700005,-1.1999999,1.77,0.0036799998,96879.17
2018-11-17 18:00:00,1,285.31,247,380,0,55.7,0.48999998,0.47,0.00508,96924.07
2018-11-18 00:00:00,1,277.37,263,205,0,95.3,1.8399999,0.34,0.00506,96977.69
2018-11-18 06:00:00,1,275.84,255,0,0,96.8,0.56,1.5699999,0.0046099997,97007.734
2018-11-18 12:00:00,1,274.44,251,0,0,93.3,-0.26,1.4499999,0.00402,97033.68
2018-11-18 18:00:00,1,285.08,262,360,0,62.600002,1.75,0.76,0.00563,96943.35
2018-11-19 00:00:00,1,279.34,282,182,0,96.5,1.3199999,1.1899999,0.0058899997,96842.875
2018-11-19 06:00:00,1,277.3,270,0,0,97.9,-0.66999996,1.88,0.00518,96868.93
2018-11-19 12:00:00,1,276.19,256,0,0,97.700005,-0.45999998,1.8,0.00478,96823.37
2018-11-19 18:00:00,1,281.38,293,210,3e-6,71.8,-1.48,2.6,0.0050399997,96800.586
2018-11-20 00:00:00,1,275.8,297,82,1e-6,93.6,-1.2099999,0.85999995,0.00446,96738.74
2018-11-20 06:00:00,1,274.75998,246,0,0,96.9,-0.65,1.66,0.00429,96653.14
2018-11-20 12:00:00,1,273.9,244,0,0,97,-0.45,1.92,0.00403,96575.02
2018-11-20 18:00:00,1,282.6,273,290,0,63.7,-0.71999997,4.15,0.00488,96396.016
2018-11-21 00:00:00,1,276.72998,257,198,0,85.1,-1.87,2.4299998,0.00433,96695
2018-11-21 06:00:00,1,272.43,264,0,1e-6,80.700005,-2.53,2.05,0.003,97092.85
2018-11-21 12:00:00,1,269.69,209,0,0,78,-2.09,0.87,0.00234,97578.23
2018-11-21 18:00:00,1,277.65,211,380,0,40.9,-0.38,-1.36,0.0022,97767.63
2018-11-22 00:00:00,1,270.82,220,205,0,79.4,1.18,-1.27,0.0026,97913.805
2018-11-22 06:00:00,1,269.16,212,0,0,81,1.3399999,-0.08,0.00233,97927.73
2018-11-22 12:00:00,1,268.82,213,0,0,80.6,1.3,0.91999996,0.00226,97753.4
2018-11-22 18:00:00,1,281.82,225,370,0,40.9,0.85999995,1.4599999,0.00294,97346.29
2018-11-23 00:00:00,1,274.15,243,200,0,76.9,0.96999997,1.93,0.00324,97179.4
2018-11-23 06:00:00,1,272.71,234,0,0,92.6,-0.53999996,2.04,0.0035199998,97059.54
2018-11-23 12:00:00,1,272.22998,230,0,0,93,-1.16,1.8199999,0.00341,97027.96
2018-11-23 18:00:00,1,286.15,243,370,0,45.2,-0.049999997,0.28,0.0043699997,96816.31
2018-11-24 00:00:00,1,275.12,254,199,0,91.700005,1.8399999,0.65999997,0.00416,96765.37
2018-11-24 06:00:00,1,275.13,246,0,0,88.200005,0.69,1.6899999,0.0039999997,96823.96
2018-11-24 12:00:00,1,274.12,242,0,0,85.8,-0.47,1.64,0.00361,96845.57
2018-11-24 18:00:00,1,286.3,255,360,0,50.5,0.099999994,1.4699999,0.00493,96848.56
2018-11-25 00:00:00,1,277.47,270,192,0,90.4,0.19999999,1.25,0.00484,96933.06
2018-11-25 06:00:00,1,275.91,258,0,0,91.6,-0.96,0.85999995,0.00439,97031.836
2018-11-25 12:00:00,1,274.43,257,0,0,92.6,-0.63,-0.51,0.00399,97187.79
2018-11-25 18:00:00,1,285.81,278,290,0,64.5,1.37,-0.37,0.0060699997,97258.164
2018-11-26 00:00:00,1,277.72998,280,150,0,94.4,1.39,0.26,0.00513,97225.51
2018-11-26 06:00:00,1,277.11,258,0,0,94.9,1.02,1.4699999,0.00494,97159.71
2018-11-26 12:00:00,1,276.61,259,0,0,88.4,0.32999998,1.8,0.00444,97041.7
2018-11-26 18:00:00,1,282.71,324,100,6e-6,79.4,0.56,1.64,0.0061,96833.086
2018-11-27 00:00:00,1,280.94,315,110,0,95.8,0.48,1.91,0.00654,96675.17
2018-11-27 06:00:00,1,280.75998,302,0,1e-6,94.8,-0.35999998,2.1599998,0.0064,96582.43
2018-11-27 12:00:00,1,277.84,273,0,0,96.5,-0.82,1.63,0.00532,96489.625
2018-11-27 18:00:00,1,283.47,279,290,0,64.700005,-1.53,1.42,0.00526,96409.04
2018-11-28 00:00:00,1,279.66998,310,126,2.2e-5,85.700005,-0.72999996,-0.61,0.00538,96369.33
2018-11-28 06:00:00,1,278.19998,315,0,1.08e-4,96.200005,0.45,-1.11,0.00545,96380.086
2018-11-28 12:00:00,1,278.19998,323,0,2e-5,96.3,0.03,-1.48,0.00545,96472.52
2018-11-28 18:00:00,1,280.54,322,140,1.5e-5,88.9,-0.06,-1.92,0.00591,96445.93
2018-11-29 00:00:00,1,279.16998,330,46,6.2e-5,96.700005,-0.11,-2.09,0.00586,96272.2
2018-11-29 06:00:00,1,279.77,334,0,8.54e-4,99.1,1.62,-2.49,0.0063,95691.266
2018-11-29 12:00:00,1,280.52,344,0,3.8e-4,99.3,-0.22,-1.3299999,0.0066899997,95214.39
2018-11-29 18:00:00,1,286.86,344,160,2.1e-5,88,0.39999998,0.75,0.00909,95056.055
2018-11-30 00:00:00,1,282.33,313,141,2e-6,96.9,-1.05,1.5999999,0.00739,95271.3
2018-11-30 06:00:00,1,278.57,272,0,0,96.700005,-1.12,1.43,0.00568,95451.71
2018-11-30 12:00:00,1,277.44,269,0,0,96.700005,-1.3199999,1.01,0.00523,95662.43
2018-11-30 18:00:00,1,283.66,275,290,1e-6,69,-1.52,1.11,0.00572,95793.71
2018-12-01 00:00:00,1,279.34,321,82,2e-6,83.5,-1.4599999,1.36,0.00515,96038.96
2018-12-01 06:00:00,1,275.88998,268,0,0,86.8,-1.23,1.8,0.00419,96058.18
2018-12-01 12:00:00,1,274.63,241,0,0,87.1,-1.9,2.24,0.00384,96129.6
2018-12-01 18:00:00,1,279.27,240,330,0,63.8,-3.76,3.4499998,0.00391,96192.9
2018-12-02 00:00:00,1,273.8,254,171,0,78.9,-2.6699998,1.9799999,0.00326,96427.484
2018-11-16 00:00:00,2,275.36,9999e17,9999e17,9999e17,95.3,-0.32999998,1.1899999,0.00444,95809.81
2018-11-16 06:00:00,2,274.58,283,0,4e-6,92,-2.74,5.1,0.00405,95858.69
2018-11-16 12:00:00,2,270.78,223,0,0,87.3,-2.27,3.6,0.0029,96149.52
2018-11-16 18:00:00,2,282.59,235,390,0,57.9,-0.76,3.82,0.00444,96123.37
2018-11-17 00:00:00,2,276.46,258,207,0,93,-1.12,2.07,0.00465,96385.95
2018-11-17 06:00:00,2,274.11,246,0,0,97.200005,-0.93,1.89,0.0041,96687.94
2018-11-17 12:00:00,2,272.85,235,0,0,97,-1.36,1.77,0.00373,96906.266
2018-11-17 18:00:00,2,284.97998,247,380,0,56.100002,0.08,0.19,0.00501,96990.16
2018-11-18 00:00:00,2,276.83,261,205,0,95.200005,1.81,0.07,0.0048599998,97040.04
2018-11-18 06:00:00,2,275.50998,254,0,0,97.3,1.29,1.12,0.00453,97046.85
2018-11-18 12:00:00,2,274.47,251,0,0,96.6,0.55,1.4499999,0.00417,97096.96
2018-11-18 18:00:00,2,284.91998,260,370,0,65.3,1.64,0.97999996,0.0058,97019.21
2018-11-19 00:00:00,2,279,295,190,1e-6,94.9,0.06,0.59,0.0056499997,96928.2
2018-11-19 06:00:00,2,277.88998,295,0,0,96.6,-0.83,1.4599999,0.00532,96968.75
2018-11-19 12:00:00,2,276.16998,259,0,0,97.5,-1,1.6999999,0.00476,96858.91
2018-11-19 18:00:00,2,284.56,266,360,0,62.5,-0.38,2.75,0.00543,96802.45
2018-11-20 00:00:00,2,277.16998,302,100,2e-6,93.6,-1.5999999,1.05,0.0049099997,96770.76
2018-11-20 06:00:00,2,274.53,242,0,0,95.4,-1.02,1.4,0.00415,96796.46
2018-11-20 12:00:00,2,273.44,236,0,0,94.6,-0.21,1.68,0.0037999998,96758.516
2018-11-20 18:00:00,2,283.75998,251,370,0,64.200005,2.18,2.3799999,0.00531,96468.49
2018-11-21 00:00:00,2,279.13998,301,147,1e-6,94,0.52,2.6299999,0.00568,96410.52
2018-11-21 06:00:00,2,276.72,270,0,1e-6,78.4,-3.73,3.11,0.00399,96671.53
2018-11-21 12:00:00,2,272.19998,236,0,0,83.4,-1.99,2.1699998,0.00305,97134.46
2018-11-21 18:00:00,2,280.35,220,380,0,43.3,-1.3299999,-0.16,0.0028199998,97251.336
2018-11-22 00:00:00,2,272.36,231,206,0,81,1.0699999,-0.79999995,0.00299,97464.15
2018-11-22 06:00:00,2,271.02,223,0,0,93.8,1.4599999,-0.35999998,0.0031299999,97363.98
2018-11-22 12:00:00,2,271.55,233,0,0,92.4,1.66,1.27,0.00321,97233.72
2018-11-22 18:00:00,2,282.41998,252,350,0,47.600002,1,1.9599999,0.00358,96939.97
2018-11-23 00:00:00,2,275.68,254,195,0,85.6,0.74,2.07,0.00403,96899.27
2018-11-23 06:00:00,2,273.68,240,0,0,86.5,-0.17999999,2.21,0.0035299999,96789.04
2018-11-23 12:00:00,2,272.99,233,0,0,87.200005,-0.38,2.2,0.0033999998,96624.15
2018-11-23 18:00:00,2,285.47,247,370,0,50.9,-0.28,2.69,0.00472,96490.14
2018-11-24 00:00:00,2,277.3,259,198,0,85.3,-0.42,2.1,0.00454,96340.75
2018-11-24 06:00:00,2,276.55,268,0,0,88.5,-0.77,1.4,0.00445,96678.305
2018-11-24 12:00:00,2,275.74,268,0,0,92.200005,-1.0699999,1.27,0.0043699997,96679.555
2018-11-24 18:00:00,2,286.93,265,350,0,57,-0.59,-0.51,0.00581,96572.74
2018-11-25 00:00:00,2,280.4,305,155,3e-6,91.700005,0.62,-1.48,0.0060199997,96757.836
2018-11-25 06:00:00,2,279.38998,333,0,4.3e-5,96,1.0799999,-1.31,0.00588,96846.336
2018-11-25 12:00:00,2,278.25,329,0,2.8e-5,97.4,0.91999996,-0.85999995,0.00549,97104.016
2018-11-25 18:00:00,2,279.68,326,90,1.9e-5,89.5,1.35,-0.35,0.0055799996,97033.37
2018-11-26 00:00:00,2,278.85,332,40,1.7e-5,96.3,0.74,-1.02,0.00566,97154.04
2018-11-26 06:00:00,2,278.47998,326,0,1.4e-5,97.1,0.91999996,-1.02,0.00557,97078.71
2018-11-26 12:00:00,2,278.37,332,0,2.3e-5,97,1.1999999,-0.78,0.0055199997,97044.43
2018-11-26 18:00:00,2,281.3,329,120,3e-5,91.9,2.3799999,-0.38,0.00641,96851.85
2018-11-27 00:00:00,2,280.88,343,50,6.6e-5,98.3,1.51,0.32999998,0.0067,96508.336
2018-11-27 06:00:00,2,281.03,321,0,4e-6,98.700005,0.91999996,2.07,0.0067999996,96385.23
2018-11-27 12:00:00,2,280.80002,297,0,1e-6,93.9,-0.51,3.02,0.0064,96206.055
2018-11-27 18:00:00,2,281.69998,282,300,0,66.1,-3.3899999,5.39,0.00478,96365.35
2018-11-28 00:00:00,2,275.97998,257,174,0,78.8,-2.33,3.08,0.00381,96519.766
2018-11-28 06:00:00,2,273.29,229,0,0,85.1,-0.81,1.7099999,0.00339,96587.875
2018-11-28 12:00:00,2,272.5,232,0,0,86.5,-0.95,1.48,0.0032499998000000002,96728.086
2018-11-28 18:00:00,2,281.66,263,260,0,49.4,-0.59999996,0.87,0.00355,96681.69
2018-11-29 00:00:00,2,275.19998,277,122,0,76.8,1.06,-0.53,0.0035199998,96750.93
2018-11-29 06:00:00,2,272.71,250,0,0,93.8,1.15,-0.11,0.00357,96792.71
2018-11-29 12:00:00,2,272.54,242,0,0,95.8,0.29999998,-1.03,0.0036,96903.695
2018-11-29 18:00:00,2,281,283,250,9e-6,68.700005,1.42,-0.93,0.0047,96899.85
2018-11-30 00:00:00,2,276.97,314,101,1e-6,91,0.66999996,-1.1,0.00468,97135.96
2018-11-30 06:00:00,2,275.38998,304,0,4e-6,95.9,1.06,-0.69,0.0044199997,97056.13
2018-11-30 12:00:00,2,275.07,296,0,2.1e-5,96.4,0.64,-0.89,0.00435,97060.484
2018-11-30 18:00:00,2,278.78,321,110,1.49e-4,92.700005,1.5799999,-0.14999999,0.00545,96726.086
2018-12-01 00:00:00,2,277.57,332,25,8.2e-5,98.9,0.88,-0.25,0.0053499998,96577.086
2018-12-01 06:00:00,2,278.27,335,0,9e-6,98.3,0.39999998,0.29,0.0056,96359.99
2018-12-01 12:00:00,2,280.44,311,0,1e-6,98.5,1.41,0.24,0.00654,96134.36
2018-12-01 18:00:00,2,286.83,354,120,1.9e-5,92.3,2.3899999,0.90999997,0.00942,95732.78
2018-12-02 00:00:00,2,286.02,357,90,1.9e-5,98.5,1.17,1.55,0.00954,95786.89
2018-11-16 00:00:00,3,274.77,9999e17,9999e17,9999e17,93.4,-1.5699999,1.12,0.0041799997,95777.586
2018-11-16 06:00:00,3,273.93,266,0,4e-6,91.3,-2.49,5.52,0.00384,95784.97
2018-11-16 12:00:00,3,270.72998,222,0,0,87.700005,-2.1599998,3.53,0.0029,96013.64
2018-11-16 18:00:00,3,282.16998,235,390,0,57.100002,-0.98999995,3.9499998,0.00427,96048.86
2018-11-17 00:00:00,3,275.84,254,208,0,92.8,-1.11,2.02,0.00445,96292.23
2018-11-17 06:00:00,3,273.78,244,0,0,96,-0.94,1.87,0.00396,96597.086
2018-11-17 12:00:00,3,272.44,231,0,0,97.700005,-1.27,1.8399999,0.0036499999,96819.85
2018-11-17 18:00:00,3,285.13998,244,390,0,53.8,-0.089999996,0.41,0.0048599998,96890.055
2018-11-18 00:00:00,3,276.84,260,207,0,94.200005,1.81,0.22999999,0.00482,96962.1
2018-11-18 06:00:00,3,275.38,253,0,0,96.700005,0.84,1.36,0.00446,96981.96
2018-11-18 12:00:00,3,274.00998,249,0,0,95.200005,0.62,1.3299999,0.00398,97003.02
2018-11-18 18:00:00,3,284.66,258,370,0,68.700005,2.32,0.76,0.0060099997,96892.49
2018-11-19 00:00:00,3,279.11,281,184,0,96.700005,0.9,1.56,0.00581,96830.164
2018-11-19 06:00:00,3,276.88,266,0,0,97.8,-0.85999995,1.78,0.00502,96864.24
2018-11-19 12:00:00,3,275.97,254,0,0,96.9,-0.16,1.77,0.0046699997,96802.7
2018-11-19 18:00:00,3,284.33,286,300,3e-6,68,0.5,2.51,0.0058299997,96707.74
2018-11-20 00:00:00,3,279.97,329,96,3e-6,88.8,-0.48,1,0.00567,96704.24
2018-11-20 06:00:00,3,279.07,315,0,4e-6,92,-0.26,1.29,0.0055299997,96587.875
2018-11-20 12:00:00,3,276.1,263,0,0,97.4,0,1.81,0.00475,96552.96
2018-11-20 18:00:00,3,284.13998,269,340,0,59.7,-0.22,3.62,0.00507,96369.055
2018-11-21 00:00:00,3,277.94,266,197,0,83.1,-2.1699998,2.49,0.0046,96664.9
2018-11-21 06:00:00,3,272.84,248,0,0,80.3,-2.59,2.1699998,0.00308,97026.58
2018-11-21 12:00:00,3,270.25,209,0,0,75.700005,-2.1399999,1.3299999,0.00238,97435.31
2018-11-21 18:00:00,3,278.68,210,380,0,37.7,-1.26,-0.57,0.0021799998,97552.09
2018-11-22 00:00:00,3,270.99,217,209,0,70.9,0.66999996,-1.02,0.00235,97722.33
2018-11-22 06:00:00,3,269.46,208,0,0,82.8,1.5899999,0.29,0.00244,97782.164
2018-11-22 12:00:00,3,269.52,209,0,0,89.3,0.38,1.77,0.00265,97563.05
2018-11-22 18:00:00,3,282.25,228,370,0,29.5,-0.96,2.23,0.00219,97244.41
2018-11-23 00:00:00,3,274.38,242,201,0,59.7,-0.96,2.07,0.00256,97174.266
2018-11-23 06:00:00,3,271.99,228,0,0,69.8,-0.95,2.24,0.00251,97110.7
2018-11-23 12:00:00,3,272.08,229,0,0,70.200005,-1.03,2.09,0.0025499999,97089.56
2018-11-23 18:00:00,3,285.79,240,370,0,40.100002,0.29999998,1.49,0.00378,96879.086
2018-11-24 00:00:00,3,276.63998,254,201,0,86,1.53,1.64,0.00434,96792.43
2018-11-24 06:00:00,3,275.37,241,0,0,90.200005,0.98999995,1.75,0.00416,96897.37
2018-11-24 12:00:00,3,274.63,245,0,0,83.3,1.1999999,1.66,0.0036499999,96802.766
2018-11-24 18:00:00,3,283.88,273,290,0,59.100002,2.69,0.71,0.0049199997,96452.43
2018-11-25 00:00:00,3,280.13,304,158,6.7e-5,97.3,1.54,0.14999999,0.00629,96512.914
2018-11-25 06:00:00,3,280.33,335,0,3.8e-4,99.1,0.39,-0.91999996,0.00652,96288
2018-11-25 12:00:00,3,281.25998,346,0,7.4999996e-5,98.700005,-2.02,-0.62,0.0069199996,96219.555
2018-11-25 18:00:00,3,287.91998,316,290,4e-6,81.3,-1.24,-1.25,0.00887,96179.9
2018-11-26 00:00:00,3,282.07,312,151,0,97.700005,-0.25,-1.38,0.0072399997,96307.805
2018-11-26 06:00:00,3,282.66998,334,0,1e-5,97.1,-0.28,-1.3299999,0.0074699996,96484.68
2018-11-26 12:00:00,3,281.86,348,0,2.5e-5,98,-0.53999996,-0.90999997,0.00715,96276.336
2018-11-26 18:00:00,3,287.37,343,170,1.3e-5,83.9,1.11,0.12,0.00881,96377.35
2018-11-27 00:00:00,3,282.88998,309,158,2e-6,96.4,1.42,-0.04,0.00757,96104.35
2018-11-27 06:00:00,3,281.00998,298,0,0,98.700005,1.22,1.28,0.00682,95940.95
2018-11-27 12:00:00,3,280.02,294,0,0,97.9,0.74,2.05,0.0063199997,95879.625
2018-11-27 18:00:00,3,285.43,290,290,2e-6,63.4,-0.82,5.77,0.0058999998,95845.56
2018-11-28 00:00:00,3,280.84,308,135,3e-6,81.3,-1.05,3.61,0.00555,95922.336
2018-11-28 06:00:00,3,278.84,279,0,0,80.700005,-1.4699999,4.0699997,0.0047999998,95985.74
2018-11-28 12:00:00,3,276.46,253,0,0,80,-1.8199999,3.51,0.00401,96213.99
2018-11-28 18:00:00,3,281.06,273,290,1e-6,60.3,-2.9299998,4.25,0.00417,96275.65
2018-11-29 00:00:00,3,275.50998,250,183,0,84.5,-0.71,1.8,0.00395,96596.555
2018-11-29 06:00:00,3,273.09,232,0,0,92.9,-0.78999996,1.43,0.00364,96581.6
2018-11-29 12:00:00,3,273.71,246,0,0,86.200005,-0.02,1.51,0.00354,96404.914
2018-11-29 18:00:00,3,280.87,288,190,0,58.3,1.74,2.4299998,0.00396,96267.94
2018-11-30 00:00:00,3,276.00998,267,120,1e-6,85.6,0.57,2.1699998,0.00415,96424.85
2018-11-30 06:00:00,3,274,248,0,0,87.4,-1.28,1.55,0.0036799998,96496.58
2018-11-30 12:00:00,3,270.22998,213,0,0,89.6,-1.22,0.78,0.00283,96770.805
2018-11-30 18:00:00,3,278.27,229,320,0,55.3,2.02,-1.23,0.00314,96573.51
2018-12-01 00:00:00,3,275.47998,268,160,4e-6,89,1.3199999,-0.7,0.00416,96411.5
2018-12-01 06:00:00,3,275.15,300,0,6e-6,94.9,1.65,0.45,0.00435,96082.52
2018-12-01 12:00:00,3,275.57,303,0,1.36e-4,97.3,1.53,0.38,0.0046,95837.555
2018-12-01 18:00:00,3,280.24,308,160,3.8e-5,89,0.88,2.3799999,0.00586,95446.44
2018-12-02 00:00:00,3,275.79,298,110,6e-6,88.6,-0.76,2.71,0.00428,95401.1
2018-11-16 00:00:00,4,275.46,9999e17,9999e17,9999e17,95,-0.84999996,1.15,0.00446,95736.46
2018-11-16 06:00:00,4,274.09,282,0,3e-6,90.8,-3.04,5.7999997,0.00387,95771.83
2018-11-16 12:00:00,4,270.83,223,0,0,86.4,-2.25,3.59,0.00288,96076.68
2018-11-16 18:00:00,4,281.86,234,390,0,58,-1.18,4.11,0.0042399997,96101.46
2018-11-17 00:00:00,4,275.88,254,209,0,92.700005,-1.15,2.04,0.00446,96325.58
2018-11-17 06:00:00,4,273.57,249,0,0,95.5,-0.77,1.9399999,0.00388,96601.805
2018-11-17 12:00:00,4,272.21,230,0,0,96.1,-1.24,1.9,0.0035299999,96809.24
2018-11-17 18:00:00,4,284.88998,243,390,0,51.9,0.25,0.74,0.0046099997,96861.016
2018-11-18 00:00:00,4,276.91,261,205,0,94.3,1.8499999,0.28,0.0048499997,96978.21
2018-11-18 06:00:00,4,275.74,253,0,0,97,1.0699999,1.4599999,0.00459,97011.9
2018-11-18 12:00:00,4,274.69,252,0,0,94.8,0.29,1.64,0.00416,97032.695
2018-11-18 18:00:00,4,285.16998,262,370,0,64.5,1.68,0.96999997,0.0058299997,96947.836
2018-11-19 00:00:00,4,279.27,281,191,0,96.4,0.81,1.49,0.00585,96849.55
2018-11-19 06:00:00,4,277.18,268,0,0,97.700005,-0.22,2.07,0.00512,96889.52
2018-11-19 12:00:00,4,276.34,257,0,0,97.3,-1.27,1.8,0.0047999998,96928.664
2018-11-19 18:00:00,4,282.61,254,370,0,64,-1.76,2.33,0.00488,96885.16
2018-11-20 00:00:00,4,276.44998,259,198,0,88.6,-1.65,1.3,0.00441,96842.46
2018-11-20 06:00:00,4,273.43,237,0,0,92.200005,-0.7,1.62,0.0037,96789.586
2018-11-20 12:00:00,4,272.97,232,0,0,94.4,-0.48,1.91,0.00367,96677.125
2018-11-20 18:00:00,4,283.36,238,380,0,51.600002,-0.37,3.33,0.00415,96471.1
2018-11-21 00:00:00,4,276.8,258,198,0,90.8,-1.29,2.26,0.00465,96613.086
2018-11-21 06:00:00,4,276.68,272,0,6e-6,89,-2.59,2.45,0.00452,96667.414
2018-11-21 12:00:00,4,271.35,227,0,0,86.3,-1.54,1.92,0.00296,97149.35
2018-11-21 18:00:00,4,279.07,212,390,0,43.5,-1.81,1.23,0.00259,97226.91
2018-11-22 00:00:00,4,271.69998,228,208,0,81.9,-0.83,0.87,0.00288,97298.125
2018-11-22 06:00:00,4,271.13,220,0,0,76.3,-0.53999996,0.97999996,0.00257,97323.99
2018-11-22 12:00:00,4,270.38998,220,0,0,88.8,0.45999998,-0.26,0.0028199998,97366.45
2018-11-22 18:00:00,4,282.50998,229,370,0,46.2,1.42,-0.16,0.0034899998,97168.875
2018-11-23 00:00:00,4,273.33,246,195,0,96.9,1.37,0.089999996,0.00385,97050.54
2018-11-23 06:00:00,4,276.09,272,0,3e-6,94.6,0.89,1.4399999,0.00458,97081.695
2018-11-23 12:00:00,4,271.1,246,0,0,97.3,-0.32999998,1.03,0.0032799998,96791.23
2018-11-23 18:00:00,4,282.82,239,370,0,58.8,2.19,-0.59999996,0.00456,96701.14
2018-11-24 00:00:00,4,274.25,245,200,0,95,1.52,-0.96,0.0040599997,96544.02
2018-11-24 06:00:00,4,272.35,238,0,0,95.200005,0.58,-0.83,0.0035299999,96760.16
2018-11-24 12:00:00,4,275.44998,274,0,1.4e-5,82.700005,-0.71,-0.76,0.00385,96526.836
2018-11-24 18:00:00,4,280.44,335,60,1.03e-4,92.8,1.37,-0.32,0.00615,96250.94
2018-11-25 00:00:00,4,279.21,316,56,1.3e-5,97.6,-1.16,1.62,0.00593,96293.52
2018-11-25 06:00:00,4,276.53,255,0,0,97.3,-1.17,1.48,0.0049,96354.414
2018-11-25 12:00:00,4,276.47,264,0,0,97.3,-1.1,1.1899999,0.00487,96686.77
2018-11-25 18:00:00,4,285.82,273,310,0,64.5,0.59999996,-0.64,0.00612,96566.266
2018-11-26 00:00:00,4,277.93,259,194,0,95.6,1.63,-0.32,0.0053,96757.62
2018-11-26 06:00:00,4,277.04,257,0,0,97.8,1.25,1.5699999,0.0050999997,96479.87
2018-11-26 12:00:00,4,276.41,254,0,0,96.5,0.12,2,0.00481,96552.98
2018-11-26 18:00:00,4,282.75998,302,210,3e-6,66,-1.81,5.66,0.00514,96404.06
2018-11-27 00:00:00,4,274.16,256,158,0,78.200005,-1.8,2.37,0.0033099998,96755.4
2018-11-27 06:00:00,4,270.44998,216,0,0,72.5,-1.77,2.19,0.00234,96711.305
2018-11-27 12:00:00,4,269.80002,211,0,0,56.7,-1.1899999,2.07,0.0017499999,96777.64
2018-11-27 18:00:00,4,276.65,216,350,0,37.5,-2.12,2.11,0.0018999999,96843.83
2018-11-28 00:00:00,4,271.86,226,193,0,59.5,-1.03,1.27,0.0021199998,96762.6
2018-11-28 06:00:00,4,270.49,232,0,0,65.9,-0.56,1.3,0.0021199998,96798.375
2018-11-28 12:00:00,4,270.94,245,0,0,71.8,-1.1,0.76,0.00238,96859.64
2018-11-28 18:00:00,4,279.85,245,300,0,48,1.12,0.89,0.00303,96763.266
2018-11-29 00:00:00,4,272.3,255,163,0,88.200005,1.0699999,-0.76,0.00326,96540.14
2018-11-29 06:00:00,4,272.3,281,0,3.5e-5,93.6,0.83,-0.38,0.0034699999,96739.38
2018-11-29 12:00:00,4,271.91,271,0,1.3e-5,96.200005,-0.59999996,-1.1999999,0.00345,96730.375
2018-11-29 18:00:00,4,279.3,297,190,1.2e-5,72.8,-0.42999998,-0.04,0.00444,96694.69
2018-11-30 00:00:00,4,272.97998,295,105,4e-6,95.5,-0.35,0.049999997,0.0037099998,96951.44
2018-11-30 06:00:00,4,270.37,231,0,0,96.700005,-0.85999995,0.94,0.00308,97246.78
2018-11-30 12:00:00,4,269.16998,222,0,0,96.8,-1.02,0.57,0.0028,97458.53
2018-11-30 18:00:00,4,280.65,230,340,0,56.4,0.62,0.19,0.0037399998,97609.01
2018-12-01 00:00:00,4,270.38,241,183,0,93.1,0.59,-0.55,0.00296,97691.56
2018-12-01 06:00:00,4,270.12,231,0,0,95.3,0.82,-0.62,0.00296,97741.58
2018-12-01 12:00:00,4,270.47998,239,0,0,96.4,0.71,-0.17,0.0030699999,97865.9
2018-12-01 18:00:00,4,280.34,253,260,0,57.9,1.28,0.24,0.00375,97756.28
2018-12-02 00:00:00,4,271.56,245,170,0,93.200005,1.3,-0.56,0.0032199998,97822.29
2018-11-16 00:00:00,5,275.59,9999e17,9999e17,9999e17,96.200005,0.25,1.39,0.00456,95733.15
2018-11-16 06:00:00,5,274.6,276,0,3e-6,91.1,-2.59,5.52,0.00401,95850.266
2018-11-16 12:00:00,5,270.87,223,0,0,87.1,-2.32,3.52,0.00291,96150.586
2018-11-16 18:00:00,5,282.03,234,390,0,57.600002,-0.96999997,3.6499999,0.0042499998,96200.086
2018-11-17 00:00:00,5,275.94,254,209,0,91.8,-0.77,2.12,0.0044299997,96402.25
2018-11-17 06:00:00,5,273.78,240,0,0,97.5,-1.01,1.8299999,0.00402,96678.58
2018-11-17 12:00:00,5,272.86,235,0,0,97.8,-1.24,1.73,0.00376,96888.71
2018-11-17 18:00:00,5,285.25,249,380,0,56.9,0.38,0.42,0.00517,96946.805
2018-11-18 00:00:00,5,277.16998,263,204,0,95.1,1.78,0.16,0.0049799997,96991.21
2018-11-18 06:00:00,5,275.52,253,0,0,96.700005,0.66999996,1.49,0.0045,96968.766
2018-11-18 12:00:00,5,274.66,251,0,0,91.700005,-0.29999998,1.66,0.00402,96943.984
2018-11-18 18:00:00,5,285.25,261,360,0,61.5,1.4399999,1.22,0.0055899997,96851.016
2018-11-19 00:00:00,5,277.25998,274,188,0,95.5,-0.22,1.22,0.0050399997,96819.15
2018-11-19 06:00:00,5,276.61,260,0,0,97,-0.84999996,1.67,0.00489,96877.21
2018-11-19 12:00:00,5,275.72998,254,0,0,97,-0.77,1.51,0.00459,96787.91
2018-11-19 18:00:00,5,284.21,272,340,2e-6,69.5,1.41,2.03,0.00591,96591.31
2018-11-20 00:00:00,5,279.33,312,85,2e-6,90.8,-0.14999999,2.05,0.00555,96541.2
2018-11-20 06:00:00,5,278.54,282,0,0,92.200005,0.17,2.1299999,0.0053399997,96406.46
2018-11-20 12:00:00,5,275.49,257,0,0,91.9,-1.28,2,0.00429,96557.84
2018-11-20 18:00:00,5,279.5,273,280,2e-6,59.600002,-3.4099998,3.1,0.0036799998,96743.49
2018-11-21 00:00:00,5,272.54,228,205,0,84.1,-1.5,1.3,0.00315,97179.69
2018-11-21 06:00:00,5,270.6,217,0,0,87.4,-0.53999996,-0.76,0.0028199998,97369.82
2018-11-21 12:00:00,5,270.72998,230,0,1e-6,88.700005,1.48,-0.21,0.00289,97554.92
2018-11-21 18:00:00,5,280.31,255,340,1e-6,51.7,1.91,0.84999996,0.00335,97373.59
2018-11-22 00:00:00,5,274.32,246,200,0,95.5,2.07,0.76,0.00407,97241.234
2018-11-22 06:00:00,5,273.33,239,0,0,97.700005,0.93,1.8199999,0.00387,97228.93
2018-11-22 12:00:00,5,272.86,234,0,0,92.8,-0.64,1.8199999,0.0035599999,97192.414
2018-11-22 18:00:00,5,285.19,252,350,0,52.600002,1.25,0.29,0.00476,96964.51
2018-11-23 00:00:00,5,277.5,281,174,0,95.6,1.6999999,0.68,0.00514,96758.19
2018-11-23 06:00:00,5,277.44998,300,0,0,93.700005,1,1.09,0.0050299997,96540.39
2018-11-23 12:00:00,5,275.07,292,0,1e-6,96.200005,1.17,0.32999998,0.00438,96119.48
2018-11-23 18:00:00,5,283.36,292,220,0,76.8,2.03,-0.26,0.00623,95739.99
2018-11-24 00:00:00,5,279.38,305,95,0,98.3,1.3399999,1.29,0.00612,95213.49
2018-11-24 06:00:00,5,279.15,297,0,3e-6,87.9,-2.78,3.11,0.0053999997,95282.555
2018-11-24 12:00:00,5,273.68,237,0,0,83.8,-1.76,2.51,0.0034699999,95426.164
2018-11-24 18:00:00,5,279.91998,245,350,0,60.4,-2.45,4.2599998,0.0039,95446.56
2018-11-25 00:00:00,5,273.78,238,193,0,84.700005,-0.62,2.02,0.0035299999,95582.96
2018-11-25 06:00:00,5,272.33,229,0,0,86.700005,-0.04,2.1699998,0.0032499998000000002,95495.29
2018-11-25 12:00:00,5,272.87,228,0,0,83.4,0.29999998,2.79,0.0032499998000000002,95583.87
2018-11-25 18:00:00,5,277.86,248,320,0,56.5,-3.52,5.74,0.00315,95810.99
2018-11-26 00:00:00,5,273.02,239,175,0,74.200005,-2.3899999,4.19,0.0029,96344.71
2018-11-26 06:00:00,5,271.18,217,0,0,79.700005,-0.85999995,3.35,0.00272,96454.04
2018-11-26 12:00:00,5,270.69998,216,0,0,81.200005,0.099999994,2.26,0.00266,96662.234
2018-11-26 18:00:00,5,279.65,227,350,0,49.7,-0.96999997,4.6,0.00311,96510.65
2018-11-27 00:00:00,5,273.72998,240,190,0,81.200005,-0.89,2.1399999,0.0033399998,96629.22
2018-11-27 06:00:00,5,273.06,241,0,0,82.9,-0.84999996,2.76,0.00324,96601.164
2018-11-27 12:00:00,5,270.54,219,0,0,80.200005,-0.78,2.28,0.0026,96538.24
2018-11-27 18:00:00,5,279.16998,218,350,0,35.7,-1.1999999,2.78,0.00216,96678.71
2018-11-28 00:00:00,5,273.15,238,181,0,63.7,-0.14,1.74,0.0025199999,96700.89
2018-11-28 06:00:00,5,274.19998,254,0,0,71.1,0.78,1.36,0.00303,96516.81
2018-11-28 12:00:00,5,274.5,291,0,4e-6,92.700005,1.8199999,0.94,0.00404,96264.98
2018-11-28 18:00:00,5,281.87,289,220,8.8e-5,90.200005,2.4299998,1.22,0.0066199997,95803.21
2018-11-29 00:00:00,5,280.93,328,41,1.61e-4,98,1.55,2.51,0.0067499997,95819.695
2018-11-29 06:00:00,5,278.62,310,0,3.5e-5,94.3,-1.6899999,2.48,0.00554,95867.28
2018-11-29 12:00:00,5,272.11,239,0,0,89.1,-1.88,1.91,0.00326,96378.28
2018-11-29 18:00:00,5,276.81,219,350,0,57.5,-2.9299998,2.3899999,0.00296,96463.414
2018-11-30 00:00:00,5,271.63998,222,190,0,77.4,-1.4,1.63,0.0027299998,96668.6
2018-11-30 06:00:00,5,270.44998,215,0,0,76.4,-1.06,1.73,0.00245,96896.875
2018-11-30 12:00:00,5,270.78,223,0,0,72.3,-1.09,1.42,0.00238,96963.17
2018-11-30 18:00:00,5,276.68,231,310,0,45.3,-2.37,2.12,0.0023,96919.95
2018-12-01 00:00:00,5,271.54,227,172,0,68.6,-1.43,1.86,0.00239,97073.68
2018-12-01 06:00:00,5,269.4,208,0,0,76.9,-1.41,1.6899999,0.00227,97177.43
2018-12-01 12:00:00,5,268,201,0,0,79.3,-0.9,1.23,0.0020899998,97042.8
2018-12-01 18:00:00,5,278.83,207,350,0,29.5,0.97999996,1.38,0.0017299999,96859.21
2018-12-02 00:00:00,5,273.62,255,160,0,55.600002,1.54,0.96999997,0.00228,96335.64
2018-11-16 00:00:00,6,275.75998,9999e17,9999e17,9999e17,95.9,-0.11,1.4699999,0.0046,95743.91
2018-11-16 06:00:00,6,273.94,282,0,6e-6,90,-2.74,5.66,0.00379,95841.23
2018-11-16 12:00:00,6,271.06,222,0,0,86.5,-2.3,3.6299999,0.00293,96118.625
2018-11-16 18:00:00,6,282.72998,237,390,0,57.8,-0.93,4.4,0.0044799997,96138.31
2018-11-17 00:00:00,6,275.9,254,209,0,91.3,-1.28,2.06,0.00439,96453.375
2018-11-17 06:00:00,6,273.61,241,0,0,95.9,-0.93,2.01,0.0039,96734.77
2018-11-17 12:00:00,6,272.05,228,0,0,96.6,-1.24,1.7099999,0.0034999999,96977.81
2018-11-17 18:00:00,6,284.78,242,390,0,53.5,0.90999997,-0.02,0.00471,97007.77
2018-11-18 00:00:00,6,276.91,258,207,0,96,1.8499999,0.59,0.00493,97007.17
2018-11-18 06:00:00,6,275.66998,250,0,0,95.700005,0.06,1.9,0.0045,97019.99
2018-11-18 12:00:00,6,275.1,254,0,0,85.6,-1.02,1.5799999,0.0038599998,97060.92
2018-11-18 18:00:00,6,285.63,265,360,0,61.8,1.73,0.71999997,0.00576,96954.46
2018-11-19 00:00:00,6,279.53,281,184,0,96.4,0.19999999,1.93,0.0059599997,96837.43
2018-11-19 06:00:00,6,277.38998,268,0,0,97.6,-0.65999997,2.04,0.00519,96856.87
2018-11-19 12:00:00,6,274.86,250,0,0,96,-1.23,1.56,0.00427,96925.16
2018-11-19 18:00:00,6,280.49,261,330,1e-6,65.3,-1.4399999,2.21,0.0043099998,96959.43
2018-11-20 00:00:00,6,274.79,243,205,0,85.3,-1.09,1.23,0.0037699998,96932.77
2018-11-20 06:00:00,6,273.18,235,0,0,90.4,-0.78,1.4699999,0.0035599999,96844.56
2018-11-20 12:00:00,6,272.53,236,0,0,87.9,-0.65999997,1.74,0.0033,96842.1
2018-11-20 18:00:00,6,281.87,242,370,0,59.9,-1.0699999,2.6399999,0.00435,96790.73
2018-11-21 00:00:00,6,274.43,244,199,0,87.1,-2.11,1.51,0.0037399998,97177.92
2018-11-21 06:00:00,6,272.24,230,0,0,92.3,-1.73,-0.08,0.00338,97430.19
2018-11-21 12:00:00,6,271.56,260,0,2e-6,97.700005,-0.32999998,-0.71,0.00339,97621.8
2018-11-21 18:00:00,6,280.56,290,250,3e-6,62.7,0.78,0,0.00414,97481.44
2018-11-22 00:00:00,6,274.66998,311,66,3e-6,90.5,1.1,-1.14,0.00395,97416.57
2018-11-22 06:00:00,6,272.72998,235,0,0,97.5,0.48999998,1.86,0.0037,97262.11
2018-11-22 12:00:00,6,272.74,235,0,0,94.700005,-1.29,1.8299999,0.0036,97181.06
2018-11-22 18:00:00,6,283.69998,245,370,0,55.4,-1.8399999,0.37,0.00454,97049.016
2018-11-23 00:00:00,6,276.21,255,194,0,88,-0.84,1.8299999,0.0043099998,96905.37
2018-11-23 06:00:00,6,274.35,253,0,0,91.5,-1.38,1.1999999,0.00392,96932.48
2018-11-23 12:00:00,6,273.41,258,0,0,89.5,-0.66999996,1.04,0.00358,96827.83
2018-11-23 18:00:00,6,283.88,261,290,0,55.4,-0.29,1.25,0.00462,96452.61
2018-11-24 00:00:00,6,275.91,276,160,0,93.200005,0.38,-0.099999994,0.0044799997,96501.03
2018-11-24 06:00:00,6,275.58,271,0,0,98.4,-1.24,-1.56,0.0046099997,96884.305
2018-11-24 12:00:00,6,275.44998,309,0,1.7e-5,92.9,-0.37,-2.25,0.0043099998,97026.79
2018-11-24 18:00:00,6,274.91998,301,140,2.6e-5,74,-0.72999996,-2.52,0.0033,97263.805
2018-11-25 00:00:00,6,270.25,236,170,0,85,-0.96999997,-1.5999999,0.00268,97319.18
2018-11-25 06:00:00,6,268.44998,222,0,0,75.9,-0.39,-0.12,0.00207,97288.5
2018-11-25 12:00:00,6,268.7,205,0,0,62.600002,-1.61,0.01,0.0017599999,97228.734
2018-11-25 18:00:00,6,280.22998,222,360,0,29.5,-0.65,-1.38,0.00192,97149.37
2018-11-26 00:00:00,6,271.25,232,194,0,54.5,0.48,-1.1999999,0.00185,97323.09
2018-11-26 06:00:00,6,270.41,230,0,0,54,-0.22999999,-0.48,0.00172,97331.09
2018-11-26 12:00:00,6,269.25998,223,0,0,61.100002,-0.16,-1.09,0.0017799999,97526.46
2018-11-26 18:00:00,6,281.50998,228,350,0,36.8,0.17999999,-0.56,0.00259,97501.06
2018-11-27 00:00:00,6,271.97,244,188,1e-6,65.3,0.71999997,-1.29,0.00234,97457.53
2018-11-27 06:00:00,6,271.13,277,0,5e-6,63.4,0.12,-1,0.00213,97630.695
2018-11-27 12:00:00,6,268.86,245,0,2e-6,72.8,-0.57,-0.84999996,0.00205,97734.06
2018-11-27 18:00:00,6,279.72,227,350,0,38.2,-0.83,-1.3299999,0.00237,97790.22
2018-11-28 00:00:00,6,269.86,225,193,0,67.4,0.26,-1.36,0.00205,97894.2
2018-11-28 06:00:00,6,268.27,211,0,0,66.9,-0.83,-0.59999996,0.00179,98017.89
2018-11-28 12:00:00,6,268.53,210,0,0,57.8,-0.95,-0.5,0.0015799999,98137.93
2018-11-28 18:00:00,6,279.8,226,350,0,51.2,0.45,-1.9799999,0.0031899998,97957.29
2018-11-29 00:00:00,6,273.16,249,186,1e-6,97.1,-0.07,-1.64,0.00378,97969.41
2018-11-29 06:00:00,6,275.56,321,0,5.6e-5,98,0.32,-1.7099999,0.0045499997,97435.734
2018-11-29 12:00:00,6,275.49,328,0,3.89e-4,99.1,-0.02,-1.37,0.00459,97239.555
2018-11-29 18:00:00,6,279.55,335,50,6.43e-4,98.200005,0.83,-0.55,0.0060699997,97182.25
2018-11-30 00:00:00,6,281.19,352,36,4e-5,98.700005,0.22,1.5699999,0.00684,97015.78
2018-11-30 06:00:00,6,278.30002,307,0,1e-6,98.200005,-1.5699999,1.24,0.00557,97295.52
2018-11-30 12:00:00,6,274.32,273,0,0,94.3,-1.5999999,1.49,0.00402,97379.336
2018-11-30 18:00:00,6,278.75,304,120,5.3e-5,81.6,-1.5699999,0,0.00476,97221.31
2018-12-01 00:00:00,6,276.61,307,101,2.8e-5,93.6,-1.16,-0.79999995,0.0047,97530.73
2018-12-01 06:00:00,6,275.28,310,0,3.4e-5,96.4,-0.08,-1.37,0.0044,97267.43
2018-12-01 12:00:00,6,274.5,312,0,2.13e-4,96.4,-0.78999996,-2.36,0.00416,97248.71
2018-12-01 18:00:00,6,274.09,311,60,3.73e-4,97.4,-0.25,-1.99,0.0041,96750.25
2018-12-02 00:00:00,6,273.78,312,50,5.8e-5,98.3,-1.3299999,-1.13,0.00405,96804
2018-11-16 00:00:00,7,275.38998,9999e17,9999e17,9999e17,94.6,-0.58,1.4399999,0.0044199997,95789.15
2018-11-16 06:00:00,7,274.47998,285,0,3e-6,91.1,-2.83,5.33,0.00398,95848.98
2018-11-16 12:00:00,7,270.8,224,0,0,87.5,-2.1399999,3.4499998,0.00291,96113.734
2018-11-16 18:00:00,7,282.08,234,390,0,57.600002,-0.84,3.9199998,0.00427,96124.664
2018-11-17 00:00:00,7,276.03,255,209,0,94,-0.84999996,2.08,0.00457,96361.85
2018-11-17 06:00:00,7,274.19998,243,0,0,97.1,-1.01,1.73,0.00413,96644.79
2018-11-17 12:00:00,7,273.19998,238,0,0,97.700005,-1.11,1.86,0.00385,96857.06
2018-11-17 18:00:00,7,285.43,250,380,0,56.8,-0.17,0.84999996,0.00523,96959.875
2018-11-18 00:00:00,7,277.47,266,204,0,94.700005,1.79,-0.14999999,0.00506,97008.85
2018-11-18 06:00:00,7,275.32,259,0,0,97.4,1.06,0.82,0.00447,97027.93
2018-11-18 12:00:00,7,275.03,251,0,0,97.200005,0.75,1.55,0.0043699997,97037.71
2018-11-18 18:00:00,7,285.44998,261,370,0,63.7,1.23,1.12,0.00587,96930.21
2018-11-19 00:00:00,7,280.33,300,187,0,94.5,1.36,0.65999997,0.00617,96866.94
2018-11-19 06:00:00,7,277.91,274,0,0,97.9,-0.72999996,1.8199999,0.0053999997,96873.19
2018-11-19 12:00:00,7,276.13998,258,0,0,96.200005,-0.57,1.9399999,0.00469,96829.35
2018-11-19 18:00:00,7,284.53,279,320,1e-6,69.8,-1.15,2.9099998,0.0060699997,96682.664
2018-11-20 00:00:00,7,277.75,310,76,8e-6,95,-1.4,1.3,0.0052,96735.92
2018-11-20 06:00:00,7,275.02,251,0,0,96,-1.17,1.5699999,0.00432,96767.74
2018-11-20 12:00:00,7,273.19998,235,0,0,96,-1.23,1.26,0.00378,96873.875
2018-11-20 18:00:00,7,282.33,240,370,0,55.100002,-0.65999997,1.52,0.00413,96817.62
2018-11-21 00:00:00,7,274.38,252,200,0,91.6,-0.98999995,0.38,0.00393,96993.64
2018-11-21 06:00:00,7,273.94998,246,0,0,88.5,-1.43,1.01,0.00367,97174.7
2018-11-21 12:00:00,7,272.05,238,0,0,90.700005,-1.3299999,0.32999998,0.00327,97380.02
2018-11-21 18:00:00,7,282.15,244,370,0,63.5,1.61,-0.29999998,0.00468,97349.77
2018-11-22 00:00:00,7,275.94998,280,155,1e-6,98.3,1.54,-0.04,0.0047,97347.12
2018-11-22 06:00:00,7,274.97998,251,0,0,97.9,0.29,1.77,0.0043699997,97256.83
2018-11-22 12:00:00,7,273.96,243,0,0,95.700005,-0.85999995,1.92,0.00397,97231.84
2018-11-22 18:00:00,7,285.49,254,360,0,57.9,-1.15,1.14,0.0053399997,97139.16
2018-11-23 00:00:00,7,276.94,266,197,0,91.200005,0.28,1.4399999,0.00469,97082.24
2018-11-23 06:00:00,7,276.41998,251,0,0,91.1,-0.75,1.9699999,0.00452,97008.24
2018-11-23 12:00:00,7,275.16,242,0,0,90.3,-1.06,1.89,0.0041,97001.25
2018-11-23 18:00:00,7,286.9,253,370,0,52.7,0.35999998,1.4,0.0053499998,96845.45
2018-11-24 00:00:00,7,279.31,266,198,0,88.700005,1.29,1.5899999,0.0053999997,96781.68
2018-11-24 06:00:00,7,277.03,251,0,0,93.5,-0.26999998,1.79,0.0048499997,96883.83
2018-11-24 12:00:00,7,276.13,252,0,0,82.200005,-0.65999997,1.22,0.0039999997,96908.7
2018-11-24 18:00:00,7,287.25998,281,290,0,50.5,0.93,0.5,0.00523,96840.06
2018-11-25 00:00:00,7,279.6,298,144,0,87.8,1.28,0.049999997,0.00544,96979.33
2018-11-25 06:00:00,7,280.15,313,0,0,82.700005,0.64,-0.57,0.00533,97054.83
2018-11-25 12:00:00,7,279.38998,324,0,1.4e-5,89.6,-0.34,-1.4499999,0.00548,96901.875
2018-11-25 18:00:00,7,280.71,339,50,1.77e-4,94.9,-0.57,-2.26,0.00636,96905.086
2018-11-26 00:00:00,7,280.78,344,37,3.72e-4,98.3,-1.01,-2.27,0.00664,96647.42
2018-11-26 06:00:00,7,281.3,352,0,4.83e-4,98.6,-2.03,-0.06,0.0069199996,96438.54
2018-11-26 12:00:00,7,281.71,353,0,1.63e-4,97.700005,-1.16,0.68,0.0070599997,96256.43
2018-11-26 18:00:00,7,288.75,330,240,7e-6,81.5,-1.35,1.4499999,0.00937,96448.58
2018-11-27 00:00:00,7,282.31,294,179,1e-6,92.8,-1.8199999,1.9799999,0.00697,96460.68
2018-11-27 06:00:00,7,278.53,266,0,0,92.9,-1.6899999,1.62,0.00538,96608.31
2018-11-27 12:00:00,7,275.96,242,0,0,94.5,-1.4699999,1.38,0.00454,96955.96
2018-11-27 18:00:00,7,283.37,246,350,0,62.100002,-1.89,0.96,0.005,96914.75
2018-11-28 00:00:00,7,277.25,254,192,0,84.8,-1.41,0.84999996,0.00447,96953.38
2018-11-28 06:00:00,7,274.22,242,0,0,93.700005,-1.1899999,-0.06,0.00397,97081.5
2018-11-28 12:00:00,7,272.50998,242,0,0,96.6,0.55,-0.59999996,0.00361,97178.25
2018-11-28 18:00:00,7,282.85,253,340,0,66.4,1.52,-0.65999997,0.00514,96886.81
2018-11-29 00:00:00,7,277.27,268,182,0,96.3,1.7199999,0.089999996,0.00507,97016.65
2018-11-29 06:00:00,7,276.29,267,0,0,98.5,1.37,1.41,0.0048599998,96667.086
2018-11-29 12:00:00,7,277.65,284,0,0,93.5,1.3399999,1.78,0.00508,96520.086
2018-11-29 18:00:00,7,289.19,295,310,0,65.1,1.0799999,2.3899999,0.00768,96544.96
2018-11-30 00:00:00,7,283.69998,320,157,0,96.200005,0.42,1.6899999,0.00791,96639.96
2018-11-30 06:00:00,7,282.1,320,0,1e-6,96.5,-0.63,1.1899999,0.00714,96603.766
2018-11-30 12:00:00,7,282.43,331,0,4.8e-5,97.4,-0.68,-1.01,0.00737,96554.055
2018-11-30 18:00:00,7,283.25998,352,40,1.61e-4,96.1,1.06,-1.7199999,0.00769,96619.79
2018-12-01 00:00:00,7,280.44,348,24,1.72e-4,97.200005,1.03,-1.55,0.00643,96502.1
2018-12-01 06:00:00,7,278.94,337,0,1.08e-4,97.9,0.5,-1.0699999,0.00586,96105.15
2018-12-01 12:00:00,7,278.69998,328,0,2e-5,98.4,-0.71999997,-0.11,0.00579,96252.586
2018-12-01 18:00:00,7,283.74,316,200,1.6e-5,82.9,-1.15,1.78,0.0069,95861.516
2018-12-02 00:00:00,7,277.22998,292,98,2e-6,88.4,-1.41,1.1999999,0.0047,96284.21
2018-11-16 00:00:00,8,275.25,9999e17,9999e17,9999e17,93.9,-1.51,0.84,0.00434,95764.12
2018-11-16 06:00:00,8,274.66,293,0,1.4e-5,91.6,-2.4099998,5.33,0.0040599997,95806.37
2018-11-16 12:00:00,8,270.72998,222,0,0,87.4,-2.22,3.55,0.00289,96108.164
2018-11-16 18:00:00,8,282.08,234,390,0,57.2,-0.94,4.04,0.0042399997,96134.02
2018-11-17 00:00:00,8,275.88,254,209,0,92.5,-1.1999999,1.9399999,0.00445,96403.43
2018-11-17 06:00:00,8,274.05,246,0,0,97.1,-0.96,1.8499999,0.00408,96686.64
2018-11-17 12:00:00,8,272.53,233,0,0,97.700005,-1.16,1.74,0.00367,96864.67
2018-11-17 18:00:00,8,285.09,246,380,0,55.2,0.85999995,0.08,0.0049699997,96904.836
2018-11-18 00:00:00,8,277.19,262,205,0,95.8,1.79,0.37,0.00502,96951.06
2018-11-18 06:00:00,8,276.1,254,0,0,96.8,0.53999996,1.81,0.0047,96957.64
2018-11-18 12:00:00,8,275.18,253,0,0,86.5,-0.76,1.7099999,0.00393,96947.46
2018-11-18 18:00:00,8,285.88998,267,360,0,60.8,1.3399999,0.71,0.0057699997,96871.52
2018-11-19 00:00:00,8,278.91,284,175,0,95.8,0.65,1.35,0.00567,96757.68
2018-11-19 06:00:00,8,277.4,270,0,0,96.5,-0.14,2.1699998,0.00515,96777.1
2018-11-19 12:00:00,8,276.3,260,0,0,94.4,-1.5,1.42,0.00465,96835.67
2018-11-19 18:00:00,8,282.56,270,340,1e-6,61.7,-1.24,1.64,0.0047,96787.94
2018-11-20 00:00:00,8,276.44,271,185,1e-6,90.8,-0.32,-0.13,0.00453,96743.734
2018-11-20 06:00:00,8,278.11,322,0,5.5e-5,93.700005,-0.04,-0.64,0.00526,96642.24
2018-11-20 12:00:00,8,278.03,327,0,7.9e-5,97.4,0.85999995,0.17,0.00545,96472.055
2018-11-20 18:00:00,8,282.78,302,270,1.8e-5,74.3,0.39999998,2.3799999,0.00576,96284.87
2018-11-21 00:00:00,8,277.19998,277,146,2e-6,81.3,-2.49,2.71,0.00429,96464.06
2018-11-21 06:00:00,8,275.61,263,0,0,84,-2.95,3.1999998,0.00395,96597.39
2018-11-21 12:00:00,8,269.97998,226,0,1e-6,75.5,-2.4099998,2.1499999,0.00233,97141.54
2018-11-21 18:00:00,8,276.41,211,380,0,42.9,-2.8799999,1.77,0.0021199998,97461.99
2018-11-22 00:00:00,8,271.35,223,204,0,68.3,-1.62,1.26,0.00233,97742.86
2018-11-22 06:00:00,8,269.13998,209,0,0,74.200005,-0.68,-0.19,0.00213,97807.164
2018-11-22 12:00:00,8,268.77,202,0,0,77.9,1.29,0.55,0.00217,97844.945
2018-11-22 18:00:00,8,280.43,215,380,0,36.9,1.53,0.91999996,0.00241,97560.69
2018-11-23 00:00:00,8,273.25,235,203,0,77.8,1.87,0.95,0.00306,97438.04
2018-11-23 06:00:00,8,272.09,228,0,0,86.200005,0.01,1.91,0.00312,97312.68
2018-11-23 12:00:00,8,271.15,220,0,0,81.9,-0.81,1.52,0.00277,97022.69
2018-11-23 18:00:00,8,282.63,227,370,0,44.3,2.4099998,1.25,0.00339,96587.33
2018-11-24 00:00:00,8,275.6,278,154,0,88.700005,1.9799999,1.03,0.00419,96092.08
2018-11-24 06:00:00,8,276.1,302,0,1.14e-4,97.3,1.8199999,1.0799999,0.00477,95898.18
2018-11-24 12:00:00,8,275.87,289,0,4.8e-5,94.5,-0.84,2.79,0.00458,95593.56
2018-11-24 18:00:00,8,277.74,234,360,0,60.7,-5.5899997,6.0299997,0.00336,95763.17
2018-11-25 00:00:00,8,273.50998,230,196,0,79,-2.1,2.08,0.0032199998,95927
2018-11-25 06:00:00,8,272.00998,226,0,0,85.700005,-1.39,2.06,0.0031299999,96014.43
2018-11-25 12:00:00,8,271,241,0,0,83.8,-1.03,0.79999995,0.0028199998,96222.32
2018-11-25 18:00:00,8,277.82,272,170,1.2e-5,63.9,2,0.19999999,0.0035199998,96339.85
2018-11-26 00:00:00,8,274.78,285,67,4e-5,94.5,1.1999999,1.22,0.00421,96088.12
2018-11-26 06:00:00,8,275.07,281,0,0,93.9,1,1.1999999,0.00427,96059.1
2018-11-26 12:00:00,8,274.96,281,0,1e-6,96.4,1.03,0.59999996,0.0043699997,95988.42
2018-11-26 18:00:00,8,285.9,325,210,9e-5,87.6,1.28,1.77,0.00841,95991.94
2018-11-27 00:00:00,8,281.49,318,120,3e-6,97.700005,-0.25,2.23,0.00697,96040.766
2018-11-27 06:00:00,8,276.1,254,0,0,91.9,-1.27,2.18,0.00447,96420.836
2018-11-27 12:00:00,8,273.30002,233,0,0,91.200005,-1.0799999,2.1599998,0.00363,96396.99
2018-11-27 18:00:00,8,280.74,240,320,0,59.7,-1.55,2.32,0.00403,96634.21
2018-11-28 00:00:00,8,276.37,282,141,0,82.700005,-0.91999996,1.37,0.0041,96688.375
2018-11-28 06:00:00,8,274.94,279,0,0,86.200005,-0.98999995,1.37,0.0038599998,96558.586
2018-11-28 12:00:00,8,272.16,241,0,0,89.200005,-1.22,0.13,0.00327,96522.2
2018-11-28 18:00:00,8,278.72998,276,190,2e-6,67.3,1.38,-0.84,0.00397,96112.24
2018-11-29 00:00:00,8,275.63,309,58,4.04e-4,97.8,1.51,-2.57,0.00466,95680.36
2018-11-29 06:00:00,8,276.12,325,0,9.02e-4,98.9,-0.62,-2.24,0.00494,94464.64
2018-11-29 12:00:00,8,276.5,308,0,1.07e-4,98.4,-0.099999994,2.23,0.00506,94399.914
2018-11-29 18:00:00,8,278.25998,274,280,2e-6,78.9,-4.0099998,6.54,0.00453,94795.21
2018-11-30 00:00:00,8,274.08,257,146,0,83.6,-3.1699998,3.99,0.0035599999,95453.516
2018-11-30 06:00:00,8,271.66998,223,0,0,82.3,-2.54,3.58,0.00293,95782.414
2018-11-30 12:00:00,8,270.05,210,0,0,79.700005,-1.4599999,2.27,0.0025,96046.234
2018-11-30 18:00:00,8,277.22998,216,350,0,56.5,-1.17,2.18,0.00299,96182.44
2018-12-01 00:00:00,8,271.88,229,188,0,84,-1.25,1.02,0.00302,96353.586
2018-12-01 06:00:00,8,270.04,221,0,0,88.3,-1.18,0.88,0.00275,96598.37
2018-12-01 12:00:00,8,269.57,212,0,0,82,-1.02,0.93,0.0024599999,96595.45
2018-12-01 18:00:00,8,280.50998,217,350,0,36.4,-0.79999995,0.58,0.00241,96670.27
2018-12-02 00:00:00,8,270.63,227,190,0,72.6,-0.48,-0.45,0.00237,96631.4
2018-11-16 00:00:00,9,275.38,9999e17,9999e17,9999e17,95.4,-0.52,1.1899999,0.00445,95722.836
2018-11-16 06:00:00,9,274.13998,273,0,4e-6,90.9,-2.78,5.64,0.00388,95777.555
2018-11-16 12:00:00,9,270.50998,221,0,0,87,-2.3,3.59,0.00283,96034.71
2018-11-16 18:00:00,9,282.13,235,390,0,57.2,-0.75,3.9299998,0.0042499998,96114.586
2018-11-17 00:00:00,9,276.02,255,208,0,92.8,-1.16,1.9599999,0.00451,96403.5
2018-11-17 06:00:00,9,273.78,239,0,0,97.6,-0.90999997,1.9699999,0.00402,96641.305
2018-11-17 12:00:00,9,272.4,232,0,0,97.8,-1.17,1.75,0.00364,96841.85
2018-11-17 18:00:00,9,285.05,246,380,0,55.7,0.45999998,0.55,0.005,96870.016
2018-11-18 00:00:00,9,277.38,262,205,0,95.5,1.86,0.59,0.00508,96947.445
2018-11-18 06:00:00,9,275.91998,254,0,0,96.700005,0.24,1.73,0.00463,96953.37
2018-11-18 12:00:00,9,274.68,249,0,0,93.9,-0.76,1.4399999,0.00411,96994.25
2018-11-18 18:00:00,9,285.69,262,370,0,59.100002,1.12,0.42,0.0055299997,96918.836
2018-11-19 00:00:00,9,279,284,179,0,96,1.66,-0.01,0.00572,96798.58
2018-11-19 06:00:00,9,277.72998,276,0,0,97.9,0.03,1.92,0.0053399997,96724.68
2018-11-19 12:00:00,9,276.49,256,0,0,97.4,-0.65,2.1699998,0.00487,96701.29
2018-11-19 18:00:00,9,281.88,273,310,1e-6,64.6,-2.61,2.85,0.0047,96691.99
2018-11-20 00:00:00,9,276.41,261,180,0,85.5,-1.35,1.5,0.0042499998,96720
2018-11-20 06:00:00,9,273.69,242,0,0,90.6,-0.96999997,1.38,0.0037099998,96698.75
2018-11-20 12:00:00,9,273.22,237,0,0,93.700005,0.17,1.68,0.0037099998,96613.15
2018-11-20 18:00:00,9,283.97,252,370,0,62.3,1.7199999,2.4199998,0.00524,96283.52
2018-11-21 00:00:00,9,277.66998,266,191,0,89.8,-0.89,2.6599998,0.0049,96330.43
2018-11-21 06:00:00,9,275.35,262,0,0,85,-2.97,2.6799998,0.00393,96558.15
2018-11-21 12:00:00,9,267.69998,217,0,0,65.1,-3.06,1.8499999,0.00168,97251.3
2018-11-21 18:00:00,9,273.50998,196,390,0,37.2,-3.1,1.02,0.0014899999,97642.73
2018-11-22 00:00:00,9,269.74,206,209,0,56.9,-1.38,0.55,0.00171,97774.07
2018-11-22 06:00:00,9,268.88,202,0,0,61.7,1.15,0.17999999,0.00174,97669.23
2018-11-22 12:00:00,9,268.47,206,0,0,68.5,1.11,1.3399999,0.0018699999,97476.63
2018-11-22 18:00:00,9,281.19998,229,360,0,31.6,1.3199999,2.12,0.0021799998,97070.94
2018-11-23 00:00:00,9,273.31,236,202,0,69.8,0.39999998,2.24,0.00277,96974.47
2018-11-23 06:00:00,9,271.41998,221,0,0,76.200005,-0.59999996,2.18,0.0026399998,96750.555
2018-11-23 12:00:00,9,271.16998,219,0,0,69.5,-0.75,1.79,0.00236,96621
2018-11-23 18:00:00,9,282.88998,234,360,0,46.2,2.54,0.26,0.00361,96227.99
2018-11-24 00:00:00,9,274.13,260,159,0,94.3,2.27,1.1,0.00401,96024.6
2018-11-24 06:00:00,9,275.99,281,0,3.7e-5,94.9,2.06,1.4399999,0.00462,95931.266
2018-11-24 12:00:00,9,275.44998,263,0,1e-6,92.200005,-1.24,2.76,0.0043099998,96057.87
2018-11-24 18:00:00,9,281.72,233,370,0,52.600002,-2.55,3.87,0.0037999998,96241.19
2018-11-25 00:00:00,9,275.22998,244,196,0,81.4,-1.13,1.52,0.0037200000000000002,96514.02
2018-11-25 06:00:00,9,273.36,241,0,0,90.3,-1.1999999,1,0.00361,96751.43
2018-11-25 12:00:00,9,273.21,266,0,0,83.1,-0.35,-0.19,0.0032799998,96826.99
2018-11-25 18:00:00,9,279.91998,264,300,0,60.3,0.90999997,-1.55,0.0038299998,96732.31
2018-11-26 00:00:00,9,274.79,249,190,0,89.700005,0.68,-1.77,0.00398,96635.39
2018-11-26 06:00:00,9,274.63,301,0,2.26e-4,95.3,-0.96,-3.3999999,0.0042,96238.37
2018-11-26 12:00:00,9,274.08,311,0,5.56e-4,99.5,-1.9499999,-2.36,0.00422,96049.74
2018-11-26 18:00:00,9,275.06,318,70,1.67e-4,99.1,-2.51,-0.35,0.00452,95839.555
2018-11-27 00:00:00,9,274.47,310,60,1.33e-4,98.700005,-2.6499999,0.44,0.0042999997,96159.74
2018-11-27 06:00:00,9,273.81,275,0,1.7e-5,97.4,-2.26,1.02,0.00404,96442.93
2018-11-27 12:00:00,9,273.08,275,0,4e-6,97.700005,-2.22,0.59,0.0038299998,96785.53
2018-11-27 18:00:00,9,277.53,260,290,2e-6,93.1,-3.1399999,0.14999999,0.0049799997,97058.15
2018-11-28 00:00:00,9,274.03,273,140,2e-6,98.200005,-2.03,0.25,0.0041,97237.47
2018-11-28 06:00:00,9,271.86,245,0,0,97.1,-2.1399999,0.08,0.00345,97440.336
2018-11-28 12:00:00,9,269.8,222,0,0,97.3,-1.86,0.26999998,0.00296,97477.375
2018-11-28 18:00:00,9,276.56,231,320,0,84.6,-2.31,-0.87,0.0042,97705.27
2018-11-29 00:00:00,9,272.71,245,177,0,96.6,-1.26,-1.52,0.00364,97568.52
2018-11-29 06:00:00,9,272.06,279,0,5e-6,95.3,-1.43,-0.11,0.00344,97544.29
2018-11-29 12:00:00,9,271.86,274,0,4e-6,96.700005,-1.15,-0.26,0.00345,97662.99
2018-11-29 18:00:00,9,279.00998,268,270,1e-6,87.200005,-0.56,-1.16,0.0051599997,97379.99
2018-11-30 00:00:00,9,275.22998,313,72,5e-6,97.700005,-0.35999998,-1.09,0.00444,97499.9
2018-11-30 06:00:00,9,274.36,277,0,2e-6,97.8,-0.01,0.62,0.00419,97102.39
2018-11-30 12:00:00,9,274,298,0,1.3e-5,96.3,0.04,0.38,0.00401,97152.64
2018-11-30 18:00:00,9,282.38,290,240,0,81.8,1.12,0.77,0.0061299996,96901.2
2018-12-01 00:00:00,9,277.85,287,143,0,97.3,1.4399999,1.13,0.00536,96777.14
2018-12-01 06:00:00,9,278.04,280,0,0,95.700005,0.89,1.8299999,0.0053399997,96706.14
2018-12-01 12:00:00,9,279.84,290,0,0,97.8,0.26999998,2.08,0.00621,96440.02
2018-12-01 18:00:00,9,288.19998,304,300,1e-6,76.1,-0.42999998,4.23,0.0084,96637.086
2018-12-02 00:00:00,9,280.49,314,100,1e-6,96.200005,-1.14,1.42,0.0063699996,96752.45
2018-11-16 00:00:00,10,275.72,9999e17,9999e17,9999e17,95.8,-0.48,1.23,0.00458,95818.49
2018-11-16 06:00:00,10,274.44998,283,0,2e-6,91.3,-2.62,5.33,0.00398,95849.664
2018-11-16 12:00:00,10,270.74,222,0,0,87.4,-2.33,3.53,0.00289,96103.14
2018-11-16 18:00:00,10,282.25998,234,390,0,56.9,-0.89,3.77,0.00427,96151.836
2018-11-17 00:00:00,10,276.12,255,209,0,92.8,-0.97999996,2.04,0.00454,96380.9
2018-11-17 06:00:00,10,274.02,241,0,0,97.3,-0.94,1.81,0.00408,96661.56
2018-11-17 12:00:00,10,273,236,0,0,97.6,-1.25,1.7099999,0.00379,96867.48
2018-11-17 18:00:00,10,285.5,250,380,0,56.600002,0.13,0.56,0.00523,96900.375
2018-11-18 00:00:00,10,277.35,265,204,0,95.200005,1.79,0.12,0.00505,96954.016
2018-11-18 06:00:00,10,275.82,258,0,0,96.6,0.74,1.37,0.00459,97013.45
2018-11-18 12:00:00,10,272.87,252,0,0,95.700005,-0.04,0.82,0.0036799998,97046.56
2018-11-18 18:00:00,10,284.9,261,370,0,66.200005,1.9,0.049999997,0.00588,96991.055
2018-11-19 00:00:00,10,279.13998,283,183,0,97.5,1.74,-0.02,0.00586,96901.02
2018-11-19 06:00:00,10,277.35,269,0,0,98.200005,0.14999999,1.79,0.00521,96830.61
2018-11-19 12:00:00,10,276.31,257,0,0,97.3,-0.87,1.6899999,0.0047999998,96787.766
2018-11-19 18:00:00,10,285.44,268,360,0,62.5,-0.17999999,1.79,0.0057699997,96611.9
2018-11-20 00:00:00,10,280.56,323,117,8e-6,89,0.88,1.06,0.00592,96537.65
2018-11-20 06:00:00,10,278.13,298,0,3.5e-5,97.8,-0.19999999,1.88,0.00551,96408.35
2018-11-20 12:00:00,10,276.82,259,0,0,97.6,-0.81,1.6999999,0.00501,96399.78
2018-11-20 18:00:00,10,282.07,272,320,1e-6,67.9,-1.4499999,3.33,0.00502,96294.305
2018-11-21 00:00:00,10,276.32,254,198,0,84.5,-0.72999996,1.91,0.00419,96331.516
2018-11-21 06:00:00,10,274.33,241,0,0,93.6,-0.39,2.29,0.00403,96279.56
2018-11-21 12:00:00,10,274.88998,239,0,0,83.6,-2.35,3.9099998,0.0037399998,96434.69
2018-11-21 18:00:00,10,275.04,224,380,0,56.9,-5.0899997,3.4299998,0.00256,97007.766
2018-11-22 00:00:00,10,269.15,214,204,0,73.4,-3.07,0.96999997,0.00211,97611.125
2018-11-22 06:00:00,10,267.93,201,0,0,73.4,-0.75,-0.95,0.00191,97983.43
2018-11-22 12:00:00,10,267.02,200,0,0,70.1,0.75,-0.75,0.00169,98052.25
2018-11-22 18:00:00,10,276.19998,208,370,0,30.9,1.79,0.32,0.0015,97771.45
2018-11-23 00:00:00,10,270.8,219,204,0,53.100002,2.03,0.39999998,0.00174,97607.66
2018-11-23 06:00:00,10,269.88998,214,0,0,65.5,0.78,2.01,0.0019999999,97357.055
2018-11-23 12:00:00,10,270.75,222,0,0,65.6,-0.53,2.07,0.0021499998,97248.1
2018-11-23 18:00:00,10,284.37,238,370,0,34.8,0.7,1.8,0.00299,96880.27
2018-11-24 00:00:00,10,275.19998,255,197,0,79.8,1.39,1.9,0.00364,96706.44
2018-11-24 06:00:00,10,275.13998,259,0,0,84.6,0.61,1.86,0.00385,96584.555
2018-11-24 12:00:00,10,275.1,261,0,0,75.8,0.04,1.6899999,0.00344,96432.055
2018-11-24 18:00:00,10,284.4,295,210,0,61,1.01,1.29,0.0052799997,96151.164
2018-11-25 00:00:00,10,278.41,280,135,0,91.200005,0.84999996,1.81,0.00526,95946.625
2018-11-25 06:00:00,10,276.9,259,0,0,93.3,-0.28,1.62,0.00484,96017.1
2018-11-25 12:00:00,10,277.32,275,0,0,89.6,-0.96,1.28,0.0047999998,95978.24
2018-11-25 18:00:00,10,288.49,289,330,0,60.4,0.83,0.81,0.0068599996,95998.33
2018-11-26 00:00:00,10,281.44998,297,178,0,95.5,1.8199999,0.26,0.00682,95771.18
2018-11-26 06:00:00,10,279.71,318,0,2.1e-5,97.3,1.5999999,0.41,0.00617,95535.54
2018-11-26 12:00:00,10,280.27,312,0,2.6e-5,97.8,1.68,1.68,0.00648,95181.586
2018-11-26 18:00:00,10,284.74,301,320,1e-5,59.7,-1.76,6.96,0.00536,95305.29
2018-11-27 00:00:00,10,278.13998,263,170,0,76.3,-2.18,4.56,0.00433,95889.78
2018-11-27 06:00:00,10,276.68,246,0,0,81.200005,-1.8299999,3.1299999,0.00415,95963.914
2018-11-27 12:00:00,10,274.15,238,0,0,80.1,-2.4299998,2.59,0.0033999998,96410.836
2018-11-27 18:00:00,10,277.50998,232,350,0,56.600002,-3.8,3.21,0.00306,96586.7
2018-11-28 00:00:00,10,272.18,223,192,0,74.8,-2.7,1.99,0.00274,96981.76
2018-11-28 06:00:00,10,271.6,221,0,0,76.5,-1.41,1.62,0.00266,97078.2
2018-11-28 12:00:00,10,270.47998,214,0,0,79.9,-1.3,1.37,0.00256,97275
2018-11-28 18:00:00,10,279.93,220,350,0,38,-1.04,1.4,0.00241,97209.81
2018-11-29 00:00:00,10,272.53,235,186,0,66.5,-1.11,0.96,0.0024899999,97228.93
2018-11-29 06:00:00,10,270.96,227,0,0,79.6,-1.25,0.85999995,0.00263,97493.21
2018-11-29 12:00:00,10,269.93,219,0,0,81.8,-1,1,0.00251,97208.27
2018-11-29 18:00:00,10,281.38998,229,340,0,31.800001,-1.18,0.29,0.00223,97214.87
2018-11-30 00:00:00,10,273.46,278,150,0,57.4,0.07,0.38,0.00231,96936.65
2018-11-30 06:00:00,10,271.77,260,0,0,64.200005,-1.26,0.52,0.00227,97225.38
2018-11-30 12:00:00,10,270.72,233,0,0,60,-1.02,-0.76,0.0019699999,97097.37
2018-11-30 18:00:00,10,277.3,269,190,0,48.2,1.73,-0.14,0.00254,96950.086
2018-12-01 00:00:00,10,273.15,277,91,0,80.700005,1.5699999,-0.29999998,0.00317,96884.31
2018-12-01 06:00:00,10,271.47998,264,0,0,92,0.77,0.69,0.00321,96395.61
2018-12-01 12:00:00,10,270.83,245,0,0,94.4,1.1999999,0.17,0.0031299999,96645.266
2018-12-01 18:00:00,10,281.5,248,320,0,59.2,1.35,0.08,0.0042399997,95746.305
2018-12-02 00:00:00,10,275.75998,303,130,1e-6,93.3,1.29,-0.19999999,0.0044799997,95807.21
2018-11-16 00:00:00,11,275.44998,9999e17,9999e17,9999e17,94.9,-1.3399999,0.85999995,0.00445,95807.984
2018-11-16 06:00:00,11,274.62,299,0,1e-5,91.4,-2.86,5.2799997,0.00404,95806.37
2018-11-16 12:00:00,11,270.72,224,0,0,87.1,-2.47,3.57,0.00288,96102.305
2018-11-16 18:00:00,11,281.55,233,390,0,58.3,-1.24,3.73,0.00416,96169.02
2018-11-17 00:00:00,11,275.93,254,207,0,94.200005,-0.88,2.07,0.00454,96354.586
2018-11-17 06:00:00,11,273.97,242,0,0,97.3,-0.74,1.91,0.00407,96621.48
2018-11-17 12:00:00,11,272.74,234,0,0,97.9,-1.2099999,1.8,0.00373,96871.19
2018-11-17 18:00:00,11,285.21,246,380,0,56.8,0.22,0.51,0.00515,96926.73
2018-11-18 00:00:00,11,277.12,263,204,0,94.700005,1.7199999,0.17,0.00494,97012.68
2018-11-18 06:00:00,11,275.61,259,0,0,97.1,1.03,1.09,0.0045499997,97043
2018-11-18 12:00:00,11,272.8,254,0,0,97.200005,0.57,0.17999999,0.0037200000000000002,97098.766
2018-11-18 18:00:00,11,284.22,262,360,0,71,2.18,0.16,0.0060199997,97056.9
2018-11-19 00:00:00,11,278.86,283,187,0,97.9,1.79,0.16,0.00576,96987.31
2018-11-19 06:00:00,11,277.46,272,0,0,98.200005,0.44,1.92,0.00525,96878.18
2018-11-19 12:00:00,11,276.69,262,0,0,97.200005,0.07,2.03,0.00493,96774.695
2018-11-19 18:00:00,11,286.29,285,320,0,65.3,0.47,3.58,0.0063899998,96600.45
2018-11-20 00:00:00,11,281.47,309,180,1.5e-5,93,-0.08,1.8,0.00659,96608.78
2018-11-20 06:00:00,11,277.71,315,0,6e-6,97.5,-1.56,1.24,0.00532,96640.2
2018-11-20 12:00:00,11,274.15,245,0,0,93.700005,-1.66,0.87,0.00396,96857.11
2018-11-20 18:00:00,11,282.83,241,370,0,54,-0.98999995,0.82,0.0041799997,96868.51
2018-11-21 00:00:00,11,274.78,253,199,0,90.3,-1.0699999,0.35999998,0.00399,97037.24
2018-11-21 06:00:00,11,273.69998,245,0,0,94.1,-1.2099999,0.77,0.0038299998,97187.945
2018-11-21 12:00:00,11,272.38,239,0,0,96.5,-0.69,-1.1,0.0035599999,97385.336
2018-11-21 18:00:00,11,278.00998,274,210,1e-5,85.9,1.35,-1.73,0.00475,97465.266
2018-11-22 00:00:00,11,276.55,322,31,2.9e-5,96.200005,1.28,-1.56,0.0047899997,97582.57
2018-11-22 06:00:00,11,276.47998,323,0,2.4e-5,96.3,1.9499999,-0.83,0.00477,97701.44
2018-11-22 12:00:00,11,275.59,314,0,1.3e-5,96.700005,1.68,-0.38,0.0045,97600.49
2018-11-22 18:00:00,11,280.15,311,200,5e-6,83.1,1.8199999,0.53999996,0.00532,97504.64
2018-11-23 00:00:00,11,278.41998,331,82,7e-6,90.3,1.39,-0.25,0.00513,97476.125
2018-11-23 06:00:00,11,273.99,308,0,4e-6,97.3,1.01,-0.12,0.00404,97384.57
2018-11-23 12:00:00,11,273.06,255,0,0,97.4,-0.26999998,-0.45,0.00379,97218.055
2018-11-23 18:00:00,11,282.04,290,220,5e-6,86.9,0.47,-0.69,0.0063699996,96969.85
2018-11-24 00:00:00,11,279.36,341,20,1.08e-4,98.9,-0.45999998,-0.81,0.00604,96843.055
2018-11-24 06:00:00,11,279.86,336,0,1.31e-4,98.9,-1.09,-0.35999998,0.00627,96722.375
2018-11-24 12:00:00,11,278.83,315,0,4.6e-5,98.6,-1.53,0.34,0.0058399998,96582.15
2018-11-24 18:00:00,11,287.19998,288,330,1e-6,75.700005,-1.4,0.34,0.00787,96355.12
2018-11-25 00:00:00,11,281.09,323,112,3.1e-5,97,-1.22,0.71999997,0.00671,96362.98
2018-11-25 06:00:00,11,279.33,284,0,1e-6,98.200005,-0.96,1.76,0.00603,96186.836
2018-11-25 12:00:00,11,278.34,266,0,0,97.9,-1.0699999,1.55,0.0056,96353.9
2018-11-25 18:00:00,11,287.56,270,350,1e-6,62.600002,0.69,0.34,0.0066799996,96171.51
2018-11-26 00:00:00,11,280.69,298,155,0,92.9,1.6899999,-0.53999996,0.0062499996,96257.77
2018-11-26 06:00:00,11,280.62,327,0,3.1e-5,96.6,0.74,-1.04,0.00648,96132.41
2018-11-26 12:00:00,11,279.91,332,0,1.48e-4,98.9,0.11,-0.72999996,0.0063199997,96187.06
2018-11-26 18:00:00,11,284.44,329,180,1.1e-5,88.9,0.53,-0.98999995,0.0077299997,96142.64
2018-11-27 00:00:00,11,282.12,351,40,4.3e-5,97.9,0.48999998,-2.01,0.0072899996,96071.04
2018-11-27 06:00:00,11,281.6,348,0,1.01e-4,98.200005,0.049999997,-1.7199999,0.00707,95908.52
2018-11-27 12:00:00,11,281.43,345,0,1.31e-4,96.8,-1.74,1.54,0.0069,95725.266
2018-11-27 18:00:00,11,283.91,279,330,1e-6,67.3,-4.8199997,3.1999998,0.00568,95704.92
2018-11-28 00:00:00,11,278.74,270,173,0,84.700005,-1.68,2.34,0.00501,95875.055
2018-11-28 06:00:00,11,276.68,278,0,3e-6,94.4,-0.84,1.56,0.00482,95969.43
2018-11-28 12:00:00,11,275.58,262,0,0,95.3,-0.78999996,1.4499999,0.0044899997,96232.76
2018-11-28 18:00:00,11,285.22998,261,330,0,59.100002,0.28,1.03,0.0054099998,96297.42
2018-11-29 00:00:00,11,279.18,285,169,0,90.5,1.61,-0.62,0.00548,96424.74
2018-11-29 06:00:00,11,276.47998,264,0,0,97.200005,1.12,-0.96,0.00488,96255.83
2018-11-29 12:00:00,11,277.9,314,0,2.54e-4,97.8,2.22,-1.62,0.00543,96221.29
2018-11-29 18:00:00,11,280.94998,337,40,1.88e-4,96.9,1.38,-0.51,0.00666,96005.086
2018-11-30 00:00:00,11,279.58,315,90,7e-6,97,0.17999999,1.8399999,0.0060699997,96019.91
2018-11-30 06:00:00,11,278.32,272,0,0,96,-1.0699999,2.11,0.0054699997,96566.36
2018-11-30 12:00:00,11,277.07,274,0,1e-6,95.9,-0.57,1.52,0.00499,96848.77
2018-11-30 18:00:00,11,284.02,265,320,0,72,-1.43,1.28,0.0060199997,97222.18
2018-12-01 00:00:00,11,278.32,269,179,0,94.8,-1.4699999,0.58,0.00536,97359.164
2018-12-01 06:00:00,11,276.6,259,0,0,96,-1.04,1.24,0.0047999998,97457.15
2018-12-01 12:00:00,11,275.41998,256,0,0,94.8,-1.1999999,0.94,0.0043699997,97312.23
2018-12-01 18:00:00,11,285.21,271,280,0,60,-0.26,0.84999996,0.00543,97175.22
2018-12-02 00:00:00,11,278.41998,288,149,0,92.8,-0.45999998,0.52,0.00529,97281.78
2018-11-16 00:00:00,12,275.82,9999e17,9999e17,9999e17,96.1,-0.01,1.54,0.00463,95784.695
2018-11-16 06:00:00,12,274.47998,283,0,5e-6,91.1,-2.84,5.45,0.00398,95842.664
2018-11-16 12:00:00,12,270.69,223,0,0,87.200005,-2.08,3.53,0.00287,96091.14
2018-11-16 18:00:00,12,281.99,234,390,0,57.100002,-1.05,3.9299998,0.00421,96154.62
2018-11-17 00:00:00,12,275.78,254,209,0,92.8,-1.22,1.91,0.0044299997,96410.62
2018-11-17 06:00:00,12,273.78,241,0,0,96,-1.1,1.79,0.00396,96685.64
2018-11-17 12:00:00,12,272.38,231,0,0,96.5,-1.17,1.7199999,0.00358,96854.336
2018-11-17 18:00:00,12,285.02,246,380,0,55.8,0.83,0.35,0.005,96908.17
2018-11-18 00:00:00,12,277.16,262,205,0,95.700005,1.8499999,0.24,0.005,96980.62
2018-11-18 06:00:00,12,275.6,253,0,0,97.200005,0.61,1.56,0.0045499997,97022.3
2018-11-18 12:00:00,12,274.25998,249,0,0,93.5,-0.37,1.42,0.00397,97013.266
2018-11-18 18:00:00,12,284.72,270,330,0,65.200005,1.73,0.59,0.00572,96921.96
2018-11-19 00:00:00,12,279.25998,287,162,0,97.1,1.61,0.95,0.0058899997,96869.71
2018-11-19 06:00:00,12,277.34,267,0,0,97.8,-0.71,1.78,0.00519,96860.23
2018-11-19 12:00:00,12,276.36,257,0,0,96.8,-0.29999998,1.9,0.0047899997,96778.52
2018-11-19 18:00:00,12,285.62,283,330,0,64.5,1.26,1.65,0.00604,96497.14
2018-11-20 00:00:00,12,280.28,327,115,5e-5,94.8,0.52,1.8299999,0.0061999997,96414.87
2018-11-20 06:00:00,12,278.65,270,0,2e-6,96.3,0.71,2.47,0.0056399996,96241.266
2018-11-20 12:00:00,12,277.55,280,0,1e-6,90.700005,-1.73,3.35,0.0049099997,96326.79
2018-11-20 18:00:00,12,279.31,268,310,1e-6,63.5,-3.47,4.87,0.00388,96416.43
2018-11-21 00:00:00,12,272.28,238,178,0,79.6,-2.35,2.25,0.00294,96779.65
2018-11-21 06:00:00,12,269.84,211,0,0,71.9,-2.35,1.4,0.00219,97232.95
2018-11-21 12:00:00,12,269.19998,206,0,0,67.3,-1.14,0.21,0.00195,97589.09
2018-11-21 18:00:00,12,277.88998,212,380,0,30.800001,0.66999996,-1.0799999,0.00168,97703.21
2018-11-22 00:00:00,12,270.88998,222,203,0,64,1.63,-0.77,0.0021,97744.04
2018-11-22 06:00:00,12,269.18,216,0,0,69.5,2.07,0.93,0.00201,97530.98
2018-11-22 12:00:00,12,269.07,214,0,0,75,1.17,1.8199999,0.0021499998,97226.9
2018-11-22 18:00:00,12,283.25998,235,370,0,41.600002,1.16,2.71,0.0033099998,96857.04
2018-11-23 00:00:00,12,274.88,251,199,0,82.4,0.01,2.51,0.00367,96764.57
2018-11-23 06:00:00,12,273.53,241,0,0,84.4,-0.63,2.3899999,0.00342,96677.24
2018-11-23 12:00:00,12,272.37,241,0,0,93.9,-1.56,1.49,0.00348,96930.37
2018-11-23 18:00:00,12,282.63998,251,360,0,67.4,0.65,-1.75,0.00515,96903.86
2018-11-24 00:00:00,12,274.84,254,194,0,97.3,1.31,-1.03,0.0043099998,97110.1
2018-11-24 06:00:00,12,277.15,295,0,4e-6,95.4,0.21,-0.71999997,0.0049799997,97242.15
2018-11-24 12:00:00,12,275.68,279,0,1e-6,96.5,0.07,-0.85999995,0.00454,97288.516
2018-11-24 18:00:00,12,282.87,296,270,3e-6,68,0.22,-1.42,0.00524,97437.586
2018-11-25 00:00:00,12,277.00998,269,181,0,96.3,-0.14999999,-1.4599999,0.00496,97542.24
2018-11-25 06:00:00,12,276.61,287,0,1e-6,98.200005,-0.59999996,-0.72999996,0.0049099997,97699.414
2018-11-25 12:00:00,12,278.02,325,0,1.2e-5,96.4,-0.089999996,-1.22,0.00533,97519.19
2018-11-25 18:00:00,12,281.4,341,80,2.3e-5,91,0.63,-0.83,0.00636,97420.38
2018-11-26 00:00:00,12,279.74,332,53,2e-5,97.700005,1.31,0.19999999,0.00611,97243.34
2018-11-26 06:00:00,12,280.94998,339,0,2.9e-5,98.200005,0.5,1.53,0.0066799996,97162.25
2018-11-26 12:00:00,12,280.75,308,0,1e-6,97.9,-0.63,1.6999999,0.0065599997,97236.125
2018-11-26 18:00:00,12,287.97,284,330,0,70.200005,-1.3,1.86,0.0076099997,97292.64
2018-11-27 00:00:00,12,281.02,281,184,0,93.4,-1.5,0.98999995,0.0063799997,97207.49
2018-11-27 06:00:00,12,278.33,264,0,0,95.200005,-1.0799999,0.96,0.0053999997,97229.12
2018-11-27 12:00:00,12,276.16998,264,0,0,95.5,-0.89,0.13,0.00466,97239.94
2018-11-27 18:00:00,12,287.22998,271,330,0,68,1.4599999,0.53,0.0070599997,96760.266
2018-11-28 00:00:00,12,283.50998,321,162,1.5e-5,97.9,1.5999999,0.5,0.00797,96424.08
2018-11-28 06:00:00,12,283.72998,341,0,1.1e-4,98.6,0.35999998,1.87,0.0081899995,95978.055
2018-11-28 12:00:00,12,278.63998,312,0,6.3e-5,89.6,-2.1299999,2.36,0.00527,95962.15
2018-11-28 18:00:00,12,280.06,246,330,0,52.3,-2.73,2.27,0.00339,96029.664
2018-11-29 00:00:00,12,274.05,238,171,0,74.3,-1.6999999,1.93,0.00314,96145.5
2018-11-29 06:00:00,12,271.41998,217,0,0,77.700005,-1.13,1.92,0.00271,96162.13
2018-11-29 12:00:00,12,271.07,213,0,0,64,-1.7199999,2.06,0.00217,96320.77
2018-11-29 18:00:00,12,278.47,223,340,0,38.2,-2.62,3.1699998,0.0022099998,96394.27
2018-11-30 00:00:00,12,273.69998,233,190,0,64.4,-2.54,2.86,0.0026399998,96610.4
2018-11-30 06:00:00,12,271.97,225,0,0,77.8,-1.64,2.21,0.0028,96867.695
2018-11-30 12:00:00,12,271.03,225,0,0,80.9,-1.1899999,1.73,0.00272,96750.125
2018-11-30 18:00:00,12,279.97998,233,320,0,47.5,-1.1,1.4699999,0.0030399999,96727.56
2018-12-01 00:00:00,12,272.34,242,180,0,84.9,-0.52,1.1999999,0.00315,96710.07
2018-12-01 06:00:00,12,273.35,279,0,4e-6,80.8,-0.89,1.01,0.00324,96459.12
2018-12-01 12:00:00,12,273.53,284,0,0,76.700005,-0.82,0.44,0.00312,96275.68
2018-12-01 18:00:00,12,281.93,280,270,0,53.600002,0.56,1.14,0.0039399997,95899.4
2018-12-02 00:00:00,12,275.61,298,120,0,88.5,-0.45,1.14,0.0041799997,95991.69
2018-11-16 00:00:00,13,275.16998,9999e17,9999e17,9999e17,94.6,-0.64,1.3,0.00435,95788.016
2018-11-16 06:00:00,13,274.05,279,0,4e-6,90.3,-2.83,5.5699997,0.0038299998,95833.87
2018-11-16 12:00:00,13,270.91,222,0,0,86.3,-2.34,3.59,0.00289,96100.805
2018-11-16 18:00:00,13,282.66,236,390,0,57.9,-0.64,3.9299998,0.00446,96128.45
2018-11-17 00:00:00,13,276.13998,255,209,0,93.3,-1.12,2,0.00457,96408.74
2018-11-17 06:00:00,13,274.09,241,0,0,97.5,-0.98999995,1.8399999,0.00411,96692.19
2018-11-17 12:00:00,13,272.77,235,0,0,97.8,-1.14,1.7199999,0.0037399998,96896.1
2018-11-17 18:00:00,13,284.99,248,380,0,56.8,0.68,0.88,0.00508,96900.68
2018-11-18 00:00:00,13,277.8,265,204,0,95.5,1.87,0.58,0.00523,96907.65
2018-11-18 06:00:00,13,276.3,257,0,0,95.9,0.17,1.8499999,0.00472,96956.43
2018-11-18 12:00:00,13,275.04,250,0,0,86.8,-0.95,1.63,0.00391,96979.98
2018-11-18 18:00:00,13,286.97998,264,370,0,57.2,0.71999997,0.28,0.0058299997,96925.03
2018-11-19 00:00:00,13,279.05,282,187,0,95.6,1.5699999,0.57,0.00572,96808.73
2018-11-19 06:00:00,13,277.47,266,0,0,97.9,-0.93,2.1,0.00524,96843.24
2018-11-19 12:00:00,13,275.61,253,0,0,95.3,-1.24,1.6999999,0.00447,96880.516
2018-11-19 18:00:00,13,282.38998,257,360,0,60.100002,-1.11,1.24,0.00452,96813.24
2018-11-20 00:00:00,13,277.08,262,197,0,90,1.8499999,-0.52,0.0047,96704.27
2018-11-20 06:00:00,13,278.15,310,0,1.7e-5,95.4,2.6299999,0.51,0.00538,96426.9
2018-11-20 12:00:00,13,278.78,311,0,8e-6,97.8,2.79,1.7199999,0.00578,96092.17
2018-11-20 18:00:00,13,282.59,305,260,1.1e-5,62,-2.31,6.04,0.00476,96108.76
2018-11-21 00:00:00,13,275.49,268,138,1e-6,81.200005,-3.02,3.05,0.00379,96492.93
2018-11-21 06:00:00,13,272.65,227,0,0,84,-1.7199999,2.2,0.0031899998,96737.555
2018-11-21 12:00:00,13,269.37,209,0,0,74.4,-1.9399999,1.5999999,0.00219,97132.22
2018-11-21 18:00:00,13,280.13,215,380,0,28.9,-0.82,0.78,0.00185,97271.6
2018-11-22 00:00:00,13,271.15,229,204,0,66.3,-0.13,0.59999996,0.00223,97325.85
2018-11-22 06:00:00,13,270.81,228,0,0,74.9,0.21,0.45999998,0.0024599999,97310.71
2018-11-22 12:00:00,13,270.75,229,0,0,90.6,1.42,0.66999996,0.00296,97412.43
2018-11-22 18:00:00,13,281.81,242,360,0,50,2.47,0.76,0.00361,97042.23
2018-11-23 00:00:00,13,274.81,250,196,0,92.3,1.86,1.5699999,0.00409,96966.82
2018-11-23 06:00:00,13,273.22,239,0,0,95.6,-0.07,2.23,0.00378,96662.305
2018-11-23 12:00:00,13,272.4,228,0,0,96.4,-0.59,2.1699998,0.0035899999,96643.234
2018-11-23 18:00:00,13,283.9,237,370,0,53.5,-0.78999996,2.1699998,0.0044799997,96302.914
2018-11-24 00:00:00,13,274.52,251,201,0,90.200005,-0.59,1.4699999,0.0039399997,96352.74
2018-11-24 06:00:00,13,274.13,247,0,0,90.700005,0.95,0.75,0.0038599998,96290.086
2018-11-24 12:00:00,13,275.63998,275,0,0,81.1,1.25,0.71,0.00384,96014.664
2018-11-24 18:00:00,13,279.35,309,130,1.42e-4,89.3,1.3,0.29,0.00551,95932.32
2018-11-25 00:00:00,13,277.19,325,24,2.96e-4,98.8,-0.08,-0.79999995,0.00525,95717.83
2018-11-25 06:00:00,13,276.52,306,0,4.3e-5,98.4,-0.82,1.5699999,0.0049799997,95747.59
2018-11-25 12:00:00,13,276.88,265,0,0,97.8,-1,1.4699999,0.00508,95795.92
2018-11-25 18:00:00,13,286.31,266,350,0,72.200005,1.51,-0.11,0.0071,96192.164
2018-11-26 00:00:00,13,281,294,168,1e-6,97.8,1.51,-0.51,0.0067499997,95957.76
2018-11-26 06:00:00,13,281.15,340,0,3.1e-5,98.9,1.7099999,-0.099999994,0.00688,96126.85
2018-11-26 12:00:00,13,281.35,339,0,8.6e-5,96.8,2.27,0.26999998,0.0068599996,95689.98
2018-11-26 18:00:00,13,285.24,343,120,2.1e-5,87.6,1.13,3.3,0.0080699995,95628.74
2018-11-27 00:00:00,13,280.36,284,167,0,83.6,-1.14,3.6799998,0.00554,95892.58
2018-11-27 06:00:00,13,278.22,282,0,1e-6,79.6,-2.23,4.3399997,0.00452,96171.31
2018-11-27 12:00:00,13,275.38,250,0,0,78.8,-2.6799998,2.98,0.00366,96360.84
2018-11-27 18:00:00,13,279.37,242,320,0,58.4,-2.6799998,2.76,0.0035899999,96673.305
2018-11-28 00:00:00,13,273.44,230,195,0,80.1,-1.35,1.01,0.00321,97104.055
2018-11-28 06:00:00,13,271.57,217,0,0,82.4,-1.05,0.98999995,0.00287,97271.164
2018-11-28 12:00:00,13,271.8,221,0,0,73.3,0.35999998,1.26,0.0026,97379.44
2018-11-28 18:00:00,13,282.04,239,340,0,48.2,1.73,1.39,0.00351,97310.99
2018-11-29 00:00:00,13,275.22998,257,178,0,94.5,1.8,0.06,0.0043099998,97113.08
2018-11-29 06:00:00,13,275.13,259,0,0,96.9,1.7199999,1.25,0.00438,97193.89
2018-11-29 12:00:00,13,275.63998,283,0,2e-5,92.700005,1.0799999,-0.01,0.00435,97045.414
2018-11-29 18:00:00,13,277.38,322,70,2.89e-4,94.9,2.72,0.02,0.00507,96428.016
2018-11-30 00:00:00,13,278.88,335,12,4.5e-4,98.200005,1.38,1.25,0.00585,96280.445
2018-11-30 06:00:00,13,280.87,349,0,4.4899998e-4,98.4,0.25,1.31,0.0067499997,95864.19
2018-11-30 12:00:00,13,279.49,346,0,6.17e-4,96.4,-1.9799999,-2.99,0.00599,96334.24
2018-11-30 18:00:00,13,277.41,327,70,9.6e-5,94.3,-0.79999995,-2.8,0.00506,96398.164
2018-12-01 00:00:00,13,274.75,313,71,8e-6,93.6,-0.68,-2.1,0.00414,96766.25
2018-12-01 06:00:00,13,272.72,298,0,5e-6,94.1,-0.87,-1.79,0.00358,96941.9
2018-12-01 12:00:00,13,272.15,292,0,0,90.1,-0.42999998,-1.0799999,0.0032799998,96940.266
2018-12-01 18:00:00,13,275.9,299,130,1.7e-5,81.200005,0.049999997,-1.3199999,0.00388,97008.52
2018-12-02 00:00:00,13,274.53,316,50,2.31e-4,97.1,-0.57,-1.41,0.0042499998,96267.53
2018-11-16 00:00:00,14,275.49,9999e17,9999e17,9999e17,95.200005,-0.31,1.43,0.0044799997,95772.93
2018-11-16 06:00:00,14,274.04,274,0,4e-6,91.5,-2.6399999,5.18,0.00388,95843.67
2018-11-16 12:00:00,14,270.85,221,0,0,87.5,-2.26,3.46,0.0029199999,96095.04
2018-11-16 18:00:00,14,282.34,236,390,0,57.5,-0.78999996,3.97,0.00434,96119.99
2018-11-17 00:00:00,14,276.11,256,208,0,93.1,-0.98999995,2.07,0.0045499997,96385.05
2018-11-17 06:00:00,14,274.24,252,0,0,95.5,-0.84999996,1.9499999,0.00407,96695.83
2018-11-17 12:00:00,14,272.47998,231,0,0,97.6,-1.15,1.78,0.0036499999,96897.73
2018-11-17 18:00:00,14,285.27,243,390,0,53.2,0.22,0.52,0.0048499997,96958.31
2018-11-18 00:00:00,14,276.97998,261,206,0,93.9,1.7099999,0.34,0.0048499997,97011.64
2018-11-18 06:00:00,14,275.4,254,0,0,96,0.90999997,1.15,0.0044299997,97033.96
2018-11-18 12:00:00,14,273.8,253,0,0,95.9,0.63,0.98999995,0.0039399997,97058.31
2018-11-18 18:00:00,14,284.54,264,360,0,67.3,2.01,0.29999998,0.0058299997,97000.9
2018-11-19 00:00:00,14,279.18,284,177,0,97.8,1.75,0.24,0.0058899997,96902.87
2018-11-19 06:00:00,14,277.36,273,0,0,98.3,0.29999998,1.9399999,0.00523,96815.85
2018-11-19 12:00:00,14,276.56,259,0,0,97.5,-0.29,1.99,0.00489,96793.836
2018-11-19 18:00:00,14,284.27,276,320,1e-6,70,-0.29,2.45,0.00598,96666.266
2018-11-20 00:00:00,14,277.91,301,122,1e-6,95,0.29999998,1.28,0.00526,96666.74
2018-11-20 06:00:00,14,278.1,293,0,1e-5,97.1,0.089999996,1.78,0.00545,96489.27
2018-11-20 12:00:00,14,277.47998,283,0,0,97.6,-0.089999996,2.03,0.00525,96438.14
2018-11-20 18:00:00,14,282.44998,286,260,3e-6,71.4,-1.5,3.6899998,0.0054099998,96361.016
2018-11-21 00:00:00,14,277.09,279,120,0,84.200005,-1.56,2.22,0.0044,96654.93
2018-11-21 06:00:00,14,273.6,249,0,0,76.6,-3.6499999,1.8199999,0.0030999999,97098.805
2018-11-21 12:00:00,14,269.50998,211,0,0,78.200005,-2.12,0.75,0.00232,97674.68
2018-11-21 18:00:00,14,275.50998,207,380,0,43.100002,-0.87,-1.6899999,0.00198,98019.37
2018-11-22 00:00:00,14,269.77,215,204,0,77.8,0.87,-1.43,0.00234,98198.76
2018-11-22 06:00:00,14,268.32,207,0,0,71.1,1.48,-0.12,0.0018999999,98313.29
2018-11-22 12:00:00,14,267.96,205,0,0,67.6,1.3,0.82,0.0017599999,98022.164
2018-11-22 18:00:00,14,280.41,221,370,0,39.5,1.51,1.05,0.00257,97619.47
2018-11-23 00:00:00,14,272.77,237,201,0,71.9,1.92,1.27,0.0027299998,97317.91
2018-11-23 06:00:00,14,271.74,229,0,0,85.1,0.29999998,2.09,0.0030099999,96951.125
2018-11-23 12:00:00,14,272.16998,232,0,0,87.9,0.51,1.9799999,0.0032199998,96678.7
2018-11-23 18:00:00,14,284.41998,257,340,0,47.7,2.72,2.31,0.00414,96130.336
2018-11-24 00:00:00,14,276.08,286,109,0,96.9,1.39,2.07,0.00474,96008.805
2018-11-24 06:00:00,14,278.38998,285,0,1e-6,92.700005,1.8,1.8299999,0.0053399997,95910.35
2018-11-24 12:00:00,14,276.82,285,0,1e-6,97,1.73,1.9799999,0.00501,95888.06
2018-11-24 18:00:00,14,280.5,287,200,4e-6,65.9,-1.81,4.69,0.00439,96186.65
2018-11-25 00:00:00,14,276.47998,273,136,2e-6,82.6,-1.87,3,0.00414,96534.36
2018-11-25 06:00:00,14,275.33,251,0,0,88.9,-1.24,2.25,0.00409,96887.81
2018-11-25 12:00:00,14,273.25,242,0,0,95.700005,-1.29,1.43,0.00379,96971.25
2018-11-25 18:00:00,14,282.24,241,350,0,58.7,-0.78999996,1.55,0.00435,97210.5
2018-11-26 00:00:00,14,276.55,277,150,0,85.3,-0.95,1.03,0.00426,97208.99
2018-11-26 06:00:00,14,273.59,255,0,0,93.8,-1.36,0.26999998,0.00379,97423.85
2018-11-26 12:00:00,14,271.9,236,0,0,95.1,-0.78,0.26,0.00339,97331.62
2018-11-26 18:00:00,14,284.78,239,360,0,51.7,0.63,0.14999999,0.00452,97319.2
2018-11-27 00:00:00,14,276.03,256,190,0,92.3,1.5799999,0.01,0.00446,97106.9
2018-11-27 06:00:00,14,276.16,262,0,0,89.200005,0.65999997,1.81,0.00435,97047.48
2018-11-27 12:00:00,14,277.9,295,0,0,81.700005,0.39999998,1.74,0.00451,96751.805
2018-11-27 18:00:00,14,287.53,322,240,1e-6,74.5,0.45999998,1.9,0.00792,96335.45
2018-11-28 00:00:00,14,283.88998,333,130,9e-6,98.4,1.23,1.9599999,0.008239999,96165.445
2018-11-28 06:00:00,14,282.96,327,0,0,97.700005,-0.96999997,1.7099999,0.00769,96103.664
2018-11-28 12:00:00,14,281.36,306,0,0,97.4,-0.71999997,1.79,0.00688,96221.91
2018-11-28 18:00:00,14,287.8,285,310,0,57.4,-1.48,2.1399999,0.00622,96268.81
2018-11-29 00:00:00,14,282.86,323,130,1e-6,80.200005,-0.9,1.37,0.0062499996,96414.51
2018-11-29 06:00:00,14,281.44,336,0,1.4e-4,94.4,0.14,-1.25,0.0066899997,96400.57
2018-11-29 12:00:00,14,280.55,344,0,2.1e-4,97,0.78,-1.9399999,0.0064499998,96511.93
2018-11-29 18:00:00,14,280.71,345,40,9.2e-5,95.5,0.75,-1.4,0.00643,96427.516
2018-11-30 00:00:00,14,281.5,346,60,3.5e-5,97.700005,0.74,-0.98999995,0.0069399998,96468.66
2018-11-30 06:00:00,14,280.94998,347,0,2.69e-4,98.1,1.26,-1.61,0.0067399996,96165.74
2018-11-30 12:00:00,14,280.07,344,0,2.54e-4,98,0.48999998,-1.26,0.00634,96205.28
2018-11-30 18:00:00,14,283.62,351,70,1.01e-4,96.3,0.25,-1.25,0.00794,95978.164
2018-12-01 00:00:00,14,282.49,362,26,1.07e-4,98.8,-0.82,-1.14,0.00756,95913.78
2018-12-01 06:00:00,14,282.02,348,0,5.7e-5,95.5,-1.88,1.61,0.0070599997,96018.95
2018-12-01 12:00:00,14,277.06,311,0,1.2e-5,90.1,-2.24,2.32,0.00474,96117.02
2018-12-01 18:00:00,14,279.38,237,340,0,63.100002,-2.69,2.3899999,0.00388,96512.9
2018-12-02 00:00:00,14,273.69,231,190,0,82.4,-1.27,1.65,0.00338,96491.93
2018-11-16 00:00:00,15,275.41,9999e17,9999e17,9999e17,95.200005,-0.59999996,1.3299999,0.00446,95736.44
2018-11-16 06:00:00,15,274.16998,279,0,4e-6,90.8,-2.77,5.71,0.0038899998,95798.24
2018-11-16 12:00:00,15,270.58,223,0,0,86.4,-2.22,3.6799998,0.0028199998,96093.11
2018-11-16 18:00:00,15,282.04,234,390,0,57,-1.06,3.83,0.00421,96161.1
2018-11-17 00:00:00,15,275.81,253,208,0,92.6,-0.85999995,2.1299999,0.0044299997,96391.02
2018-11-17 06:00:00,15,274.08,243,0,0,97.3,-0.97999996,1.87,0.0041,96666.42
2018-11-17 12:00:00,15,272.85,235,0,0,97.6,-0.98999995,1.87,0.00375,96877.48
2018-11-17 18:00:00,15,285.16998,248,380,0,56.3,0.01,0.93,0.0050899996,96957.77
2018-11-18 00:00:00,15,276.82,265,204,0,94,1.5799999,-0.14,0.0047999998,97083.34
2018-11-18 06:00:00,15,275.61,256,0,0,96.6,1.24,0.96999997,0.00452,97110.85
2018-11-18 12:00:00,15,274.71,251,0,0,96.3,0.42999998,1.5999999,0.00422,97125.25
2018-11-18 18:00:00,15,284.85,262,360,0,64.1,1.8199999,0.57,0.00567,97034.875
2018-11-19 00:00:00,15,278.87,275,184,0,97.700005,1.8399999,0.65,0.00576,96947.37
2018-11-19 06:00:00,15,277.08,261,0,0,97.8,0.13,2.02,0.0050899996,96857.87
2018-11-19 12:00:00,15,276.81,258,0,0,97.200005,-0.14999999,2.36,0.0049699997,96814.83
2018-11-19 18:00:00,15,285.27,277,340,1e-6,68.200005,-0.94,3.51,0.00623,96696.99
2018-11-20 00:00:00,15,278.69998,314,72,1e-6,93.5,-1.4599999,1.5699999,0.0054599997,96792.414
2018-11-20 06:00:00,15,275.72998,257,0,0,95.1,-1.23,1.54,0.0045,96818.98
2018-11-20 12:00:00,15,273.47998,248,0,0,94.5,-1.22,1.22,0.00381,96861.195
2018-11-20 18:00:00,15,282.16,241,370,0,55.2,-0.44,1.8,0.00409,96806.18
2018-11-21 00:00:00,15,274.93,256,199,0,92.8,0.25,1.05,0.00415,96897.94
2018-11-21 06:00:00,15,274.68,249,0,0,92.8,-0.98999995,1.6899999,0.00407,96937.46
2018-11-21 12:00:00,15,273.54,240,0,0,93.3,-1.15,1.68,0.00376,97164.79
2018-11-21 18:00:00,15,284.35,248,360,0,54.600002,-0.37,1.04,0.00466,97174.31
2018-11-22 00:00:00,15,276.53,263,196,0,89.3,1.4699999,-0.53999996,0.00445,97296.016
2018-11-22 06:00:00,15,274.09,254,0,0,96.700005,1.0699999,-0.38,0.00405,97348.125
2018-11-22 12:00:00,15,272.77,245,0,0,98.9,1.14,0.37,0.00376,97412.72
2018-11-22 18:00:00,15,284.24,254,360,0,66.700005,1.76,0.22,0.0056499997,97291.1
2018-11-23 00:00:00,15,279.50998,290,184,1e-6,97.5,1.66,-0.34,0.00599,97237.44
2018-11-23 06:00:00,15,278,276,0,0,98.3,1.5699999,1.11,0.00544,97184.53
2018-11-23 12:00:00,15,275.94998,289,0,2e-6,97.9,-0.47,1.41,0.00469,97124.336
2018-11-23 18:00:00,15,287.53,259,360,0,55.9,0.17999999,0.71,0.0058999998,97026.08
2018-11-24 00:00:00,15,277.13,268,197,0,91.6,0.96,0.24,0.00478,96956.336
2018-11-24 06:00:00,15,275.08,256,0,0,93.200005,-0.53999996,-0.35,0.0042,97192.09
2018-11-24 12:00:00,15,275.50998,251,0,0,96.4,-0.96999997,-1.3299999,0.0044799997,97275.29
2018-11-24 18:00:00,15,284.19,278,280,1e-6,74.200005,0.32999998,-1.15,0.00627,97071.24
2018-11-25 00:00:00,15,279.84,319,108,3e-6,97.200005,0.17999999,-1.29,0.00612,97198.39
2018-11-25 06:00:00,15,279.69,326,0,1e-5,95.9,0.41,-0.78999996,0.00598,97106.38
2018-11-25 12:00:00,15,277.05,313,0,8e-6,98.8,0.68,-0.29,0.00512,97035.68
2018-11-25 18:00:00,15,286.38998,301,290,1e-6,67.9,-0.01,-0.88,0.00666,96669.1
2018-11-26 00:00:00,15,280.74,309,163,7e-5,96.3,0.62,-0.68,0.00647,96823.27
2018-11-26 06:00:00,15,278.06,307,0,1.1e-5,97.9,-0.34,1.04,0.00548,96644.586
2018-11-26 12:00:00,15,277.1,255,0,0,97.3,-1.28,1.23,0.00508,96792.6
2018-11-26 18:00:00,15,282.96,257,340,0,68.8,-2.6,0.7,0.00538,96922.27
2018-11-27 00:00:00,15,278.57,298,147,1e-6,86,-1.66,0.45,0.0049699997,97088.18
2018-11-27 06:00:00,15,277.66998,275,0,2e-6,95.200005,-1.4699999,-0.56,0.00515,97203.39
2018-11-27 12:00:00,15,277.78,313,0,8e-6,95.9,-0.78999996,-1.3399999,0.0052199997,97352.37
2018-11-27 18:00:00,15,280.47998,305,180,8e-6,76.4,-0.11,-1.29,0.00502,97339.9
2018-11-28 00:00:00,15,277.86,322,79,6e-6,88.9,-0.049999997,-1.3199999,0.00487,97219.6
2018-11-28 06:00:00,15,274.5,282,0,2e-6,95.9,0.38,-0.47,0.00416,97160.48
2018-11-28 12:00:00,15,274.09,255,0,0,98.5,0.01,-1.1,0.00414,97020.87
2018-11-28 18:00:00,15,277.50998,318,70,1.7e-5,83,0.68,-1.31,0.00445,96996.75
2018-11-29 00:00:00,15,275.49,306,41,2.2e-5,95.200005,-0.45999998,-1.31,0.0044299997,96841.62
2018-11-29 06:00:00,15,274.09,299,0,1.33e-4,97,-0.7,-1.75,0.00408,96739.35
2018-11-29 12:00:00,15,273.05,303,0,1.82e-4,96.700005,-1.91,-1.79,0.00379,96413.12
2018-11-29 18:00:00,15,275.35,294,140,1.04e-4,94.200005,-2.52,-1.42,0.00435,96445.5
2018-11-30 00:00:00,15,272.97998,265,113,8e-6,96.8,-2.25,-0.22999999,0.0037699998,96590.56
2018-11-30 06:00:00,15,270.47,229,0,0,97.200005,-1.9799999,0.31,0.00314,96527.77
2018-11-30 12:00:00,15,269.16,217,0,0,94.4,-1.64,0.38,0.00274,96760.25
2018-11-30 18:00:00,15,278.44,222,350,0,76.200005,-0.96999997,-0.14999999,0.00432,96582.18
2018-12-01 00:00:00,15,270.27,234,192,0,93.9,0.29999998,0.26999998,0.0029799999,96693.15
2018-12-01 06:00:00,15,269.66998,229,0,0,95.8,0.48,0.03,0.0029,96631.43
2018-12-01 12:00:00,15,270.09,227,0,0,95.4,-0.39,0.74,0.00299,96679.49
2018-12-01 18:00:00,15,281.21,234,340,0,67.4,0.22999999,0.48,0.00466,96483.15
2018-12-02 00:00:00,15,273.08,245,187,0,93.3,1.28,0.72999996,0.00367,96343.1
2018-11-16 00:00:00,16,274.91,9999e17,9999e17,9999e17,93.4,-1.4,1.16,0.00421,95832.46
2018-11-16 06:00:00,16,274.15,284,0,8e-6,91.8,-2.49,5.39,0.00392,95832.8
2018-11-16 12:00:00,16,270.82,223,0,0,87.700005,-2.29,3.5,0.0029199999,96085.805
2018-11-16 18:00:00,16,281.99,235,390,0,57.600002,-0.97999996,3.85,0.0042499998,96141.82
2018-11-17 00:00:00,16,275.94998,255,208,0,93.5,-1.01,2.03,0.00451,96426.586
2018-11-17 06:00:00,16,273.94998,244,0,0,95.9,-1.17,1.81,0.0039999997,96698.89
2018-11-17 12:00:00,16,272.47,233,0,0,96.4,-1.31,1.7099999,0.0036,96902.85
2018-11-17 18:00:00,16,285.19,246,380,0,54.7,0.69,0.03,0.00495,96974.73
2018-11-18 00:00:00,16,276.8,262,205,0,94.700005,1.73,-0.12,0.00483,97087.766
2018-11-18 06:00:00,16,275.18,254,0,0,97.1,1.29,0.78,0.00441,97141.06
2018-11-18 12:00:00,16,273.72,253,0,0,97.200005,1.15,0.35,0.00397,97164.664
2018-11-18 18:00:00,16,283.80002,264,350,0,74.4,2.5,0.19999999,0.00615,97059.31
2018-11-19 00:00:00,16,278.83,294,159,0,97.6,1.8299999,0.44,0.00574,96954.82
2018-11-19 06:00:00,16,277.12,266,0,0,97.5,-0.25,1.78,0.0050899996,96932.164
2018-11-19 12:00:00,16,275.96,260,0,0,95.8,-0.62,1.38,0.0046099997,96856.52
2018-11-19 18:00:00,16,285.21,281,300,0,69.700005,1.9499999,0.62,0.00634,96649.17
2018-11-20 00:00:00,16,279.75,283,169,0,97.6,1.78,1.09,0.00615,96502.68
2018-11-20 06:00:00,16,278.29,269,0,0,97,0.64,2.3,0.0055299997,96262.625
2018-11-20 12:00:00,16,278.37,270,0,0,97.8,-0.42,2.19,0.00561,96232.164
2018-11-20 18:00:00,16,281.41,295,250,3e-6,68.9,-3.1899998,4.31,0.00487,96349.83
2018-11-21 00:00:00,16,274.00998,265,154,1e-6,77.9,-3.32,2.82,0.00326,96869.23
2018-11-21 06:00:00,16,269.44998,215,0,0,66.1,-2.35,1.9,0.00195,97363.945
2018-11-21 12:00:00,16,268.38,202,0,0,57.4,-0.71999997,0.83,0.0015499999,97711.18
2018-11-21 18:00:00,16,278.41998,210,380,0,24.4,1.61,0.38,0.00139,97744.664
2018-11-22 00:00:00,16,272.12,220,207,0,58.2,2.05,0.65,0.0021,97675.805
2018-11-22 06:00:00,16,270.22,208,0,0,62.3,0.90999997,1.93,0.00195,97549.75
2018-11-22 12:00:00,16,271.04,211,0,0,52.4,-0.82,1.99,0.0017499999,97381.13
2018-11-22 18:00:00,16,283.61,237,370,0,36.5,-0.81,2.26,0.00297,97175.336
2018-11-23 00:00:00,16,274.74,249,199,0,73.9,-1.09,2.07,0.0032499998000000002,97172.79
2018-11-23 06:00:00,16,271.66998,232,0,0,92.4,-1.43,1.62,0.00324,97239.39
2018-11-23 12:00:00,16,270.07,228,0,0,95.6,-1.3199999,-0.01,0.00297,97427.49
2018-11-23 18:00:00,16,280.74,237,360,0,60.600002,0.24,-1.5899999,0.00405,97323.9
2018-11-24 00:00:00,16,271.78,242,196,0,97.4,0.7,-1.1899999,0.00344,97424.49
2018-11-24 06:00:00,16,273.86,262,0,2e-6,94.6,0.12,-0.87,0.0038899998,97456.27
2018-11-24 12:00:00,16,273.06,299,0,5e-6,96.200005,0.19,-0.48999998,0.00373,97427.94
2018-11-24 18:00:00,16,283.12,248,330,0,56.4,0.42999998,-0.29999998,0.00444,97249.02
2018-11-25 00:00:00,16,273.75998,261,152,0,92.3,0.98999995,-0.39,0.00378,97250.14
2018-11-25 06:00:00,16,275.1,269,0,0,83.8,1.27,0.5,0.00378,97173.54
2018-11-25 12:00:00,16,275.31,288,0,0,86.1,1.4699999,1.06,0.00395,96915.336
2018-11-25 18:00:00,16,281.8,294,220,1e-5,75.700005,1.6899999,0.89,0.0054699997,96670.15
2018-11-26 00:00:00,16,279,327,53,1e-6,91.8,1.6899999,0.97999996,0.00549,96453.46
2018-11-26 06:00:00,16,278.66998,300,0,0,93.8,0.91999996,1.9599999,0.00549,96298.5
2018-11-26 12:00:00,16,281.15,301,0,0,96,1.5699999,2.1699998,0.0066899997,96188.586
2018-11-26 18:00:00,16,290.33,333,230,5e-6,73.6,0.38,5.19,0.0094099995,95817.98
2018-11-27 00:00:00,16,283.6,340,40,7e-6,86.700005,-1.4399999,3.07,0.0071699996,96022.51
2018-11-27 06:00:00,16,279.69,294,0,0,88,-0.47,0.84999996,0.00555,96198.695
2018-11-27 12:00:00,16,279.3,314,0,1.13e-4,90.700005,-1.29,-0.02,0.00555,96256.35
2018-11-27 18:00:00,16,279.86,336,50,2.61e-4,94.200005,0.59999996,-1.01,0.006,96116.29
2018-11-28 00:00:00,16,279.83,344,15,6.3e-5,97,0.35999998,-0.71999997,0.00618,96082.06
2018-11-28 06:00:00,16,281.38998,338,0,2.7e-5,99.1,1.38,-0.35999998,0.0070499997,95801.336
2018-11-28 12:00:00,16,286.49,363,0,2e-4,98.8,2.8799999,0.75,0.009939999,95263.414
2018-11-28 18:00:00,16,291.31,368,150,1.22e-4,88,2.86,4.18,0.012089999,95106.63
2018-11-29 00:00:00,16,283.74,308,171,3.2e-5,86.8,-0.21,3.61,0.00726,95360.21
2018-11-29 06:00:00,16,281.06,298,0,1e-6,80.700005,-1.05,4.15,0.00561,95707.3
2018-11-29 12:00:00,16,278.32,263,0,0,87,-1.52,1.9599999,0.0049799997,96115.45
2018-11-29 18:00:00,16,282.24,302,220,2e-6,63.2,-1.88,2.29,0.00472,96407.18
2018-11-30 00:00:00,16,277.5,293,121,0,84,-1.17,1.6899999,0.00452,96483.5
2018-11-30 06:00:00,16,275.19,246,0,0,87.6,-1.14,1.41,0.0039999997,96714.23
2018-11-30 12:00:00,16,273.96,255,0,0,90,-0.64,1.38,0.00376,96533.02
2018-11-30 18:00:00,16,280.5,259,300,0,63.4,-0.95,2.85,0.00421,96527.69
2018-12-01 00:00:00,16,276.21,277,149,0,80.4,-1.16,2.6399999,0.00396,96547.266
2018-12-01 06:00:00,16,273.25,249,0,1e-6,75.8,-1.8399999,3.86,0.00302,96466.836
2018-12-01 12:00:00,16,269.41,231,0,0,73,-1.73,2.59,0.00217,96678.836
2018-12-01 18:00:00,16,274.88998,218,320,0,48.3,-1.81,2.79,0.00216,96615.266
2018-12-02 00:00:00,16,270.66,214,191,0,74.5,-1.23,1.55,0.0024299999,96872.73
2018-11-16 00:00:00,17,275.04,9999e17,9999e17,9999e17,93.200005,-0.96999997,1.3399999,0.0042499998,95773.5
2018-11-16 06:00:00,17,273.71,273,0,3e-6,90.200005,-2.58,5.62,0.00373,95812.2
2018-11-16 12:00:00,17,270.75,221,0,0,87.3,-2,3.54,0.00289,96064.68
2018-11-16 18:00:00,17,282.71,237,390,0,58.9,-0.71999997,4.35,0.00456,96125.125
2018-11-17 00:00:00,17,276.00998,256,209,0,93.1,-1.14,2.01,0.00452,96384.75
2018-11-17 06:00:00,17,273.6,243,0,0,95.8,-0.85999995,1.93,0.0039,96647.78
2018-11-17 12:00:00,17,272.19998,231,0,0,96.3,-1.2099999,1.73,0.0035299999,96877.24
2018-11-17 18:00:00,17,284.66,246,380,0,54.600002,0.96,0.65,0.00478,96909.87
2018-11-18 00:00:00,17,277.50998,263,205,0,96.200005,1.8499999,0.83,0.0051599997,96948.516
2018-11-18 06:00:00,17,276.13,256,0,0,96.4,-0.21,1.76,0.00469,96954.055
2018-11-18 12:00:00,17,275.02,253,0,0,94.700005,-1.14,1.27,0.00426,96992.52
2018-11-18 18:00:00,17,285.62,264,360,0,61.3,1.27,0.25,0.0057099997,96938.83
2018-11-19 00:00:00,17,279.83,294,183,1e-6,94.8,0.78999996,-0.02,0.00598,96939.09
2018-11-19 06:00:00,17,278.34,317,0,4e-6,97,-1.05,1.05,0.00551,96978.016
2018-11-19 12:00:00,17,276.04,256,0,0,97.1,-0.42,1.76,0.00469,96954
2018-11-19 18:00:00,17,283.4,267,340,0,64.700005,-0.02,1.9399999,0.0052,96809.02
2018-11-20 00:00:00,17,279.15,324,79,2e-6,89.700005,1.11,0.03,0.0054099998,96708.31
2018-11-20 06:00:00,17,277.72,294,0,7e-6,98.200005,0.9,1.8399999,0.00537,96496.4
2018-11-20 12:00:00,17,277.56,265,0,0,97.8,0.17999999,2.06,0.0053,96336.6
2018-11-20 18:00:00,17,281.52,286,260,3e-6,65.700005,-1.9499999,4.3399997,0.00469,96283.52
2018-11-21 00:00:00,17,276.91998,313,97,2e-6,78.1,-2.29,2.54,0.00403,96752.31
2018-11-21 06:00:00,17,272.94998,235,0,0,80.5,-2.9299998,2.12,0.00311,97114.39
2018-11-21 12:00:00,17,270.5,216,0,0,88.6,-1.41,0.42,0.00283,97538.21
2018-11-21 18:00:00,17,280.58,221,380,0,43.9,-0.17999999,-0.47,0.00289,97581.586
2018-11-22 00:00:00,17,272.36,230,205,0,85.8,1.9699999,-0.31,0.0031599998,97611.69
2018-11-22 06:00:00,17,271.36,225,0,0,96.700005,1.5999999,1.2099999,0.0033,97730.21
2018-11-22 12:00:00,17,271.47,225,0,0,95.3,0.32,1.78,0.0032799998,97639.96
2018-11-22 18:00:00,17,283.16998,236,370,0,43.7,1.56,1.68,0.00344,97372.96
2018-11-23 00:00:00,17,275.63,249,200,0,83,0.94,2.01,0.0038899998,97221.32
2018-11-23 06:00:00,17,273.71,236,0,0,81,-0.74,2.1699998,0.0033099998,97142.08
2018-11-23 12:00:00,17,273.18,235,0,0,68.3,-0.74,2.1399999,0.00268,97180.55
2018-11-23 18:00:00,17,286.09,248,370,0,45.5,0.19999999,1.43,0.0043699997,97041.87
2018-11-24 00:00:00,17,274.78,264,197,0,89.8,0.17,0.08,0.00396,97103.77
2018-11-24 06:00:00,17,273.72998,253,0,0,91.5,0.64,0.16,0.0037399998,97042.125
2018-11-24 12:00:00,17,273.3,247,0,0,92.200005,0.62,-0.65999997,0.00366,97104.59
2018-11-24 18:00:00,17,285.61,255,360,0,56.8,1.04,-0.93,0.0052799997,97011.23
2018-11-25 00:00:00,17,276.22,264,193,0,93.8,0.93,-0.85999995,0.0046,96796.73
2018-11-25 06:00:00,17,273.85,251,0,0,94.1,-0.71,-0.17,0.0039,96719.37
2018-11-25 12:00:00,17,273.24,249,0,0,95.3,-0.39,-0.71999997,0.00379,96553.766
2018-11-25 18:00:00,17,287.47998,268,340,0,58.600002,0.68,0.099999994,0.0061899996,96584
2018-11-26 00:00:00,17,277.9,278,190,0,94.1,1.18,-0.42,0.0052199997,96363.375
2018-11-26 06:00:00,17,278.61,270,0,0,96.200005,0.26,1.67,0.00561,96299.56
2018-11-26 12:00:00,17,279.16,283,0,2e-6,97.1,-0.42,1.8199999,0.0058899997,96162.164
2018-11-26 18:00:00,17,286.6,267,350,0,55.5,-1.81,3.23,0.00557,96122.03
2018-11-27 00:00:00,17,279.47,269,189,0,87.5,-0.96,1.93,0.0053999997,96444.164
2018-11-27 06:00:00,17,277.63,256,0,0,95.5,-0.75,1.73,0.00519,96456.516
2018-11-27 12:00:00,17,275.9,253,0,0,96.3,-1.1999999,1.3299999,0.00463,96535.62
2018-11-27 18:00:00,17,283.25,257,310,0,60.3,-1.53,1.0799999,0.00483,96444.15
2018-11-28 00:00:00,17,276.1,270,156,0,92.8,-0.71999997,-0.35,0.00452,96610.234
2018-11-28 06:00:00,17,273.30002,248,0,0,95.6,-0.59,0.01,0.00382,96823.48
2018-11-28 12:00:00,17,272.54,243,0,0,95,-0.41,-0.17999999,0.00357,96937.32
2018-11-28 18:00:00,17,284.41998,252,340,0,56.3,0.91999996,-0.39999998,0.00483,96907.98
2018-11-29 00:00:00,17,276.63,271,168,0,96.3,1.25,-1.03,0.00487,96901.23
2018-11-29 06:00:00,17,277.62,283,0,1e-5,96.4,1.3299999,-0.25,0.00521,96923.15
2018-11-29 12:00:00,17,277.47998,322,0,3.2e-5,97.700005,1.36,-0.17,0.00523,96910.69
2018-11-29 18:00:00,17,280.54,324,90,2.3599999e-4,92.4,0.81,2.05,0.0061399997,96651.68
2018-11-30 00:00:00,17,277.04,286,95,5e-6,94.3,-1.3,1.99,0.0049199997,96725.39
2018-11-30 06:00:00,17,272.41998,226,0,0,94.3,-1.36,1.5999999,0.00351,96829.64
2018-11-30 12:00:00,17,271.16,218,0,0,91.9,-1.15,1.22,0.00311,97032.12
2018-11-30 18:00:00,17,282.94998,231,340,0,43.5,-0.049999997,0.25,0.0033699998,97101.11
2018-12-01 00:00:00,17,274.84,247,186,0,83.5,1.6999999,0.72999996,0.0037099998,96895.23
2018-12-01 06:00:00,17,273.47998,242,0,0,91.700005,-0.39,1.74,0.0037,96802.83
2018-12-01 12:00:00,17,273.21,239,0,0,81.3,-1.01,1.41,0.00321,96914.99
2018-12-01 18:00:00,17,283.91,271,290,0,43.4,-0.03,1.4699999,0.00361,96773.46
2018-12-02 00:00:00,17,275.53,260,183,0,86.4,0.81,0.84999996,0.00404,96836.15
2018-11-16 00:00:00,18,275.25998,9999e17,9999e17,9999e17,95.5,-0.69,0.77,0.00441,95907.37
2018-11-16 06:00:00,18,274.3,283,0,4e-6,91.3,-2.45,5.23,0.0039399997,95921.39
2018-11-16 12:00:00,18,270.69,221,0,0,88.5,-2.02,3.27,0.0029199999,96157.086
2018-11-16 18:00:00,18,281.86,235,390,0,58.7,-1.24,3.9299998,0.00428,96182.4
2018-11-17 00:00:00,18,275.8,254,209,0,93.3,-1.04,1.9799999,0.00446,96447.12
2018-11-17 06:00:00,18,274.13998,245,0,0,97.1,-1.25,1.9499999,0.0041,96725.195
2018-11-17 12:00:00,18,272.34,232,0,0,97.5,-1.1,1.8499999,0.00361,96900.79
2018-11-17 18:00:00,18,285.25,244,390,0,53,0.51,0.04,0.00482,96956.164
2018-11-18 00:00:00,18,276.87,261,206,0,94.5,1.76,0.16,0.00484,97034.29
2018-11-18 06:00:00,18,275.86,254,0,0,97.200005,0.84999996,1.4699999,0.00463,97081.68
2018-11-18 12:00:00,18,274.97,253,0,0,95.1,0.62,1.49,0.0042499998,97065.31
2018-11-18 18:00:00,18,284.41998,275,310,0,72.3,2.37,0.5,0.00622,96945.62
2018-11-19 00:00:00,18,279.18,285,152,0,98.5,1.8499999,0.78999996,0.00594,96779.87
2018-11-19 06:00:00,18,277.8,266,0,0,97.8,0.28,2.1399999,0.00537,96685.055
2018-11-19 12:00:00,18,278.52,278,0,0,91.1,0.77,1.89,0.00526,96608.664
2018-11-19 18:00:00,18,285.84,313,240,2e-6,70.5,0.65999997,2.6399999,0.0067,96443.99
2018-11-20 00:00:00,18,278.12,305,107,8e-6,95.3,-1.3199999,1.7099999,0.00536,96585.125
2018-11-20 06:00:00,18,274.19,241,0,0,93.5,-1.55,1.16,0.00397,96701.64
2018-11-20 12:00:00,18,272.22998,226,0,0,93.700005,-1.09,1.18,0.00344,96832.5
2018-11-20 18:00:00,18,282.59,240,370,0,52.7,0.9,1.04,0.00402,96679.555
2018-11-21 00:00:00,18,274.16998,253,200,0,94.3,-0.16,0.87,0.00399,96831.555
2018-11-21 06:00:00,18,273.44998,242,0,0,93.1,-1.41,1.49,0.00373,97027.45
2018-11-21 12:00:00,18,271.72998,231,0,0,94.200005,-1.65,-0.08,0.00332,97336.79
2018-11-21 18:00:00,18,278.88998,270,260,2e-6,72.3,1.3,-0.59,0.0042499998,97259.086
2018-11-22 00:00:00,18,274.5,289,74,3e-6,98.6,1.7099999,-0.34,0.0042499998,97411.93
2018-11-22 06:00:00,18,273.16998,252,0,0,98.3,0.71,1.55,0.0038599998,97159.875
2018-11-22 12:00:00,18,272.66998,237,0,0,97.9,-0.32,1.7099999,0.0037099998,97138.15
2018-11-22 18:00:00,18,283.69998,245,370,0,56,-0.78,1.7199999,0.00459,97032.56
2018-11-23 00:00:00,18,273.46,256,197,0,92,0.28,0.049999997,0.00369,97131.76
2018-11-23 06:00:00,18,272.66,246,0,0,94.200005,0.35,0.08,0.0035599999,97204.12
2018-11-23 12:00:00,18,272.32,242,0,0,96.5,0.06,-0.91999996,0.0035599999,97195.71
2018-11-23 18:00:00,18,283.74,248,360,0,62.600002,0.77,-1.38,0.00514,97119.7
2018-11-24 00:00:00,18,275.19998,257,200,0,97.8,0.9,-1.01,0.00445,97094.33
2018-11-24 06:00:00,18,275.06,259,0,1e-6,98,0.39999998,-0.12,0.0044199997,97301.9
2018-11-24 12:00:00,18,273.1,254,0,0,98.5,0.08,-0.58,0.00387,97301.77
2018-11-24 18:00:00,18,282.87,281,250,4e-6,76.8,1.4499999,-0.55,0.00593,97160.47
2018-11-25 00:00:00,18,277.04,314,89,7e-6,98.9,0.53,-0.79999995,0.00513,97167.08
2018-11-25 06:00:00,18,280.1,334,0,3.5e-5,98.6,0.31,-0.63,0.00633,97032.125
2018-11-25 12:00:00,18,280.82,348,0,2.3e-5,98.9,0.63,-1.12,0.00667,97036.12
2018-11-25 18:00:00,18,284.97998,356,90,1.2e-4,95.200005,0.72999996,-1.23,0.00852,96731.625
2018-11-26 00:00:00,18,283.72998,362,30,1.62e-4,99.3,0.65999997,-1.13,0.0081899995,96664.87
2018-11-26 06:00:00,18,283.97998,363,0,7.6e-5,99.3,1.18,-0.37,0.00834,96435.87
2018-11-26 12:00:00,18,284.66,366,0,2.2e-5,98.200005,1.4,0.59999996,0.00865,96323.086
2018-11-26 18:00:00,18,289.59,359,200,1e-5,88.6,1.12,1.31,0.01077,96261.15
2018-11-27 00:00:00,18,284.69,350,70,9e-6,97.8,-0.21,1.24,0.0086199995,96267.35
2018-11-27 06:00:00,18,282.9,303,0,0,97.700005,-1.03,1.11,0.0076599997,96305.49
2018-11-27 12:00:00,18,281.1,288,0,0,96.8,-1.42,0.29999998,0.00672,96327.75
2018-11-27 18:00:00,18,287.61,307,280,4e-6,84.700005,0.68,-1.48,0.00904,96345.76
2018-11-28 00:00:00,18,284.96,360,70,4.3e-5,98.8,0.68,-1.51,0.00887,96392.61
2018-11-28 06:00:00,18,284.16,361,0,1.21e-4,98,0.88,-2.05,0.00834,96294.98
2018-11-28 12:00:00,18,283.16,359,0,1.58e-4,97.3,0.78999996,-2.6,0.00777,96249.02
2018-11-28 18:00:00,18,282.34,355,30,6.03e-4,96.9,0.38,-2.74,0.00733,96062.805
2018-11-29 00:00:00,18,284.5,358,20,4.71e-4,98.9,0.84,-2.1299999,0.0087,95795.94
2018-11-29 06:00:00,18,284.52,360,0,2.42e-4,98.5,-0.47,1.5899999,0.008669999,95737.48
2018-11-29 12:00:00,18,279.93,279,0,1e-6,96.700005,-0.61,1.56,0.0061999997,95989.05
2018-11-29 18:00:00,18,286.29,267,340,0,70.700005,1.14,3.04,0.0069799996,95989.055
2018-11-30 00:00:00,18,279.84,272,181,0,86.700005,-1.0799999,2.21,0.0055199997,96247.71
2018-11-30 06:00:00,18,277.15,255,0,0,87.4,-0.84999996,1.93,0.00459,96487.6
2018-11-30 12:00:00,18,274.71,249,0,0,91.9,-0.74,1.27,0.00405,96768.016
2018-11-30 18:00:00,18,282.78,249,330,0,61,-1.09,1.3199999,0.00471,96808.23
2018-12-01 00:00:00,18,276.6,263,183,0,90.3,-0.71,0.35999998,0.00454,96953.016
2018-12-01 06:00:00,18,275.6,264,0,0,94.4,-0.29,-1.06,0.00444,96950.49
2018-12-01 12:00:00,18,276.80002,298,0,9.1e-5,96.9,0.089999996,-1.43,0.00494,96913.49
2018-12-01 18:00:00,18,277.9,318,60,2.94e-4,94.6,-0.049999997,-1.26,0.0052,96862.266
2018-12-02 00:00:00,18,276.58,310,60,6.5e-5,98.6,-0.64,-1.13,0.0049699997,96648.98
2018-11-16 00:00:00,19,275.85,9999e17,9999e17,9999e17,96.3,0.32999998,1.62,0.00465,95730.734
2018-11-16 06:00:00,19,274.08,282,0,2e-6,90,-3.02,5.6,0.00382,95872.56
2018-11-16 12:00:00,19,270.79,221,0,0,87,-1.9,3.3999999,0.00289,96172.24
2018-11-16 18:00:00,19,282.99,237,390,0,57.3,-0.90999997,4.5299997,0.00451,96145.7
2018-11-17 00:00:00,19,275.97,255,209,0,91.6,-1.11,1.99,0.0044299997,96421.266
2018-11-17 06:00:00,19,273.72,245,0,0,95.700005,-0.93,1.8,0.00393,96719.02
2018-11-17 12:00:00,19,272.34,231,0,0,96.4,-1.13,1.7099999,0.00357,96951.89
2018-11-17 18:00:00,19,284.88998,244,390,0,54.100002,1.03,0.049999997,0.0047999998,96997.7
2018-11-18 00:00:00,19,277.08,259,207,0,96.3,1.81,0.55,0.00501,96968.055
2018-11-18 06:00:00,19,276.15,256,0,0,96,0.32999998,1.8399999,0.00468,96953.3
2018-11-18 12:00:00,19,274.97998,255,0,0,89,-0.9,1.4699999,0.00399,96965.836
2018-11-18 18:00:00,19,285.53,263,370,0,63.5,1.79,0.31,0.0058899997,96911.96
2018-11-19 00:00:00,19,279.3,280,182,0,96.6,1.3299999,1.12,0.00588,96790.36
2018-11-19 06:00:00,19,277.06,266,0,0,97.700005,-0.84999996,1.79,0.00508,96813.99
2018-11-19 12:00:00,19,276.05,255,0,0,97.700005,-0.68,1.8299999,0.00474,96732.69
2018-11-19 18:00:00,19,281.54,279,290,1e-6,63.2,-1.6899999,2.98,0.0044899997,96774.47
2018-11-20 00:00:00,19,275.68,249,201,0,87.700005,-1.23,1.7199999,0.00414,96804.43
2018-11-20 06:00:00,19,273.34,234,0,0,96.1,-1.09,1.8499999,0.0038299998,96784.914
2018-11-20 12:00:00,19,272.72,233,0,0,93.8,-0.85999995,1.9799999,0.00358,96773.086
2018-11-20 18:00:00,19,281.44,241,370,0,53.100002,-0.96999997,2.3,0.0037399998,96829.4
2018-11-21 00:00:00,19,275.09,249,200,0,81,-1.8499999,0.56,0.0036499999,97096.836
2018-11-21 06:00:00,19,272.75,238,0,0,89.200005,-1.74,0.34,0.00339,97342.66
2018-11-21 12:00:00,19,270.69998,241,0,0,97.5,-0.26999998,-0.93,0.00317,97574.71
2018-11-21 18:00:00,19,281.46,239,360,0,58.3,-0.32999998,-1.03,0.00408,97657.234
2018-11-22 00:00:00,19,275.75,314,101,3e-6,91.700005,1.0799999,-1.68,0.0043099998,97772.5
2018-11-22 06:00:00,19,274.63998,293,0,1.4e-5,94.1,0.93,-0.93,0.00408,97811.65
2018-11-22 12:00:00,19,273.97998,305,0,1.1e-5,92.8,1.75,-0.45,0.0038299998,97867.29
2018-11-22 18:00:00,19,278.46,302,210,6e-6,76.8,2.1699998,0.45999998,0.0043699997,97535.125
2018-11-23 00:00:00,19,275.1,296,127,1e-6,97.8,1.92,0.59999996,0.00441,97223.49
2018-11-23 06:00:00,19,274.05,243,0,0,98.200005,0.13,2.02,0.00411,97088.36
2018-11-23 12:00:00,19,273.16998,237,0,0,94.4,-1.18,1.31,0.0037099998,97096.83
2018-11-23 18:00:00,19,283.99,251,340,0,61.2,0.53,-1.39,0.00512,96868.65
2018-11-24 00:00:00,19,277.25998,266,176,0,97.6,0.12,-1.7199999,0.00515,96941.95
2018-11-24 06:00:00,19,276.83,294,0,1.3e-5,97.200005,-0.85999995,-1.9,0.0049699997,96945.27
2018-11-24 12:00:00,19,276.3,323,0,2.01e-4,97.200005,-1.9599999,-1.81,0.00481,96480.555
2018-11-24 18:00:00,19,279.03,334,40,3.99e-4,97.3,-2.79,-0.59999996,0.00585,96195.7
2018-11-25 00:00:00,19,279.86,343,8,7.4e-4,97,-3.21,-0.089999996,0.0061899996,96067.35
2018-11-25 06:00:00,19,279.65,337,0,6.5e-5,98.1,-1.8399999,0.42999998,0.00617,96130.28
2018-11-25 12:00:00,19,277.97998,311,0,9e-6,97.8,-1.22,0.95,0.0054599997,96213.48
2018-11-25 18:00:00,19,285.58,313,220,6e-6,86.200005,0.42999998,-0.98999995,0.00804,96514.62
2018-11-26 00:00:00,19,281.91998,341,88,3.9e-5,98.9,0.72999996,-1.14,0.0072299996,96445.87
2018-11-26 06:00:00,19,280.72998,342,0,2.85e-4,99.200005,0.62,-0.87,0.0066799996,96474.516
2018-11-26 12:00:00,19,279.82,332,0,1.45e-4,98.4,-0.29999998,-0.44,0.00622,96670.12
2018-11-26 18:00:00,19,285.1,309,260,6e-6,79,-0.66999996,0.52,0.00713,96708.125
2018-11-27 00:00:00,19,276.97,278,146,1e-6,95.4,-0.34,0,0.00494,96841.445
2018-11-27 06:00:00,19,274.78,250,0,0,96.3,-0.42999998,0.51,0.00426,96925.9
2018-11-27 12:00:00,19,274.6,256,0,0,97.5,1.27,0.24,0.00427,96776.94
2018-11-27 18:00:00,19,280.36,306,140,4.5e-5,89.4,1.3,-0.77,0.00587,96516.5
2018-11-28 00:00:00,19,277.37,310,64,5.4e-5,97.8,0.42,0.84999996,0.00523,96557.71
2018-11-28 06:00:00,19,274.47,251,0,0,97.6,-1.26,1.63,0.0042399997,96681.65
2018-11-28 12:00:00,19,272.03,227,0,0,91.8,-1.86,1.74,0.00333,96841.33
2018-11-28 18:00:00,19,278.63,225,350,0,58.2,-2.8799999,1.87,0.00338,96988.98
2018-11-29 00:00:00,19,272.66998,230,187,0,79.8,-2.9099998,1.5999999,0.00302,97083.016
2018-11-29 06:00:00,19,270.88,219,0,0,89,-0.97999996,1.3399999,0.00294,97341.93
2018-11-29 12:00:00,19,270.93,217,0,0,83.9,-1.29,1.1899999,0.00278,97350.06
2018-11-29 18:00:00,19,280.94998,256,300,0,43,-0.88,-0.22,0.00291,97412.29
2018-11-30 00:00:00,19,271.5,239,185,0,89,-0.35999998,-0.56,0.00308,97338.75
2018-11-30 06:00:00,19,271.27,228,0,0,90.5,-1.3299999,-0.32999998,0.0030699999,97579.83
2018-11-30 12:00:00,19,270.55,222,0,0,91.4,-1.3,0.41,0.00293,97742.19
2018-11-30 18:00:00,19,281.1,228,340,0,42.100002,-0.39,-1.39,0.00287,97695.71
2018-12-01 00:00:00,19,271.85,238,190,0,89.9,0.7,-0.9,0.00317,97881.69
2018-12-01 06:00:00,19,271.13998,244,0,0,91.5,0.29999998,-0.71,0.00306,97956.98
2018-12-01 12:00:00,19,270.97,245,0,0,88.9,0.88,-0.14,0.00294,97928.65
2018-12-01 18:00:00,19,281.75998,236,330,0,44.8,1.01,-0.65,0.0032,97849.33
2018-12-02 00:00:00,19,271.86,241,189,0,90.6,1.25,-0.35,0.00321,97728.1
2018-11-16 00:00:00,20,274.97998,9999e17,9999e17,9999e17,92.9,-1.25,1.5899999,0.00422,95690.77
2018-11-16 06:00:00,20,273.72,286,0,8e-6,89.4,-2.62,6.02,0.0037,95785.37
2018-11-16 12:00:00,20,271.00998,221,0,0,85.8,-2.05,3.78,0.0029,96077.7
2018-11-16 18:00:00,20,282.22998,236,390,0,57,-1,4.21,0.00427,96152.71
2018-11-17 00:00:00,20,275.97,253,208,0,92.6,-0.94,2.1499999,0.0044799997,96379.586
2018-11-17 06:00:00,20,273.94998,241,0,0,95.9,-1,1.8299999,0.0039999997,96709.266
2018-11-17 12:00:00,20,272.84,234,0,0,95.700005,-1.15,1.79,0.00367,96950.24
2018-11-17 18:00:00,20,284.77,249,380,0,56.5,1.42,0.26999998,0.0049799997,96936.875
2018-11-18 00:00:00,20,277.87,263,205,0,96.8,1.88,0.89,0.00532,96946.95
2018-11-18 06:00:00,20,276.18,255,0,0,96.200005,-0.47,1.8199999,0.00469,96952.93
2018-11-18 12:00:00,20,275.13,256,0,0,94.8,-1.1,0.93,0.00429,97012.27
2018-11-18 18:00:00,20,285.44,266,360,0,63.5,1.55,-0.07,0.00585,96927.88
2018-11-19 00:00:00,20,279.38998,282,189,0,96.4,1.4599999,-0.02,0.0058999998,96829.8
2018-11-19 06:00:00,20,277.58,275,0,0,97.700005,-0.75,1.67,0.0052799997,96755.71
2018-11-19 12:00:00,20,276.69,267,0,0,95.8,-0.13,1.8399999,0.0048599998,96656.39
2018-11-19 18:00:00,20,284.25,292,280,7e-6,68.4,-0.29999998,3.12,0.0058399998,96473.46
2018-11-20 00:00:00,20,279.50998,314,105,5e-6,89.200005,-1.06,1.39,0.0055199997,96468.9
2018-11-20 06:00:00,20,275.44998,265,0,0,93.1,-1.48,1.4,0.00433,96545.375
2018-11-20 12:00:00,20,272.72,233,0,0,93.5,-1.1899999,1.51,0.00357,96693.53
2018-11-20 18:00:00,20,280.24,237,370,0,59.100002,-1.66,2.1399999,0.00384,96701.98
2018-11-21 00:00:00,20,274.56,251,196,0,85.6,-1.62,1.01,0.0037200000000000002,96937.39
2018-11-21 06:00:00,20,274.56,259,0,1e-5,86.9,-0.95,1.52,0.00378,96969.055
2018-11-21 12:00:00,20,272.93,258,0,5e-6,95.9,-0.39,1.92,0.0037,97136.65
2018-11-21 18:00:00,20,280.3,272,270,2e-6,62.8,-1.1899999,2.25,0.00408,97123.61
2018-11-22 00:00:00,20,274.52,249,198,0,88.4,-1.67,0.37,0.00381,97412.98
2018-11-22 06:00:00,20,272.19,243,0,0,96.9,-0.22,-1.25,0.0035199998,97562.914
2018-11-22 12:00:00,20,275.27,289,0,9e-6,93.6,1.4699999,-0.16,0.00426,97543.52
2018-11-22 18:00:00,20,278.66998,318,140,1e-5,83.8,2.1499999,-0.51,0.00484,97536.85
2018-11-23 00:00:00,20,277.07,323,64,9e-6,97.200005,1.61,-0.61,0.00502,97531.37
2018-11-23 06:00:00,20,276.91998,315,0,1e-5,95.5,1.77,0.35999998,0.00489,97477.2
2018-11-23 12:00:00,20,274.75998,295,0,1e-5,99,1.65,0.65999997,0.00435,97391.7
2018-11-23 18:00:00,20,282.62,305,230,4e-6,76.1,1.9399999,0.83,0.00579,97163.55
2018-11-24 00:00:00,20,278.00998,265,187,0,98.5,1.81,0.55,0.0054699997,96994.31
2018-11-24 06:00:00,20,277,268,0,0,98.200005,1.3399999,0.96,0.00508,97026.92
2018-11-24 12:00:00,20,276.71,279,0,0,98.3,1.13,1.1899999,0.0049799997,96987.12
2018-11-24 18:00:00,20,283.66,292,250,2.1e-5,85.5,1.9499999,-0.19,0.00701,96614.98
2018-11-25 00:00:00,20,281.68,338,72,1.67e-4,99,1.52,-1.4,0.00714,96238.46
2018-11-25 06:00:00,20,283.50998,354,0,3.69e-4,99.1,1.77,-1.17,0.00816,95542.8
2018-11-25 12:00:00,20,283.58,359,0,1.88e-4,98.6,0.64,0.79999995,0.008169999,95299.82
2018-11-25 18:00:00,20,287.24,329,270,1.5e-5,75.3,-0.71999997,3.8899999,0.00798,95162.516
2018-11-26 00:00:00,20,279.19,298,136,2e-6,87.5,-0.66999996,2.37,0.00536,95310.1
2018-11-26 06:00:00,20,278.77,272,0,0,89.200005,-0.75,2.75,0.00531,95330.31
2018-11-26 12:00:00,20,278.97998,266,0,0,84.1,-3.47,3.54,0.00506,95631.89
2018-11-26 18:00:00,20,284.99,263,350,0,64.6,-3.04,2.53,0.0058299997,96087.02
2018-11-27 00:00:00,20,278.47,264,189,0,91,-1.26,1.91,0.00525,96450.19
2018-11-27 06:00:00,20,276.41,248,0,0,95.4,-1.18,1.76,0.00474,96670.02
2018-11-27 12:00:00,20,274.87,243,0,0,95.3,-0.76,1.3199999,0.0042399997,96783.46
2018-11-27 18:00:00,20,286.31,257,350,0,56.5,1.0699999,-0.38,0.00551,96739.06
2018-11-28 00:00:00,20,278.88,266,190,0,97.1,1.6999999,-0.34,0.00575,96705.98
2018-11-28 06:00:00,20,280.38,305,0,5e-6,94.5,2.56,0.01,0.00624,96126.81
2018-11-28 12:00:00,20,281.25,329,0,1.3e-5,94.700005,3.49,1.04,0.00666,95754.08
2018-11-28 18:00:00,20,287.63,343,180,2.5e-5,78,2.4199998,4.65,0.00844,95207.12
2018-11-29 00:00:00,20,279.28,296,120,0,83.3,-0.45,2.6799998,0.00514,95829.14
2018-11-29 06:00:00,20,275.86,249,0,0,80.700005,-0.29,2.48,0.0038899998,95966.02
2018-11-29 12:00:00,20,275.72,272,0,1e-6,79.6,0.78999996,2.28,0.0037999998,96097.96
2018-11-29 18:00:00,20,279.18,277,270,0,58.9,-1.6999999,4.33,0.00357,96308.09
2018-11-30 00:00:00,20,274.83,265,140,0,80.200005,-0.51,1.63,0.00357,96537.49
2018-11-30 06:00:00,20,272.47998,249,0,0,90,-0.69,1.41,0.0033699998,96696.22
2018-11-30 12:00:00,20,272.16998,229,0,0,87.200005,-0.74,1.23,0.0031899998,96880.46
2018-11-30 18:00:00,20,280.22,231,340,0,50,0.099999994,1.65,0.00324,96909.23
2018-12-01 00:00:00,20,272.38998,239,190,0,89.6,0.31,0.87,0.00333,96932
2018-12-01 06:00:00,20,271.94,229,0,0,88.1,-0.78,1.42,0.0031599998,97130.37
2018-12-01 12:00:00,20,271.57,225,0,0,83.9,-0.78,1.31,0.0029199999,97338.52
2018-12-01 18:00:00,20,282.02,252,270,0,46,1.37,0.77,0.00336,97174.734
2018-12-02 00:00:00,20,274.74,263,150,0,94.4,1.6899999,-0.03,0.00416,96959.266
2018-11-16 00:00:00,21,275.19998,9999e17,9999e17,9999e17,93.6,-1.2099999,0.98999995,0.0043099998,95789.31
2018-11-16 06:00:00,21,274.49,284,0,7e-6,91.700005,-2.5,5.39,0.00401,95825.69
2018-11-16 12:00:00,21,270.72998,223,0,0,87.200005,-2.29,3.56,0.00288,96143.18
2018-11-16 18:00:00,21,282.03,235,390,0,58.2,-0.93,3.86,0.00429,96193.484
2018-11-17 00:00:00,21,276.02,255,209,0,93.5,-1.04,1.9799999,0.00453,96438.73
2018-11-17 06:00:00,21,273.97998,243,0,0,95.8,-1.1,1.79,0.00401,96718.055
2018-11-17 12:00:00,21,272.47,231,0,0,96.5,-1.24,1.75,0.00361,96892.9
2018-11-17 18:00:00,21,285.34,245,390,0,54.3,0.72999996,0.35999998,0.0049699997,96923
2018-11-18 00:00:00,21,277.41998,262,206,0,95.6,1.8399999,0.61,0.0050999997,96926.79
2018-11-18 06:00:00,21,276.00998,254,0,0,96.700005,-0.07,1.68,0.00466,97001.83
2018-11-18 12:00:00,21,275.06,256,0,0,95.6,-1.3199999,0.75,0.0042999997,97086.86
2018-11-18 18:00:00,21,284.96,267,360,0,66.200005,1.29,-0.55,0.0058999998,97028.44
2018-11-19 00:00:00,21,278.63998,284,174,0,97.5,1.27,-0.88,0.00566,97008.77
2018-11-19 06:00:00,21,277.25,277,0,0,98.700005,0.78999996,1.12,0.0052,96910.04
2018-11-19 12:00:00,21,276.44998,261,0,0,97.4,-0.19,1.8499999,0.0048499997,96844.766
2018-11-19 18:00:00,21,285.04,289,310,3e-6,68.700005,-0.22,2.47,0.00618,96630.266
2018-11-20 00:00:00,21,280.19,335,62,4e-6,91.4,-0.89,1.3,0.00592,96707.914
2018-11-20 06:00:00,21,276.44998,256,0,0,97.200005,-0.82,1.67,0.0048499997,96631.75
2018-11-20 12:00:00,21,274.57,241,0,0,97.6,-0.93,1.64,0.00426,96619.68
2018-11-20 18:00:00,21,283.47,246,370,0,60.100002,0.87,1.9699999,0.00488,96411.79
2018-11-21 00:00:00,21,278.03,264,198,0,95,0.38,2.18,0.00532,96306.31
2018-11-21 06:00:00,21,276.38,247,0,0,92.200005,-0.32999998,2.6299999,0.00459,96400.555
2018-11-21 12:00:00,21,275.5,271,0,1e-6,76.6,-3.6399999,2.1599998,0.0035599999,96958.6
2018-11-21 18:00:00,21,278.94998,226,380,0,50.5,-1.8199999,0.02,0.00299,97289.055
2018-11-22 00:00:00,21,272.47,227,206,0,83,-0.34,-1.8299999,0.00308,97641.73
2018-11-22 06:00:00,21,269.06,263,0,1.8e-5,82,1.0699999,-2.04,0.00234,97943.77
2018-11-22 12:00:00,21,267.83,242,0,5e-6,75.8,1.27,-0.66999996,0.00196,97986.27
2018-11-22 18:00:00,21,276.94,222,360,0,51.5,2.4099998,0.31,0.00263,97679.99
2018-11-23 00:00:00,21,271.93,231,200,0,72,1.78,0.39999998,0.00257,97523.33
2018-11-23 06:00:00,21,271.07,227,0,0,79.200005,0.62,1.79,0.00266,97176.28
2018-11-23 12:00:00,21,272.1,231,0,0,87.9,-0.87,1.79,0.0031899998,96996.86
2018-11-23 18:00:00,21,285.87,251,360,0,46,0.82,0.84999996,0.0043699997,96592.82
2018-11-24 00:00:00,21,276.29,266,192,0,84.700005,1.23,1.79,0.00419,96398.516
2018-11-24 06:00:00,21,277.07,269,0,0,84.9,0.14999999,1.78,0.00445,96166.01
2018-11-24 12:00:00,21,278.47,294,0,0,82.1,-0.65,1.4699999,0.00476,95932.85
2018-11-24 18:00:00,21,287.38998,314,220,1e-6,61.8,-0.02,1.63,0.00655,95813.12
2018-11-25 00:00:00,21,280.27,289,180,0,92.4,-0.24,1.56,0.0060799997,95700.45
2018-11-25 06:00:00,21,279.13,272,0,0,96.6,-1.03,1.5699999,0.00586,95943.305
2018-11-25 12:00:00,21,278.44998,272,0,0,97.3,-1.02,1.35,0.00563,95911.89
2018-11-25 18:00:00,21,288.03,288,310,0,63.4,-0.45,0.9,0.0069899997,95991.375
2018-11-26 00:00:00,21,281.81,335,123,2e-6,89.6,0.47,0.16,0.00654,95929.25
2018-11-26 06:00:00,21,282.19,345,0,1.6e-5,93.8,1.01,1.04,0.00703,95808.69
2018-11-26 12:00:00,21,280.63,305,0,6.9e-5,95.1,-0.61,3.27,0.00641,95837.68
2018-11-26 18:00:00,21,281.94,290,250,1e-6,68,-5.0899997,4.93,0.005,96020.33
2018-11-27 00:00:00,21,278.85,275,154,0,86.1,-2.23,2.06,0.0050899996,96702.24
2018-11-27 06:00:00,21,275.66,248,0,0,86.9,-1.61,1.5999999,0.00409,97046.35
2018-11-27 12:00:00,21,272.61,229,0,0,91,-1.35,1.31,0.00342,97298.914
2018-11-27 18:00:00,21,281.82,228,360,0,48.5,-1.42,0.7,0.0034899998,97346.836
2018-11-28 00:00:00,21,273.9,242,194,0,89,-0.93,-0.26999998,0.00367,97510.12
2018-11-28 06:00:00,21,271.75998,231,0,0,93.4,-0.62,-0.79999995,0.00329,97701.93
2018-11-28 12:00:00,21,271.16,227,0,0,95.1,0.45999998,-0.39999998,0.0032,97733.66
2018-11-28 18:00:00,21,282.25,238,340,0,51.3,1.0699999,-0.87,0.00378,97763.9
2018-11-29 00:00:00,21,273.77,247,186,0,92.6,0.96999997,-1.1899999,0.00378,97586.4
2018-11-29 06:00:00,21,272.9,243,0,0,89,1.38,0.74,0.00342,97644.375
2018-11-29 12:00:00,21,272.63,260,0,1e-6,91,1.35,-0.08,0.00342,97479.12
2018-11-29 18:00:00,21,280.04,260,270,0,58.5,2.37,-0.099999994,0.0037399998,97155.6
2018-11-30 00:00:00,21,276.1,286,142,1e-6,89.9,1.77,0.47,0.0043699997,97004.02
2018-11-30 06:00:00,21,277.87,328,0,2.38e-4,98.3,1.8,1.39,0.00544,96544.625
2018-11-30 12:00:00,21,279.65,339,0,3.91e-4,99.1,1.3399999,0.53,0.00623,96227.45
2018-11-30 18:00:00,21,285.36,355,70,2.45e-4,97.700005,2.6,-0.08,0.00906,95752.45
2018-12-01 00:00:00,21,285.37,368,34,2.05e-4,99,0.85999995,1.6899999,0.009219999,95441.15
2018-12-01 06:00:00,21,280.4,312,0,7e-6,91.5,-1.8199999,2.6799998,0.0061,95662.4
2018-12-01 12:00:00,21,273.88,236,0,0,89,-1.5799999,1.91,0.00373,95853.68
2018-12-01 18:00:00,21,281.04,235,340,0,57.7,-1.3199999,2.97,0.00398,96350.53
2018-12-02 00:00:00,21,276.31,248,186,0,80.6,-0.77,2.59,0.0039999997,96384.94
